customerID,Contract,InternetService,PaymentMethod,tenure,tenure_band,MonthlyCharges,TotalCharges,addon_count,churned,churn_probability,decile
7590-VHVEG,Month-to-month,DSL,Electronic check,1,0-6m,29.85,29.85,1,0,0.5847794746052314,2
5575-GNVDE,One year,DSL,Mailed check,34,24-48m,56.95,1889.5,2,0,0.046356163008591786,8
3668-QPYBK,Month-to-month,DSL,Mailed check,2,0-6m,53.85,108.15,2,1,0.29297182242815434,4
7795-CFOCW,One year,DSL,Bank transfer (automatic),45,24-48m,42.3,1840.75,3,0,0.03657680149744103,8
9237-HQITU,Month-to-month,Fiber optic,Electronic check,2,0-6m,70.7,151.65,0,1,0.6979725514735585,1
9305-CDSKC,Month-to-month,Fiber optic,Electronic check,8,6-12m,99.65,820.5,3,1,0.8146827027535273,1
1452-KIOVK,Month-to-month,Fiber optic,Credit card (automatic),22,12-24m,89.1,1949.4,2,0,0.5394516826099025,2
6713-OKOMC,Month-to-month,DSL,Mailed check,10,6-12m,29.75,301.9,1,0,0.2792718408929292,4
7892-POOKP,Month-to-month,Fiber optic,Electronic check,28,24-48m,104.8,3046.05,4,1,0.5920007084458839,2
6388-TABGU,One year,DSL,Bank transfer (automatic),62,48-72m,56.15,3487.95,2,0,0.015495677142487582,9
9763-GRSKD,Month-to-month,DSL,Mailed check,13,12-24m,49.95,587.45,1,0,0.19572797202148653,5
7469-LKBCI,Two year,No,Credit card (automatic),16,12-24m,18.95,326.8,0,0,0.03358240320854918,8
8091-TTVAX,One year,Fiber optic,Credit card (automatic),58,48-72m,100.35,5681.1,3,0,0.1466111016042692,6
0280-XJGEX,Month-to-month,Fiber optic,Bank transfer (automatic),49,48-72m,103.7,5036.3,4,1,0.40182634489341057,3
5129-JLPIS,Month-to-month,Fiber optic,Electronic check,25,24-48m,105.5,2686.05,5,0,0.46960928552033654,3
3655-SNQYZ,Two year,Fiber optic,Credit card (automatic),69,48-72m,113.25,7895.15,6,0,0.025968097055668438,9
8191-XWSZG,One year,No,Mailed check,52,48-72m,20.65,1022.95,0,0,0.01713839441497361,9
9959-WOFKT,Two year,Fiber optic,Bank transfer (automatic),71,48-72m,106.7,7382.25,4,0,0.03627215048599147,8
4190-MFLUW,Month-to-month,DSL,Credit card (automatic),10,6-12m,55.2,528.35,2,1,0.1607565478815574,6
4183-MYFRB,Month-to-month,Fiber optic,Electronic check,21,12-24m,90.05,1862.9,3,0,0.5858381117807523,2
8779-QRDMV,Month-to-month,DSL,Electronic check,1,0-6m,39.65,39.65,2,1,0.7197750029424176,1
1680-VDCWW,One year,No,Bank transfer (automatic),12,12-24m,19.8,202.25,0,0,0.059900696097810444,8
1066-JKSGK,Month-to-month,No,Mailed check,1,0-6m,20.15,20.15,0,1,0.16619527181814417,6
3638-WEABW,Two year,DSL,Credit card (automatic),58,48-72m,59.9,3505.1,2,0,0.021029583630339528,9
6322-HRPFA,Month-to-month,DSL,Credit card (automatic),49,48-72m,59.6,2970.3,3,0,0.03299200329274872,8
6865-JZNKO,Month-to-month,DSL,Bank transfer (automatic),30,24-48m,55.3,1530.6,2,0,0.13544562701848953,6
6467-CHFZW,Month-to-month,Fiber optic,Electronic check,47,24-48m,99.35,4749.15,3,1,0.4728513588182159,3
8665-UTDHZ,Month-to-month,DSL,Electronic check,1,0-6m,30.2,30.2,1,1,0.4604643557157483,3
5248-YGIJN,Two year,DSL,Credit card (automatic),72,72m+,90.25,6369.45,6,0,0.015465294537903974,9
8773-HHUOZ,Month-to-month,DSL,Mailed check,17,12-24m,64.7,1093.1,2,1,0.3664047482249029,4
3841-NFECX,Two year,Fiber optic,Credit card (automatic),71,48-72m,96.35,6766.95,4,0,0.0262759700292696,9
4929-XIHVW,Month-to-month,Fiber optic,Credit card (automatic),2,0-6m,95.5,181.65,3,0,0.7504978996485144,1
6827-IEAUQ,One year,DSL,Mailed check,27,24-48m,66.15,1874.45,4,0,0.03126452008650973,9
7310-EGVHZ,Month-to-month,No,Bank transfer (automatic),1,0-6m,20.2,20.2,0,0,0.16665395028599564,6
3413-BMNZE,Month-to-month,DSL,Bank transfer (automatic),1,0-6m,45.25,45.25,0,0,0.36455089288549064,4
6234-RAAPL,Two year,Fiber optic,Bank transfer (automatic),72,72m+,99.9,7251.7,4,0,0.017870739901784605,9
6047-YHPVI,Month-to-month,Fiber optic,Electronic check,5,0-6m,69.7,316.9,0,1,0.68155180439251,1
6572-ADKRS,Month-to-month,Fiber optic,Credit card (automatic),46,24-48m,74.8,3548.3,1,0,0.25774632887764526,5
5380-WJKOV,Month-to-month,Fiber optic,Electronic check,34,24-48m,106.35,3549.25,4,1,0.6174571524565465,2
8168-UQWWF,Month-to-month,Fiber optic,Bank transfer (automatic),11,6-12m,97.85,1105.4,3,1,0.7285527234595124,1
8865-TNMNX,One year,DSL,Mailed check,10,6-12m,49.55,475.7,1,0,0.11123735532030392,7
9489-DEDVP,Two year,DSL,Credit card (automatic),70,48-72m,69.2,4872.35,3,0,0.01680379276164316,9
9867-JCZSP,One year,No,Mailed check,17,12-24m,20.75,418.25,0,0,0.043293526691787834,8
4671-VJLCL,Two year,DSL,Credit card (automatic),63,48-72m,79.85,4861.45,5,0,0.017848618566682767,9
4080-IIARD,Month-to-month,DSL,Electronic check,13,12-24m,76.2,981.45,4,0,0.3321450997653367,4
3714-NTNFO,Month-to-month,Fiber optic,Electronic check,49,48-72m,84.5,3906.7,1,0,0.45399678010441996,3
5948-UJZLF,Month-to-month,DSL,Mailed check,2,0-6m,49.25,97.0,1,0,0.2948524576318058,4
7760-OYPDY,Month-to-month,Fiber optic,Electronic check,2,0-6m,80.65,144.15,1,1,0.759760276182871,1
7639-LIAYI,Two year,DSL,Credit card (automatic),52,48-72m,79.75,4217.8,4,0,0.0361120358916421,8
2954-PIBKO,Two year,DSL,Credit card (automatic),69,48-72m,64.15,4254.1,3,0,0.00955811565545903,10
8012-SOUDQ,Month-to-month,Fiber optic,Electronic check,43,24-48m,90.25,3838.75,2,0,0.5498580859587576,2
9420-LOJKX,Month-to-month,Fiber optic,Credit card (automatic),15,12-24m,99.1,1426.4,4,1,0.532182078512396,3
6575-SUVOI,Month-to-month,DSL,Credit card (automatic),25,24-48m,69.5,1752.65,3,0,0.23641020303944807,5
7495-OOKFY,Month-to-month,Fiber optic,Credit card (automatic),8,6-12m,80.65,633.3,1,1,0.6380350601567092,2
4667-QONEA,One year,DSL,Credit card (automatic),60,48-72m,74.85,4456.35,5,0,0.024568212095217395,9
1658-BYGOY,Month-to-month,Fiber optic,Electronic check,18,12-24m,95.45,1752.55,2,1,0.7964517751756109,1
8769-KKTPH,One year,Fiber optic,Credit card (automatic),63,48-72m,99.65,6311.2,3,0,0.11356375576184331,7
5067-XJQFU,One year,Fiber optic,Electronic check,66,48-72m,108.45,7076.35,5,0,0.1682367133343966,6
3957-SQXML,Two year,No,Credit card (automatic),34,24-48m,24.95,894.3,0,0,0.01940513414786782,9
5954-BDFSG,Two year,Fiber optic,Credit card (automatic),72,72m+,107.5,7853.7,4,0,0.05678226182696079,8
0434-CSFON,Month-to-month,Fiber optic,Electronic check,47,24-48m,100.5,4707.1,3,0,0.5182163688264851,3
1215-FIGMP,Month-to-month,Fiber optic,Bank transfer (automatic),60,48-72m,89.9,5450.7,2,0,0.2658632563794466,5
0526-SXDJP,Two year,DSL,Bank transfer (automatic),72,72m+,42.1,2962.0,3,0,0.010265044167425835,10
0557-ASKVU,One year,DSL,Credit card (automatic),18,12-24m,54.4,957.1,2,0,0.09408646231452289,7
5698-BQJOH,Month-to-month,Fiber optic,Electronic check,9,6-12m,94.4,857.25,2,1,0.7558871577614101,1
5122-CYFXA,Month-to-month,DSL,Electronic check,3,0-6m,75.3,244.1,4,0,0.5132423626238037,3
8627-ZYGSZ,One year,Fiber optic,Electronic check,47,24-48m,78.9,3650.35,1,0,0.229008877954719,5
3410-YOQBQ,Two year,DSL,Mailed check,31,24-48m,79.2,2497.2,5,0,0.04879343776572104,8
3170-NMYVV,Two year,No,Bank transfer (automatic),50,48-72m,20.15,930.9,0,0,0.008354662492144524,10
7410-OIEDU,Month-to-month,Fiber optic,Mailed check,10,6-12m,79.85,887.35,2,0,0.4404602529253743,3
2273-QCKXA,Month-to-month,DSL,Mailed check,1,0-6m,49.05,49.05,1,0,0.24894021563099536,5
0731-EBJQB,One year,No,Electronic check,52,48-72m,20.4,1090.65,0,0,0.029941089031933477,9
1891-QRQSA,Two year,Fiber optic,Bank transfer (automatic),64,48-72m,111.6,7099.0,5,0,0.0515861790598564,8
8028-PNXHQ,Two year,No,Bank transfer (automatic),62,48-72m,24.25,1424.6,0,0,0.010726710489485692,10
5630-AHZIL,Month-to-month,DSL,Bank transfer (automatic),3,0-6m,64.5,177.4,3,0,0.24949065606939416,5
2673-CXQEU,One year,Fiber optic,Electronic check,56,48-72m,110.5,6139.5,5,0,0.1909950018212614,5
6416-JNVRK,One year,DSL,Credit card (automatic),46,24-48m,55.65,2688.85,1,0,0.06067048477752985,8
5590-ZSKRV,Month-to-month,DSL,Mailed check,8,6-12m,54.65,482.25,2,0,0.15846068812557748,6
0191-ZHSKZ,Month-to-month,DSL,Electronic check,30,24-48m,74.75,2111.3,4,0,0.3466625558323095,4
3887-PBQAO,One year,No,Credit card (automatic),45,24-48m,25.9,1216.6,0,0,0.032926797073158647,8
5919-TMRGD,Month-to-month,Fiber optic,Electronic check,1,0-6m,79.35,79.35,1,1,0.744594498137678,1
8108-UXRQN,Month-to-month,DSL,Electronic check,11,6-12m,50.55,565.35,3,0,0.44330600514266466,3
9191-MYQKX,Month-to-month,Fiber optic,Bank transfer (automatic),7,6-12m,75.15,496.9,1,1,0.537064656875203,2
9919-YLNNG,Month-to-month,Fiber optic,Bank transfer (automatic),42,24-48m,103.8,4327.5,5,0,0.307900175973486,4
0318-ZOPWS,Two year,No,Bank transfer (automatic),49,48-72m,20.15,973.35,0,0,0.014057148762793313,10
4445-ZJNMU,Month-to-month,Fiber optic,Credit card (automatic),9,6-12m,99.3,918.75,3,0,0.7269055306515839,1
4808-YNLEU,One year,DSL,Bank transfer (automatic),35,24-48m,62.15,2215.45,2,0,0.07933431446793862,7
1862-QRWPE,Two year,No,Bank transfer (automatic),48,48-72m,20.65,1057.0,0,0,0.008824602237155754,10
2796-NNUFI,Two year,No,Mailed check,46,24-48m,19.95,927.1,0,0,0.0134441337631523,10
3016-KSVCP,Month-to-month,DSL,Mailed check,29,24-48m,33.75,1009.25,1,0,0.2766697107081889,4
4767-HZZHQ,Month-to-month,Fiber optic,Bank transfer (automatic),30,24-48m,82.05,2570.2,2,0,0.22274153968587165,5
2424-WVHPL,Month-to-month,Fiber optic,Electronic check,1,0-6m,74.7,74.7,1,0,0.6008299236167686,2
7233-PAHHL,Two year,DSL,Mailed check,66,48-72m,84.0,5714.25,5,0,0.0178311063629954,9
6067-NGCEU,Month-to-month,Fiber optic,Credit card (automatic),65,48-72m,111.05,7107.0,5,0,0.20827937100877209,5
9848-JQJTX,Two year,Fiber optic,Bank transfer (automatic),72,72m+,100.9,7459.05,4,0,0.08301907009111302,7
8637-XJIVR,Month-to-month,Fiber optic,Electronic check,12,12-24m,78.95,927.35,1,1,0.6147124993388634,2
9803-FTJCG,One year,DSL,Credit card (automatic),71,48-72m,66.85,4748.7,3,0,0.014111541106215859,10
0278-YXOOG,Month-to-month,No,Mailed check,5,0-6m,21.05,113.85,0,1,0.14564304116753732,6
3212-KXOCR,Two year,No,Bank transfer (automatic),52,48-72m,21.0,1107.2,0,0,0.009538293610536009,10
4598-XLKNJ,Month-to-month,Fiber optic,Electronic check,25,24-48m,98.5,2514.5,4,1,0.6689347426170038,1
6380-ARCEH,Month-to-month,No,Mailed check,1,0-6m,20.2,20.2,0,0,0.16602774090742256,6
3679-XASPY,Month-to-month,No,Electronic check,1,0-6m,19.45,19.45,0,0,0.2015088054179025,5
7123-WQUHX,One year,Fiber optic,Bank transfer (automatic),38,24-48m,95.0,3605.6,3,0,0.16437063085285888,6
5386-THSLQ,One year,DSL,Bank transfer (automatic),66,48-72m,45.55,3027.25,3,0,0.05488241979867942,8
3192-NQECA,Two year,Fiber optic,Bank transfer (automatic),68,48-72m,110.0,7611.85,5,1,0.05740298748370303,8
6180-YBIQI,Month-to-month,DSL,Mailed check,5,0-6m,24.3,100.2,0,0,0.40028904957611045,3
6728-DKUCO,One year,Fiber optic,Electronic check,72,72m+,104.15,7303.05,4,0,0.11732792546494296,6
9750-BOOHV,One year,DSL,Mailed check,32,24-48m,30.15,927.65,1,0,0.08269878125332275,7
8597-CWYHH,One year,Fiber optic,Mailed check,43,24-48m,94.35,3921.3,2,0,0.23842818055262444,5
2848-YXSMW,Two year,No,Credit card (automatic),72,72m+,19.4,1363.25,0,0,0.004167743333373705,10
0486-HECZI,Month-to-month,Fiber optic,Electronic check,55,48-72m,96.75,5238.9,3,1,0.289880415754863,4
4549-ZDQYY,One year,DSL,Credit card (automatic),52,48-72m,57.95,3042.25,3,0,0.02057792040724986,9
5712-AHQNN,Month-to-month,Fiber optic,Electronic check,43,24-48m,91.65,3954.1,3,0,0.4106092127126072,3
4846-WHAFZ,Month-to-month,Fiber optic,Electronic check,37,24-48m,76.5,2868.15,0,1,0.5175456215609864,3
5256-SKJGO,Two year,DSL,Electronic check,64,48-72m,54.6,3423.5,4,0,0.046606581681146814,8
3071-VBYPO,Month-to-month,Fiber optic,Electronic check,3,0-6m,89.85,248.4,3,0,0.5296718698316764,3
9560-BBZXK,Two year,DSL,Bank transfer (automatic),36,24-48m,31.05,1126.35,1,0,0.04117690709001265,8
5299-RULOA,Month-to-month,Fiber optic,Electronic check,10,6-12m,100.25,1064.65,3,1,0.6975746448911275,1
8402-OOOHJ,Two year,No,Mailed check,41,24-48m,20.65,835.15,0,0,0.01380533266311353,10
9445-ZUEQE,Month-to-month,Fiber optic,Credit card (automatic),27,24-48m,85.2,2151.6,2,0,0.31407567643577705,4
1091-SOZGA,One year,Fiber optic,Credit card (automatic),56,48-72m,99.8,5515.45,3,0,0.18522454566612861,5
2928-HLDBA,Month-to-month,No,Mailed check,6,6-12m,20.7,112.75,0,0,0.14253773777514944,6
0404-SWRVG,Month-to-month,Fiber optic,Electronic check,3,0-6m,74.4,229.55,0,1,0.754691938037132,1
6497-TILVL,Month-to-month,DSL,Mailed check,7,6-12m,50.7,350.35,1,0,0.17144242417959998,6
7219-TLZHO,Month-to-month,No,Mailed check,4,0-6m,20.85,62.9,0,0,0.12430838950197805,6
4622-YNKIJ,Two year,Fiber optic,Electronic check,33,24-48m,88.95,3027.65,3,0,0.1335266402172748,6
4412-YLTKF,Month-to-month,Fiber optic,Electronic check,27,24-48m,78.05,2135.5,1,1,0.6323015142192304,2
6734-PSBAW,Two year,No,Bank transfer (automatic),72,72m+,23.55,1723.95,0,0,0.009037514210069902,10
3930-ZGWVE,Month-to-month,No,Mailed check,1,0-6m,19.75,19.75,0,0,0.1675403942751864,6
2639-UGMAZ,One year,DSL,Electronic check,71,48-72m,56.45,3985.35,4,0,0.09289070367205286,7
2876-GZYZC,Month-to-month,Fiber optic,Electronic check,13,12-24m,85.95,1215.65,1,0,0.7294140750845893,1
6207-WIOLX,Month-to-month,DSL,Credit card (automatic),25,24-48m,58.6,1502.65,5,1,0.30397762681247215,4
8587-XYZSF,Two year,DSL,Bank transfer (automatic),67,48-72m,50.55,3260.1,1,0,0.009426977647355759,10
3091-FYHKI,Month-to-month,DSL,Electronic check,1,0-6m,35.45,35.45,1,1,0.674988347736895,1
2372-HWUHI,Month-to-month,DSL,Electronic check,2,0-6m,44.35,81.25,0,1,0.4139265612840099,3
7799-LGRDP,Two year,No,Credit card (automatic),43,24-48m,25.7,1188.2,0,0,0.024696806694109865,9
7850-VWJUU,Month-to-month,Fiber optic,Bank transfer (automatic),23,12-24m,75.0,1778.5,1,0,0.3423783610853598,4
3774-VBNXY,Two year,No,Mailed check,64,48-72m,20.2,1277.75,0,0,0.005202930268920806,10
6217-KDYWC,Two year,No,Mailed check,57,48-72m,19.6,1170.55,0,0,0.010128253172524842,10
0390-DCFDQ,Month-to-month,Fiber optic,Mailed check,1,0-6m,70.45,70.45,0,1,0.6406029899968505,2
3146-MSEGF,Two year,DSL,Credit card (automatic),72,72m+,88.05,6425.65,6,0,0.017454115123898183,9
4080-OGPJL,Month-to-month,DSL,Electronic check,8,6-12m,71.15,563.65,3,1,0.3133309029012335,4
1095-WGNGG,Two year,Fiber optic,Bank transfer (automatic),61,48-72m,101.05,5971.25,3,0,0.09899328939782792,7
2636-SJDOU,One year,Fiber optic,Credit card (automatic),64,48-72m,84.3,5289.05,2,0,0.07594038265879835,7
1131-QQZEB,Two year,No,Bank transfer (automatic),71,48-72m,23.95,1756.2,0,0,0.008138072523420034,10
5716-EZXZN,Two year,Fiber optic,Credit card (automatic),65,48-72m,99.05,6416.7,4,0,0.03285966216377732,9
6837-BJYDQ,One year,No,Mailed check,3,0-6m,19.6,61.35,0,0,0.08509216587798198,7
2135-RXIHG,Month-to-month,DSL,Electronic check,1,0-6m,45.65,45.65,0,1,0.5001015176596135,3
6440-DKQGE,One year,DSL,Credit card (automatic),30,24-48m,64.5,1929.95,3,0,0.08639459616348605,7
3466-BYAVD,Month-to-month,DSL,Mailed check,15,12-24m,69.5,1071.4,4,0,0.20930746074257706,5
3780-YVMFA,Month-to-month,DSL,Electronic check,8,6-12m,68.55,564.35,3,0,0.44808267351776904,3
3874-EQOEP,Month-to-month,Fiber optic,Mailed check,7,6-12m,95.0,655.5,2,1,0.6775391703927784,1
1679-JRFBR,One year,Fiber optic,Credit card (automatic),70,48-72m,108.15,7930.55,5,0,0.08602091786617065,7
9073-ZZIAY,Two year,DSL,Electronic check,62,48-72m,86.1,5215.25,6,0,0.014704158451321604,10
3077-RSNTJ,Month-to-month,No,Mailed check,6,6-12m,19.7,113.5,0,0,0.12007464969549539,6
6551-GNYDG,Month-to-month,Fiber optic,Bank transfer (automatic),14,12-24m,80.9,1152.8,1,0,0.5033251565053835,3
9167-APMXZ,Month-to-month,Fiber optic,Bank transfer (automatic),22,12-24m,84.15,1821.95,1,0,0.590738963886594,2
2749-CTKAJ,One year,No,Mailed check,22,12-24m,20.15,419.9,0,0,0.037355257570969067,8
6371-NZYEG,Two year,DSL,Mailed check,16,12-24m,64.25,1024.0,3,0,0.05458822797769837,8
7554-NEWDD,Two year,No,Bank transfer (automatic),10,6-12m,25.7,251.6,0,0,0.05049199856016483,8
8992-VONJD,Month-to-month,DSL,Electronic check,13,12-24m,56.0,764.55,2,0,0.267171044299945,5
0867-MKZVY,Month-to-month,Fiber optic,Electronic check,20,12-24m,82.4,1592.35,1,1,0.4239717025637247,3
4482-EWFMI,Month-to-month,Fiber optic,Electronic check,2,0-6m,69.7,135.2,0,0,0.7030472026792423,1
4648-YPBTM,Two year,DSL,Bank transfer (automatic),53,48-72m,73.9,3958.25,4,0,0.0330291900464511,8
2907-ILJBN,One year,No,Mailed check,11,6-12m,20.6,233.9,0,0,0.05265069772222177,8
6345-FZOQH,Two year,No,Mailed check,69,48-72m,19.9,1363.45,0,0,0.00512839694810914,10
3376-BMGFE,Month-to-month,Fiber optic,Bank transfer (automatic),4,0-6m,70.9,273.0,0,1,0.5816359873950917,2
5997-OPVFA,Two year,DSL,Bank transfer (automatic),72,72m+,89.05,6254.45,6,0,0.015566292744679487,9
3445-HXXGF,Month-to-month,DSL,Electronic check,58,48-72m,45.3,2651.2,3,1,0.24024845683016782,5
1159-WFSGR,Month-to-month,No,Electronic check,16,12-24m,20.4,321.4,0,0,0.12959298171247463,6
7654-YWJUF,One year,Fiber optic,Bank transfer (automatic),43,24-48m,84.25,3539.25,3,0,0.07793162034729935,7
1875-QIVME,Month-to-month,Fiber optic,Electronic check,2,0-6m,104.4,242.8,4,1,0.778460497041575,1
6727-IOTLZ,Two year,DSL,Mailed check,14,12-24m,81.95,1181.75,5,0,0.07311860759601975,7
0691-JVSYA,One year,Fiber optic,Bank transfer (automatic),53,48-72m,94.85,5000.2,3,1,0.17568027074872816,6
5918-VUKWP,One year,No,Bank transfer (automatic),32,24-48m,20.55,654.55,0,0,0.033269141787222865,8
1744-JHKYS,Month-to-month,No,Electronic check,34,24-48m,24.7,780.2,0,0,0.11320065814218523,7
2656-FMOKZ,Month-to-month,Fiber optic,Mailed check,15,12-24m,74.45,1145.7,0,1,0.6211731628945604,2
2070-FNEXE,Month-to-month,Fiber optic,Bank transfer (automatic),7,6-12m,76.45,503.6,1,1,0.4306602609744393,3
5947-SGKCL,Month-to-month,Fiber optic,Bank transfer (automatic),15,12-24m,105.35,1559.25,4,0,0.6188461208388215,2
3712-PKXZA,One year,No,Credit card (automatic),61,48-72m,20.55,1252.0,0,0,0.01709506581175176,9
6317-YPKDH,Month-to-month,DSL,Bank transfer (automatic),1,0-6m,29.95,29.95,1,1,0.4092847297215563,3
6582-OIVSP,Month-to-month,DSL,Mailed check,1,0-6m,45.3,45.3,0,0,0.3148277463115165,4
9367-WXLCH,Month-to-month,Fiber optic,Bank transfer (automatic),8,6-12m,84.5,662.65,1,1,0.6017963324579912,2
5524-KHNJP,One year,DSL,Credit card (automatic),33,24-48m,74.75,2453.3,4,0,0.0706084660065176,7
1918-ZBFQJ,Month-to-month,Fiber optic,Electronic check,13,12-24m,79.25,1111.65,2,1,0.597123891608589,2
1024-GUALD,Month-to-month,DSL,Electronic check,1,0-6m,24.8,24.8,0,1,0.6057958509316653,2
4827-USJHP,Month-to-month,DSL,Mailed check,20,12-24m,51.8,1023.85,1,0,0.23267246238989686,5
8167-GJLRN,Month-to-month,DSL,Electronic check,3,0-6m,30.4,82.15,1,0,0.4304817602953315,3
0956-SYCWG,One year,No,Electronic check,13,12-24m,19.65,244.8,0,0,0.09345129229240022,7
8017-UVSZU,Month-to-month,DSL,Credit card (automatic),40,24-48m,56.6,2379.1,1,0,0.1226967522964093,6
7100-FQPRV,One year,DSL,Credit card (automatic),43,24-48m,71.9,3173.35,3,0,0.04843813873692271,8
2472-OVKUP,Month-to-month,Fiber optic,Electronic check,6,6-12m,91.0,531.0,3,1,0.679924993633337,1
2984-RGEYA,Two year,No,Bank transfer (automatic),69,48-72m,19.75,1375.4,0,0,0.004468844172576724,10
9680-NIAUV,Two year,Fiber optic,Credit card (automatic),72,72m+,109.7,8129.3,5,0,0.0321792947230278,9
2146-EGVDT,Two year,No,Credit card (automatic),59,48-72m,19.3,1192.7,0,0,0.006455248837280172,10
2604-IJPDU,Month-to-month,Fiber optic,Electronic check,20,12-24m,96.55,1901.65,4,0,0.411271851969662,3
9178-JHUVJ,Two year,No,Bank transfer (automatic),24,24-48m,24.1,587.4,0,0,0.03761352416770277,8
6168-YBYNP,Month-to-month,Fiber optic,Electronic check,59,48-72m,111.35,6519.75,5,0,0.3275585375566962,4
7255-SSFBC,Two year,Fiber optic,Bank transfer (automatic),72,72m+,112.25,8041.65,5,0,0.04172547829268776,8
3645-DEYGF,Month-to-month,No,Mailed check,1,0-6m,20.75,20.75,0,0,0.14506799686695204,6
9323-HGFWY,One year,Fiber optic,Credit card (automatic),27,24-48m,101.9,2681.15,4,0,0.19833446777020655,5
8544-GOQSH,Month-to-month,Fiber optic,Credit card (automatic),14,12-24m,80.05,1112.3,2,0,0.39965646474463856,3
3363-DTIVD,Two year,Fiber optic,Electronic check,71,48-72m,105.55,7405.5,4,0,0.05260154237515939,8
7018-WBJNK,Month-to-month,Fiber optic,Credit card (automatic),13,12-24m,78.3,1033.95,1,0,0.5690577901199543,2
9142-KZXOP,Month-to-month,Fiber optic,Credit card (automatic),44,24-48m,68.85,2958.95,0,0,0.21579996547576058,5
7674-YTAFD,One year,Fiber optic,Bank transfer (automatic),33,24-48m,79.95,2684.85,2,0,0.14499187620471074,6
6348-SNFUS,Two year,DSL,Credit card (automatic),72,72m+,55.45,4179.2,5,0,0.011868509321535358,10
1285-OKIPP,Month-to-month,Fiber optic,Electronic check,1,0-6m,79.9,79.9,1,1,0.6870811003322361,1
7825-ECJRF,Month-to-month,Fiber optic,Electronic check,19,12-24m,106.6,1934.45,5,1,0.5133858061565045,3
1347-KTTTA,One year,Fiber optic,Credit card (automatic),64,48-72m,102.45,6654.1,5,0,0.09292473000527936,7
7841-TZDMQ,Month-to-month,DSL,Credit card (automatic),2,0-6m,46.0,84.5,0,1,0.38809417693060677,4
4195-NZGTA,Month-to-month,DSL,Electronic check,1,0-6m,25.25,25.25,0,0,0.5369074526937838,3
7157-SMCFK,Two year,No,Mailed check,61,48-72m,19.75,1124.2,0,0,0.006265438741412174,10
4709-LKHYG,One year,No,Electronic check,29,24-48m,20.0,540.05,0,0,0.04562718744391176,8
2504-DSHIH,Month-to-month,Fiber optic,Electronic check,23,12-24m,86.8,1975.85,1,0,0.6058377392937713,2
0699-NDKJM,Month-to-month,DSL,Bank transfer (automatic),57,48-72m,58.75,3437.45,5,0,0.14372660947167032,6
9286-BHDQG,Two year,DSL,Credit card (automatic),72,72m+,45.25,3139.8,4,0,0.00666060061346715,10
0230-WEQUW,Two year,DSL,Bank transfer (automatic),66,48-72m,56.6,3789.2,5,0,0.017071446574150544,9
2040-LDIWQ,Two year,DSL,Bank transfer (automatic),65,48-72m,84.2,5324.5,5,0,0.024201665231284333,9
6496-JDSSB,Month-to-month,Fiber optic,Bank transfer (automatic),8,6-12m,80.0,624.6,1,0,0.6292901638459888,2
9408-SSNVZ,Month-to-month,Fiber optic,Electronic check,4,0-6m,70.15,268.35,0,1,0.6864713070146476,1
4443-EMBNA,Two year,No,Bank transfer (automatic),71,48-72m,24.75,1836.9,0,0,0.006440835929483874,10
6469-MRVET,One year,No,Electronic check,1,0-6m,20.2,20.2,0,0,0.14712446626998188,6
0742-MOABM,Month-to-month,DSL,Mailed check,4,0-6m,50.05,179.35,1,1,0.21341340107490325,5
5961-VUSRV,One year,No,Bank transfer (automatic),12,12-24m,19.35,219.35,0,0,0.08936782234863291,7
6778-JFCMK,One year,DSL,Mailed check,24,24-48m,50.6,1288.75,3,0,0.22310211977251834,5
6341-JVQGF,One year,DSL,Mailed check,31,24-48m,81.15,2545.75,5,0,0.070319957936075,7
2232-DMLXU,Month-to-month,DSL,Mailed check,1,0-6m,55.2,55.2,1,1,0.36869875824543685,4
4811-JBUVU,Month-to-month,Fiber optic,Credit card (automatic),30,24-48m,89.9,2723.15,2,0,0.4193549041709318,3
0945-TSONX,Two year,DSL,Credit card (automatic),47,24-48m,85.3,4107.25,5,0,0.031158806043597696,9
2651-ZCBXV,Two year,Fiber optic,Credit card (automatic),54,48-72m,108.0,5760.65,5,0,0.07424503475607179,7
3316-UWXUY,Month-to-month,Fiber optic,Credit card (automatic),50,48-72m,93.5,4747.5,4,0,0.15400178657508184,6
8937-RDTHP,Month-to-month,Fiber optic,Mailed check,1,0-6m,84.6,84.6,2,1,0.5828472243782062,2
7083-MIOPC,Two year,No,Credit card (automatic),72,72m+,20.25,1566.9,0,0,0.005090768571359194,10
1984-GPTEH,Month-to-month,No,Electronic check,29,24-48m,25.15,702.0,0,0,0.13871078242147125,6
1251-KRREG,Month-to-month,DSL,Mailed check,2,0-6m,54.4,114.1,1,1,0.4399746921123769,3
0621-JFHOL,Two year,DSL,Mailed check,10,6-12m,29.6,299.05,1,0,0.131395785792872,6
9903-LYSAB,Month-to-month,Fiber optic,Electronic check,18,12-24m,73.15,1305.95,0,0,0.6397472344566734,2
0094-OIFMO,Month-to-month,Fiber optic,Electronic check,11,6-12m,95.0,1120.3,3,1,0.7749190586169462,1
9227-UAQFT,Two year,No,Mailed check,16,12-24m,19.75,284.35,0,0,0.032112343532327475,9
7301-ABVAD,Two year,DSL,Bank transfer (automatic),72,72m+,86.6,6350.5,5,0,0.01606635677829702,9
6614-FHDBO,Two year,Fiber optic,Bank transfer (automatic),72,72m+,109.2,7878.3,5,0,0.03974685904276378,8
7576-ASEJU,One year,DSL,Credit card (automatic),41,24-48m,74.7,3187.65,4,0,0.05555896921160768,8
9058-HRZSV,Month-to-month,Fiber optic,Electronic check,65,48-72m,94.4,6126.15,4,0,0.1561180005373055,6
4522-AKYLR,Month-to-month,DSL,Electronic check,13,12-24m,54.8,731.3,2,0,0.43151657546138017,3
0221-WMXNQ,Month-to-month,Fiber optic,Electronic check,4,0-6m,75.35,273.4,1,0,0.5706313126729322,2
0303-UNCIP,One year,DSL,Mailed check,41,24-48m,65.0,2531.8,2,0,0.08968836465420775,7
9947-OTFQU,Month-to-month,Fiber optic,Electronic check,15,12-24m,74.4,1074.3,1,1,0.636897084230419,2
0322-YINQP,Month-to-month,DSL,Mailed check,1,0-6m,48.55,48.55,1,1,0.3199391127185494,4
0959-WHOKV,One year,Fiber optic,Electronic check,42,24-48m,99.0,4298.45,4,0,0.2461941535602372,5
4075-JFPGR,One year,Fiber optic,Electronic check,51,48-72m,93.5,4619.55,4,0,0.15414461321499406,6
4629-NRXKX,Month-to-month,Fiber optic,Electronic check,2,0-6m,70.4,147.15,0,1,0.5689122169022659,2
9514-JDSKI,Month-to-month,DSL,Electronic check,1,0-6m,40.2,40.2,2,1,0.626386251916554,2
3282-ZISZV,One year,DSL,Credit card (automatic),32,24-48m,83.7,2633.3,5,0,0.09681424289345647,7
3675-YDUPJ,Month-to-month,No,Mailed check,10,6-12m,19.85,193.05,0,0,0.17329792713963713,6
4111-BNXIF,Two year,DSL,Electronic check,67,48-72m,59.55,4103.9,5,0,0.041443076927953126,8
7017-VFHAY,Two year,Fiber optic,Credit card (automatic),61,48-72m,115.1,7008.15,6,0,0.032290593964881986,9
6655-LHBYW,One year,Fiber optic,Credit card (automatic),50,48-72m,114.35,5791.1,6,0,0.09969612495188572,7
4959-JOSRX,Month-to-month,DSL,Credit card (automatic),2,0-6m,44.6,80.55,0,1,0.3783546772671073,4
5046-NUHWD,Month-to-month,DSL,Electronic check,29,24-48m,45.0,1228.65,3,0,0.3900781810039981,3
7273-TEFQD,Month-to-month,DSL,Electronic check,3,0-6m,41.15,132.2,2,1,0.6984167986617241,1
3606-TWKGI,Month-to-month,Fiber optic,Electronic check,13,12-24m,106.9,1364.3,4,1,0.800318686334493,1
7529-ZDFXI,Month-to-month,Fiber optic,Electronic check,57,48-72m,89.85,4925.35,2,0,0.3996249957281138,3
7605-BDWDC,Two year,DSL,Bank transfer (automatic),31,24-48m,49.85,1520.1,4,0,0.057016830735216004,8
1950-KSVVJ,One year,Fiber optic,Mailed check,45,24-48m,113.3,5032.25,6,0,0.10822718051020261,7
0123-CRBRT,Two year,DSL,Mailed check,61,48-72m,88.1,5526.75,6,0,0.014052263568171228,10
6292-TOSSS,Two year,No,Bank transfer (automatic),50,48-72m,24.9,1195.25,0,0,0.013917087177315476,10
3197-ARFOY,Month-to-month,Fiber optic,Mailed check,19,12-24m,105.0,2007.25,5,0,0.45140658533819744,3
6323-AYBRX,Two year,No,Mailed check,59,48-72m,19.35,1099.6,0,1,0.007821835160054117,10
7014-ZZXAW,Two year,No,Credit card (automatic),71,48-72m,24.25,1732.95,0,0,0.009394761131075364,10
4385-GZQXV,Month-to-month,Fiber optic,Electronic check,16,12-24m,94.45,1511.2,3,1,0.6922261308408676,1
7633-MVPUY,Two year,DSL,Electronic check,57,48-72m,59.75,3450.15,3,0,0.017247233079467815,9
6366-ZGQGL,Month-to-month,DSL,Bank transfer (automatic),1,0-6m,24.8,24.8,0,1,0.43112686064891215,3
4716-HHKQH,Month-to-month,Fiber optic,Electronic check,20,12-24m,107.05,2172.05,4,0,0.5973249441570913,2
5940-AHUHD,Month-to-month,Fiber optic,Mailed check,1,0-6m,70.6,70.6,0,1,0.5217887101808265,3
6432-TWQLB,Month-to-month,Fiber optic,Electronic check,5,0-6m,85.4,401.1,2,1,0.625822859884599,2
4484-GLZOU,Month-to-month,Fiber optic,Electronic check,52,48-72m,105.05,5624.85,4,1,0.45748106113972453,3
3179-GBRWV,Month-to-month,DSL,Bank transfer (automatic),21,12-24m,64.95,1339.8,3,0,0.23878183723614704,5
8645-KWHJO,Month-to-month,DSL,Electronic check,14,12-24m,55.0,771.95,4,0,0.5589388990553702,2
4130-MZLCC,Month-to-month,DSL,Bank transfer (automatic),5,0-6m,50.55,244.75,1,0,0.26898069915806977,5
0314-TKOSI,Month-to-month,DSL,Mailed check,6,6-12m,55.15,322.9,2,0,0.19893142558610047,5
8229-MYEJZ,Month-to-month,DSL,Electronic check,10,6-12m,51.2,498.25,1,0,0.3213194410522712,4
2080-SRCDE,Month-to-month,No,Mailed check,1,0-6m,25.4,25.4,0,0,0.18587798252285398,5
9577-WJVCQ,Month-to-month,DSL,Mailed check,68,48-72m,54.45,3687.75,1,0,0.04361576669193736,8
9512-UIBFX,Month-to-month,Fiber optic,Mailed check,18,12-24m,95.15,1779.95,3,1,0.4590373119743597,3
6202-DYYFX,One year,Fiber optic,Credit card (automatic),22,12-24m,76.0,1783.6,0,0,0.3371384746475078,4
3808-HFKDE,Month-to-month,DSL,Electronic check,20,12-24m,44.35,927.15,0,0,0.352646876593949,4
5583-SXDAG,Month-to-month,Fiber optic,Electronic check,1,0-6m,70.0,70.0,0,1,0.6147223117492597,2
3488-PGMQJ,Month-to-month,Fiber optic,Electronic check,8,6-12m,74.5,606.55,1,1,0.6889094422753986,1
3580-REOAC,Month-to-month,DSL,Credit card (automatic),10,6-12m,44.85,435.4,0,1,0.33254826465748427,4
7534-BFESC,Month-to-month,Fiber optic,Electronic check,24,24-48m,76.1,1712.7,0,1,0.6439060955613369,2
3727-OWVYD,One year,DSL,Mailed check,35,24-48m,61.2,2021.2,3,0,0.04206837797346109,8
2294-SALNE,One year,Fiber optic,Mailed check,23,12-24m,86.8,1940.8,3,0,0.11126990244311548,7
4847-TAJYI,Month-to-month,Fiber optic,Electronic check,6,6-12m,89.35,567.8,2,0,0.8185109740319833,1
1563-IWQEX,Month-to-month,No,Mailed check,12,12-24m,19.7,220.35,0,0,0.12216798905428906,6
8203-XJZRC,Month-to-month,No,Mailed check,1,0-6m,20.25,20.25,0,0,0.16586034528093366,6
6556-DBKZF,Two year,Fiber optic,Electronic check,71,48-72m,76.05,5436.45,1,0,0.03289431308557909,8
6851-WEFYX,Month-to-month,Fiber optic,Electronic check,35,24-48m,100.8,3437.5,3,0,0.6649981384695615,2
2985-JUUBZ,Month-to-month,DSL,Electronic check,40,24-48m,74.55,3015.75,3,0,0.33466037744861266,4
6390-DSAZX,Month-to-month,Fiber optic,Mailed check,1,0-6m,73.6,73.6,1,1,0.49259557250037844,3
0895-LMRSF,One year,DSL,Bank transfer (automatic),23,12-24m,64.9,1509.8,2,0,0.21220843085554303,5
8098-LLAZX,Month-to-month,Fiber optic,Electronic check,4,0-6m,95.45,396.1,2,1,0.8623930172762199,1
8266-VBFQL,Month-to-month,Fiber optic,Electronic check,4,0-6m,90.4,356.65,3,0,0.6546359451511062,2
8181-YHCMF,Two year,DSL,Credit card (automatic),68,48-72m,60.3,4109.0,5,0,0.01884501073953255,9
2240-HSJQD,Month-to-month,Fiber optic,Mailed check,38,24-48m,81.85,3141.7,1,0,0.3129965448730366,4
1248-DYXUB,Two year,No,Mailed check,52,48-72m,24.8,1229.1,0,0,0.010440636247625094,10
0265-EDXBD,Month-to-month,Fiber optic,Electronic check,32,24-48m,74.9,2303.35,0,1,0.5688459731411041,2
4115-BNPJY,Two year,DSL,Mailed check,29,24-48m,75.55,2054.4,4,0,0.04431942548895717,8
3167-SNQPL,Month-to-month,Fiber optic,Electronic check,38,24-48m,101.15,3741.85,3,0,0.5052160548265157,3
4091-TVOCN,One year,DSL,Credit card (automatic),48,48-72m,78.75,3682.45,4,0,0.08718383101596791,7
1098-TDVUQ,Month-to-month,No,Bank transfer (automatic),1,0-6m,19.25,19.25,0,0,0.22433368245334492,5
7277-OZCGZ,Month-to-month,Fiber optic,Electronic check,22,12-24m,89.05,1886.25,3,0,0.4316550979879315,3
1557-EMYVT,Two year,Fiber optic,Credit card (automatic),43,24-48m,115.05,4895.1,6,0,0.07097723426338791,7
2799-ARNLO,Month-to-month,Fiber optic,Electronic check,5,0-6m,69.35,341.6,0,0,0.7131148024619186,1
7563-BIUPC,Month-to-month,Fiber optic,Electronic check,5,0-6m,80.6,415.55,1,1,0.7410890752415779,1
5027-YOCXN,One year,Fiber optic,Credit card (automatic),51,48-72m,110.05,5686.4,5,0,0.07946541492727713,7
3973-SKMLN,Two year,No,Credit card (automatic),71,48-72m,19.9,1355.1,0,0,0.007486432525276533,10
2321-OMBXY,One year,DSL,Credit card (automatic),38,24-48m,80.3,3058.65,5,1,0.039974233329547096,8
2840-XANRC,Month-to-month,Fiber optic,Electronic check,24,24-48m,93.15,2231.05,3,1,0.6966768440589448,1
6745-JEFZB,Month-to-month,Fiber optic,Credit card (automatic),35,24-48m,91.5,3236.35,2,0,0.36894537034327607,4
5020-ZSTTY,One year,DSL,Bank transfer (automatic),54,48-72m,82.45,4350.1,5,1,0.05000136154167719,8
9880-TDQAC,Two year,DSL,Electronic check,72,72m+,60.0,4264.0,5,0,0.034883873694840736,8
8705-WZCYL,Month-to-month,DSL,Electronic check,1,0-6m,44.8,44.8,0,0,0.5052414806161771,3
7102-JJVTX,One year,DSL,Mailed check,9,6-12m,48.6,422.3,1,0,0.09110652279482098,7
8626-PTQGE,Two year,DSL,Bank transfer (automatic),69,48-72m,60.05,4176.7,5,0,0.02238777011905981,9
4983-CLMLV,Month-to-month,Fiber optic,Credit card (automatic),52,48-72m,102.7,5138.1,4,0,0.2971224450687617,4
5701-YVSVF,Month-to-month,Fiber optic,Electronic check,11,6-12m,82.9,880.05,2,0,0.6680520272783962,1
5804-LEPIM,Month-to-month,Fiber optic,Electronic check,2,0-6m,70.35,139.05,0,1,0.743145402853167,1
5697-GOMBF,Month-to-month,DSL,Electronic check,28,24-48m,35.9,973.65,1,0,0.46926343625510797,3
2739-CACDQ,Month-to-month,Fiber optic,Credit card (automatic),17,12-24m,82.65,1470.05,1,0,0.5875074992656216,2
9385-EHGDO,Two year,No,Mailed check,35,24-48m,19.85,739.35,0,0,0.019395069353525883,9
9498-FIMXL,One year,No,Mailed check,8,6-12m,19.2,161.95,0,0,0.10086218069767487,7
2379-GYFLQ,One year,Fiber optic,Credit card (automatic),46,24-48m,94.9,4422.95,3,0,0.22207582818748295,5
0122-OAHPZ,Month-to-month,Fiber optic,Electronic check,7,6-12m,73.85,511.25,0,1,0.7315526200267086,1
2868-SNELZ,Month-to-month,Fiber optic,Mailed check,2,0-6m,80.6,155.8,1,1,0.5790327671864569,2
4322-RCYMT,One year,DSL,Bank transfer (automatic),68,48-72m,75.8,5293.95,4,1,0.027673659874908423,9
6680-NENYN,Two year,Fiber optic,Electronic check,43,24-48m,104.6,4759.85,4,1,0.25355544115987194,5
2088-IEBAU,Two year,DSL,Electronic check,68,48-72m,88.15,6148.45,6,0,0.029901372897069557,9
7982-VCELR,Month-to-month,Fiber optic,Credit card (automatic),36,24-48m,94.8,3565.65,3,0,0.44277814145704614,3
1343-EHPYB,Month-to-month,Fiber optic,Electronic check,63,48-72m,103.4,6603.0,4,1,0.37738014315750706,4
6035-BXTTY,Month-to-month,DSL,Bank transfer (automatic),32,24-48m,54.65,1830.1,2,0,0.11638825199882916,6
6885-PKOAM,Two year,DSL,Credit card (automatic),71,48-72m,85.75,6223.8,6,0,0.012654135015479344,10
7520-HQWJU,Month-to-month,DSL,Bank transfer (automatic),66,48-72m,67.45,4508.65,3,0,0.04422582657695,8
9639-BUJXT,One year,No,Mailed check,63,48-72m,20.5,1328.15,0,0,0.011942632943209816,10
5924-SNGKP,One year,No,Credit card (automatic),41,24-48m,20.25,865.0,0,0,0.03098005475434425,9
0021-IKXGC,Month-to-month,Fiber optic,Electronic check,1,0-6m,72.1,72.1,0,0,0.8119873100462662,1
2034-GDRCN,Month-to-month,Fiber optic,Electronic check,2,0-6m,90.4,168.2,2,1,0.8020607461129935,1
8966-SNIZF,Two year,No,Bank transfer (automatic),70,48-72m,19.45,1303.5,0,0,0.005036143107593231,10
6243-OZGFH,Month-to-month,DSL,Electronic check,23,12-24m,44.95,996.85,2,0,0.5781560606427557,2
4654-DLAMQ,One year,Fiber optic,Bank transfer (automatic),64,48-72m,97.0,6430.9,4,0,0.05411810804730561,8
0513-RBGPE,Two year,DSL,Credit card (automatic),37,24-48m,62.8,2278.75,3,0,0.02843107810949041,9
5160-UXJED,One year,DSL,Mailed check,17,12-24m,44.6,681.4,0,0,0.10397807571137446,7
4115-NZRKS,Month-to-month,Fiber optic,Electronic check,7,6-12m,89.15,574.35,2,0,0.8141921439310219,1
0219-YTZUE,Month-to-month,Fiber optic,Bank transfer (automatic),4,0-6m,84.8,371.9,2,1,0.5778025784801201,2
0623-IIHUG,Month-to-month,DSL,Electronic check,21,12-24m,41.9,840.1,2,1,0.48627211745218596,3
4572-DVCGN,Month-to-month,Fiber optic,Bank transfer (automatic),10,6-12m,80.25,846.0,1,1,0.5951146645682525,2
3351-NGXYI,Month-to-month,DSL,Electronic check,16,12-24m,54.1,889.0,1,0,0.4189936747915212,3
8984-EYLLL,Two year,Fiber optic,Electronic check,64,48-72m,105.25,6823.4,4,0,0.09877832982942038,7
9057-MSWCO,Month-to-month,DSL,Credit card (automatic),27,24-48m,30.75,805.1,1,1,0.20163008335465027,5
9833-TGFHX,One year,Fiber optic,Electronic check,42,24-48m,97.1,4016.75,3,0,0.22812441698330133,5
9294-TDIPC,Month-to-month,No,Mailed check,5,0-6m,20.2,83.75,0,0,0.13066406964302302,6
5229-DTFYB,Two year,Fiber optic,Bank transfer (automatic),41,24-48m,98.8,3959.15,4,0,0.1139272942477276,7
0104-PPXDV,One year,DSL,Credit card (automatic),58,48-72m,50.3,2878.55,1,0,0.030032780716135337,9
5176-LMJXE,Two year,No,Mailed check,47,24-48m,20.55,945.7,0,0,0.015948796317142286,9
3583-KRKMD,Month-to-month,Fiber optic,Bank transfer (automatic),18,12-24m,75.9,1373.05,1,0,0.3779127582730812,4
1010-DIAUQ,Month-to-month,Fiber optic,Bank transfer (automatic),5,0-6m,96.5,492.55,3,1,0.6145748154336774,2
9069-LGEUL,Month-to-month,DSL,Bank transfer (automatic),23,12-24m,59.95,1406.0,2,0,0.20474852752435055,5
7302-ZHMHP,Month-to-month,No,Mailed check,1,0-6m,19.15,19.15,0,0,0.1695743624905548,6
9571-EDEBV,One year,Fiber optic,Credit card (automatic),71,48-72m,98.65,6962.85,3,0,0.14042697811817229,6
3520-FJGCV,Two year,Fiber optic,Credit card (automatic),72,72m+,112.6,8126.65,6,0,0.03344523162567275,8
6563-VRERX,One year,No,Mailed check,33,24-48m,20.6,690.25,0,0,0.02582612514076836,9
0259-GBZSH,Month-to-month,Fiber optic,Electronic check,2,0-6m,85.65,181.5,1,1,0.808408051609232,1
6122-EFVKN,Two year,DSL,Mailed check,24,24-48m,35.75,830.8,2,0,0.03751893018072098,8
2805-EDJPQ,One year,Fiber optic,Credit card (automatic),56,48-72m,99.75,5608.4,4,0,0.09660474330892292,7
6862-CQUMB,Month-to-month,Fiber optic,Credit card (automatic),37,24-48m,96.1,3646.8,3,0,0.42678355001363877,3
7156-MXBJE,One year,DSL,Credit card (automatic),43,24-48m,85.1,3662.25,5,0,0.0765172502327182,7
6158-HDPXZ,Month-to-month,DSL,Mailed check,1,0-6m,25.35,25.35,0,0,0.4267619340844615,3
9601-BRXPO,Month-to-month,Fiber optic,Bank transfer (automatic),25,24-48m,104.95,2566.5,4,1,0.5083775946610402,3
2863-IMQDR,Two year,DSL,Electronic check,61,48-72m,89.65,5308.7,6,0,0.025926629530997263,9
5686-CMAWK,One year,Fiber optic,Electronic check,17,12-24m,86.75,1410.25,2,0,0.30189741775060885,4
5651-CRHKQ,One year,Fiber optic,Bank transfer (automatic),41,24-48m,86.2,3339.05,3,0,0.10229289452187254,7
6905-NIQIN,Month-to-month,DSL,Mailed check,1,0-6m,50.65,50.65,1,1,0.2948070466804685,4
8204-YJCLA,Two year,DSL,Bank transfer (automatic),72,72m+,64.8,4732.35,6,0,0.019842810981519677,9
5167-ZFFMM,Month-to-month,Fiber optic,Credit card (automatic),1,0-6m,90.85,90.85,2,1,0.7105713431561378,1
6583-SZVGP,Two year,Fiber optic,Bank transfer (automatic),48,48-72m,108.1,5067.45,4,0,0.14570783213487407,6
4895-TMWIR,Month-to-month,No,Mailed check,11,6-12m,19.95,214.75,0,1,0.14145255347038616,6
0533-BNWKF,Month-to-month,Fiber optic,Electronic check,55,48-72m,85.45,4874.7,2,1,0.34997399363057163,4
1708-PBBOA,One year,DSL,Electronic check,42,24-48m,54.75,2348.45,5,0,0.1024139852997183,7
8782-LKFPK,Month-to-month,Fiber optic,Mailed check,44,24-48m,90.4,4063.0,2,0,0.37713603476603885,4
5522-JBWMO,Month-to-month,DSL,Electronic check,1,0-6m,44.0,44.0,0,0,0.38885815517064715,4
3597-MVHJT,Month-to-month,Fiber optic,Bank transfer (automatic),27,24-48m,95.6,2595.25,2,0,0.6000150093179653,2
9774-NRNAU,Month-to-month,DSL,Bank transfer (automatic),27,24-48m,84.8,2309.55,5,0,0.31603627915442245,4
0224-RLWWD,Month-to-month,DSL,Electronic check,2,0-6m,44.3,89.3,0,0,0.5537091301047369,2
9967-ATRFS,Month-to-month,No,Mailed check,19,12-24m,19.9,367.55,0,0,0.09864079956610418,7
3951-NJCVI,Month-to-month,Fiber optic,Electronic check,42,24-48m,95.05,3944.5,2,0,0.6204268242931902,2
2977-CEBSX,Two year,DSL,Credit card (automatic),66,48-72m,90.05,5965.95,6,0,0.020396506009849616,9
0177-PXBAT,Month-to-month,Fiber optic,Bank transfer (automatic),33,24-48m,109.9,3694.7,5,0,0.4054294896304093,3
6599-CEBNN,Month-to-month,Fiber optic,Credit card (automatic),34,24-48m,73.95,2524.45,1,1,0.33262256288450365,4
2519-ERQOJ,Month-to-month,DSL,Electronic check,33,24-48m,54.6,1803.7,4,0,0.4559915348907739,3
5876-QMYLD,One year,No,Mailed check,23,12-24m,20.05,415.1,0,0,0.036248411885785835,8
2277-AXSDC,One year,No,Bank transfer (automatic),32,24-48m,19.75,624.15,0,0,0.0338971727358855,8
9442-JTWDL,One year,No,Credit card (automatic),11,6-12m,20.05,237.7,0,0,0.06734467426492168,7
0979-PHULV,Month-to-month,Fiber optic,Credit card (automatic),69,48-72m,99.45,7007.6,3,1,0.23111730518074985,5
3067-SVMTC,One year,DSL,Bank transfer (automatic),68,48-72m,55.9,3848.8,2,0,0.010489528885905442,10
5495-GPSRW,Two year,No,Mailed check,20,12-24m,19.7,419.4,0,0,0.03941907213473375,8
7606-BPHHN,Two year,No,Credit card (automatic),72,72m+,19.8,1468.75,0,0,0.007257934961766548,10
4742-DRORA,One year,Fiber optic,Bank transfer (automatic),60,48-72m,95.4,5812.0,3,0,0.09454450643164353,7
0111-KLBQG,Month-to-month,Fiber optic,Mailed check,32,24-48m,93.95,2861.45,3,0,0.47328334066888,3
4800-VHZKI,Month-to-month,No,Mailed check,1,0-6m,19.9,19.9,0,1,0.22083165933684765,5
7989-CHGTL,Month-to-month,No,Mailed check,1,0-6m,19.6,19.6,0,1,0.22208281100534125,5
0334-GDDSO,Month-to-month,Fiber optic,Electronic check,3,0-6m,81.35,233.7,1,1,0.7697393915152494,1
4163-NCJAK,One year,No,Bank transfer (automatic),46,24-48m,24.45,1066.15,0,0,0.037165376369364615,8
5233-AOZUF,Month-to-month,Fiber optic,Electronic check,29,24-48m,74.95,2149.05,0,0,0.5400688150548765,2
5973-EJGDP,Month-to-month,Fiber optic,Electronic check,51,48-72m,87.35,4473.0,3,0,0.28748526363321797,4
1996-DBMUS,Month-to-month,Fiber optic,Bank transfer (automatic),48,48-72m,70.65,3545.05,0,0,0.26821304375688415,5
7916-VCCPB,Month-to-month,Fiber optic,Bank transfer (automatic),16,12-24m,73.25,1195.75,1,0,0.33990812143505933,4
4686-GEFRM,Two year,Fiber optic,Bank transfer (automatic),70,48-72m,98.7,6858.9,4,0,0.041214254323637234,8
5249-QYHEX,Two year,No,Mailed check,40,24-48m,24.8,1024.7,0,0,0.021841955834336266,9
0578-SKVMF,Month-to-month,Fiber optic,Electronic check,22,12-24m,83.3,1845.9,2,1,0.4529050802267149,3
5564-NEMQO,Month-to-month,Fiber optic,Bank transfer (automatic),1,0-6m,75.3,75.3,1,1,0.6543249519258403,2
2233-FAGXV,Month-to-month,No,Mailed check,5,0-6m,24.3,132.25,0,0,0.21180054284731972,5
5605-IYGFG,Month-to-month,Fiber optic,Bank transfer (automatic),7,6-12m,69.85,515.45,0,0,0.5631492112923626,2
7663-ZTEGJ,One year,Fiber optic,Credit card (automatic),29,24-48m,100.55,2830.45,4,0,0.1655736600882765,6
3935-TBRZZ,One year,No,Mailed check,44,24-48m,25.7,1110.5,0,0,0.023790378247014358,9
8111-BKVDS,Month-to-month,DSL,Bank transfer (automatic),10,6-12m,40.7,449.3,3,0,0.2543257237488062,5
2055-SIFSS,Month-to-month,DSL,Bank transfer (automatic),55,48-72m,51.65,2838.55,0,0,0.10036642688021558,7
2806-MLNTI,One year,Fiber optic,Bank transfer (automatic),52,48-72m,105.1,5376.4,4,0,0.24978738624165944,5
8734-DKSTZ,Month-to-month,Fiber optic,Electronic check,10,6-12m,85.95,858.6,1,0,0.6283362956575606,2
4360-PNRQB,Month-to-month,Fiber optic,Bank transfer (automatic),18,12-24m,75.6,1395.05,0,0,0.5384333384202679,2
6152-ONASV,One year,DSL,Bank transfer (automatic),68,48-72m,58.25,3975.7,2,0,0.014855785436124772,9
9063-ZGTUY,Month-to-month,No,Mailed check,61,48-72m,19.4,1182.55,0,1,0.029625640484979707,9
7781-HVGMK,Two year,DSL,Credit card (automatic),72,72m+,65.2,4784.45,6,0,0.016248294909930315,9
2181-UAESM,Month-to-month,DSL,Electronic check,2,0-6m,53.45,119.5,2,0,0.3287642281589131,4
2957-LOLHO,Month-to-month,DSL,Bank transfer (automatic),12,12-24m,45.4,518.9,0,1,0.31009118724063606,4
6048-NJXHX,Two year,No,Electronic check,41,24-48m,19.75,899.45,0,0,0.02831654624204671,9
2320-SLKMB,Month-to-month,DSL,Credit card (automatic),26,24-48m,44.45,1183.8,3,0,0.30809760509570533,4
4980-URKXC,One year,No,Bank transfer (automatic),36,24-48m,20.85,720.05,0,0,0.026956537768199392,9
4376-KFVRS,Two year,Fiber optic,Credit card (automatic),72,72m+,114.05,8468.2,6,0,0.03232977444028812,9
5886-VLQVU,Month-to-month,Fiber optic,Bank transfer (automatic),35,24-48m,89.85,3161.2,2,0,0.3566509286446222,4
3577-AMVUX,Month-to-month,DSL,Mailed check,1,0-6m,55.05,55.05,2,0,0.2402052173350036,5
0771-WLCLA,Month-to-month,Fiber optic,Electronic check,16,12-24m,112.95,1882.55,5,0,0.5470183411244735,2
5628-RKIFK,Month-to-month,Fiber optic,Credit card (automatic),49,48-72m,101.55,5070.4,3,0,0.3037168936859943,4
0206-TBWLC,One year,Fiber optic,Mailed check,54,48-72m,114.65,6049.5,6,0,0.10924396327273997,7
2937-FTHUR,Month-to-month,DSL,Electronic check,18,12-24m,64.8,1166.7,2,0,0.29359136702307276,4
1910-FMXJM,Month-to-month,Fiber optic,Electronic check,36,24-48m,80.4,2937.65,1,0,0.382660117615055,4
7752-XUSCI,Month-to-month,Fiber optic,Electronic check,60,48-72m,105.9,6396.45,4,1,0.40488651343265586,3
4110-PFEUZ,Month-to-month,Fiber optic,Mailed check,1,0-6m,69.55,69.55,0,1,0.5281224099976157,3
0732-OCQOC,Two year,No,Bank transfer (automatic),52,48-72m,25.05,1270.25,0,0,0.01467070037237535,10
5168-MSWXT,Month-to-month,Fiber optic,Electronic check,8,6-12m,94.75,759.55,3,0,0.7248074285637951,1
1090-ESELR,Two year,Fiber optic,Bank transfer (automatic),72,72m+,105.5,7611.55,5,0,0.016830418313968025,9
8592-PLTMQ,One year,No,Mailed check,64,48-72m,24.7,1642.75,0,0,0.015648812455722104,9
5760-WRAHC,Month-to-month,DSL,Mailed check,22,12-24m,69.75,1545.4,4,0,0.19599132427379526,5
8847-GEOOQ,Month-to-month,DSL,Bank transfer (automatic),60,48-72m,60.2,3582.4,5,0,0.12866062828765235,6
0256-LTHVJ,Month-to-month,Fiber optic,Electronic check,28,24-48m,81.05,2227.1,1,1,0.493666737050769,3
4785-FCIFB,Two year,No,Mailed check,61,48-72m,24.4,1417.9,0,0,0.009029179157842735,10
8313-NDOIA,Month-to-month,Fiber optic,Electronic check,24,24-48m,104.15,2494.65,4,0,0.7044222446050976,1
5149-CUZUJ,One year,Fiber optic,Bank transfer (automatic),28,24-48m,92.9,2768.35,4,0,0.1376771448306829,6
0942-KOWSM,Two year,DSL,Bank transfer (automatic),30,24-48m,80.8,2369.3,5,0,0.039459630280128624,8
4237-CLSMM,Month-to-month,No,Mailed check,2,0-6m,20.0,38.0,0,0,0.152138573254505,6
1452-VOQCH,Month-to-month,Fiber optic,Electronic check,1,0-6m,75.1,75.1,0,0,0.7638951946517167,1
4719-UMSIY,Month-to-month,No,Mailed check,6,6-12m,19.65,100.9,0,0,0.1283706890752564,6
6614-VBEGU,Month-to-month,DSL,Bank transfer (automatic),24,24-48m,69.45,1614.05,3,0,0.3127545201085883,4
0880-TKATG,Month-to-month,Fiber optic,Electronic check,4,0-6m,101.15,385.9,3,1,0.733318712538599,1
3811-VBYBZ,Month-to-month,Fiber optic,Electronic check,7,6-12m,99.8,673.25,3,1,0.8096597257691397,1
1480-BKXGA,Two year,Fiber optic,Bank transfer (automatic),72,72m+,116.05,8404.9,6,0,0.042820593548046584,8
2996-XAUVF,Two year,DSL,Mailed check,70,48-72m,40.05,2799.75,2,0,0.024686195532048316,9
9076-AXYIK,Two year,Fiber optic,Electronic check,64,48-72m,102.1,6538.45,4,0,0.09962125114877804,7
5968-XQIVE,One year,Fiber optic,Electronic check,72,72m+,89.7,6588.95,2,0,0.12916112658931211,6
8896-RAZCR,Two year,No,Mailed check,44,24-48m,19.9,868.1,0,0,0.011007981434345945,10
4640-UHDOS,Month-to-month,DSL,Electronic check,13,12-24m,55.95,734.35,1,1,0.3238143988445193,4
4933-IKULF,One year,No,Mailed check,17,12-24m,20.65,330.6,0,0,0.06566438436955048,7
3583-EKAPL,Month-to-month,DSL,Electronic check,1,0-6m,55.0,55.0,1,1,0.5641298644296497,2
1304-BCCFO,Month-to-month,DSL,Mailed check,9,6-12m,70.05,564.4,3,0,0.4406156556648529,3
4104-PVRPS,Month-to-month,DSL,Mailed check,24,24-48m,53.6,1315.35,2,0,0.09054322620782744,7
9399-APLBT,Month-to-month,Fiber optic,Electronic check,1,0-6m,74.7,74.7,1,1,0.6428866758637575,2
2359-KMGLI,Month-to-month,Fiber optic,Electronic check,24,24-48m,80.25,1861.5,1,1,0.5770380181371536,2
3780-DDGSE,Month-to-month,DSL,Electronic check,35,24-48m,76.05,2747.2,4,0,0.2597776609820566,5
4431-EDMIQ,Month-to-month,DSL,Electronic check,7,6-12m,75.7,554.05,5,0,0.2804108344962859,4
0306-JAELE,Month-to-month,Fiber optic,Electronic check,5,0-6m,96.1,453.4,3,1,0.7159559742419886,1
6227-HWPWX,Month-to-month,Fiber optic,Bank transfer (automatic),15,12-24m,69.0,994.8,0,1,0.38057984935310724,4
0486-LGCCH,Two year,No,Mailed check,11,6-12m,19.65,225.75,0,0,0.03056766216129191,9
0447-BEMNG,Month-to-month,DSL,Bank transfer (automatic),48,48-72m,45.3,2145.0,3,1,0.1485765585746761,6
4612-SSVHJ,Month-to-month,Fiber optic,Electronic check,20,12-24m,81.45,1671.6,1,0,0.6619406941574583,2
5168-MQQCA,One year,Fiber optic,Bank transfer (automatic),72,72m+,108.5,8003.8,5,0,0.09053793020677149,7
5949-XIKAE,Month-to-month,Fiber optic,Electronic check,8,6-12m,83.55,680.05,2,1,0.6665681896903926,2
7971-HLVXI,Two year,Fiber optic,Credit card (automatic),72,72m+,84.5,6130.85,1,0,0.052571102628628096,8
9094-AZPHK,Month-to-month,Fiber optic,Electronic check,15,12-24m,100.15,1415.0,3,0,0.7631749314042173,1
3649-JPUGY,Two year,DSL,Bank transfer (automatic),72,72m+,88.6,6201.95,5,0,0.021515174244385083,9
4472-LVYGI,Two year,DSL,Bank transfer (automatic),0,0-6m,52.55,0.0,4,0,0.12832005943567668,6
8372-JUXUI,Month-to-month,Fiber optic,Electronic check,1,0-6m,74.35,74.35,0,1,0.7399726382432071,1
3552-CTCYF,Two year,Fiber optic,Bank transfer (automatic),63,48-72m,104.8,6597.25,4,0,0.08202996304593421,7
6778-YSNIH,Month-to-month,DSL,Electronic check,2,0-6m,59.0,114.15,2,0,0.558019083536786,2
0388-EOPEX,Month-to-month,Fiber optic,Electronic check,2,0-6m,74.4,139.4,1,1,0.6057150643953793,2
5756-OZRIO,One year,DSL,Bank transfer (automatic),61,48-72m,64.05,3902.6,2,0,0.0529182134075024,8
6579-JPICP,Month-to-month,No,Mailed check,1,0-6m,20.4,20.4,0,0,0.16535896969102534,6
8205-OTCHB,One year,DSL,Bank transfer (automatic),22,12-24m,43.75,903.6,3,1,0.2336080243967226,5
4134-BSXLX,Month-to-month,DSL,Mailed check,28,24-48m,60.9,1785.65,3,0,0.07022234794587402,7
0505-SPOOW,Two year,No,Bank transfer (automatic),70,48-72m,19.8,1397.65,0,0,0.004993898427317805,10
6235-VDHOM,Month-to-month,DSL,Electronic check,5,0-6m,28.45,131.05,1,1,0.5466311817680782,2
7783-YKGDV,Month-to-month,Fiber optic,Bank transfer (automatic),12,12-24m,99.7,1238.45,4,1,0.5363513813113506,3
4374-YMUSQ,One year,Fiber optic,Credit card (automatic),34,24-48m,116.25,3899.05,6,0,0.1533938875727001,6
4513-CXYIX,Two year,Fiber optic,Credit card (automatic),71,48-72m,80.7,5676.0,1,0,0.041856387457565564,8
3957-HHLMR,One year,DSL,Bank transfer (automatic),70,48-72m,65.2,4543.15,2,0,0.020701014858645804,9
7803-XOCCZ,Month-to-month,Fiber optic,Bank transfer (automatic),52,48-72m,84.05,4326.8,3,0,0.0991262421778155,7
5736-YEJAX,Two year,DSL,Credit card (automatic),69,48-72m,79.45,5502.55,5,0,0.012786571895325364,10
5609-CEBID,Month-to-month,Fiber optic,Electronic check,20,12-24m,94.1,1782.4,3,1,0.7125905587718682,1
8981-FJGLA,Month-to-month,Fiber optic,Mailed check,11,6-12m,78.0,851.8,1,0,0.5691470940616847,2
7218-HKQFK,Month-to-month,Fiber optic,Electronic check,2,0-6m,94.2,167.5,3,1,0.730333446604528,1
4636-QRJKY,Month-to-month,Fiber optic,Electronic check,6,6-12m,80.5,502.85,1,1,0.6029668568804681,2
1135-LMECX,Month-to-month,No,Mailed check,1,0-6m,19.85,19.85,0,0,0.16720330055987037,6
4332-MUOEZ,One year,Fiber optic,Credit card (automatic),20,12-24m,94.3,1818.3,4,0,0.15315219317557321,6
8535-SFUTN,Month-to-month,Fiber optic,Electronic check,61,48-72m,106.45,6300.15,4,0,0.32943191140839845,4
5956-VKDTT,Month-to-month,Fiber optic,Electronic check,5,0-6m,74.35,334.8,0,1,0.7683279229009635,1
8677-HDZEE,Month-to-month,Fiber optic,Bank transfer (automatic),56,48-72m,105.45,5916.95,4,0,0.2670805601308615,5
2475-MROZF,Month-to-month,Fiber optic,Credit card (automatic),30,24-48m,95.0,2852.4,4,0,0.26047811588094955,5
9412-GHEEC,Month-to-month,Fiber optic,Bank transfer (automatic),40,24-48m,104.8,4131.95,4,1,0.3233452900271417,4
3482-ABPKK,One year,DSL,Mailed check,28,24-48m,54.3,1546.3,2,0,0.043449706857547225,8
6705-LXORM,Month-to-month,Fiber optic,Electronic check,5,0-6m,70.05,302.6,0,0,0.6335938900297489,2
0257-ZESQC,Month-to-month,Fiber optic,Bank transfer (automatic),27,24-48m,75.2,1929.35,1,1,0.34277460808694704,4
7531-GQHME,Month-to-month,No,Credit card (automatic),12,12-24m,20.05,265.45,0,0,0.12416202121985577,6
5174-ITUMV,One year,Fiber optic,Electronic check,67,48-72m,105.4,6989.45,4,0,0.1767709003959259,6
4109-CYRBD,Month-to-month,DSL,Electronic check,29,24-48m,51.6,1442.0,0,0,0.36931655129777957,4
0913-XWSCN,Month-to-month,Fiber optic,Bank transfer (automatic),55,48-72m,85.5,4713.4,1,0,0.19558132650069543,5
6825-UYPFK,Month-to-month,Fiber optic,Bank transfer (automatic),23,12-24m,75.6,1758.6,0,1,0.4109219084765382,3
8397-MVTAZ,Month-to-month,Fiber optic,Electronic check,34,24-48m,100.05,3480.0,3,1,0.6274242210961395,2
0750-EBAIU,One year,Fiber optic,Electronic check,52,48-72m,91.25,4738.3,3,0,0.12052439769438104,6
8606-CIQUL,Two year,Fiber optic,Credit card (automatic),72,72m+,115.75,8399.15,6,0,0.038280933572089754,8
3571-DPYUH,One year,Fiber optic,Credit card (automatic),58,48-72m,94.7,5430.35,3,0,0.09904877429199085,7
7601-GNDYK,Two year,No,Mailed check,35,24-48m,19.6,686.95,0,0,0.013883606076965916,10
0356-OBMAC,Two year,Fiber optic,Bank transfer (automatic),56,48-72m,99.9,5706.3,4,0,0.08763530246895139,7
8067-NIOYM,Two year,No,Credit card (automatic),24,24-48m,21.1,490.65,0,0,0.027750758314512777,9
1403-GYAFU,Two year,No,Credit card (automatic),70,48-72m,20.05,1360.25,0,0,0.004387342149998685,10
4234-XTNEA,Month-to-month,Fiber optic,Electronic check,2,0-6m,79.95,174.45,1,0,0.7628372259584626,1
1297-VQDRP,One year,Fiber optic,Credit card (automatic),68,48-72m,107.15,7379.8,4,0,0.11080429256714695,7
9282-IZGQK,Month-to-month,Fiber optic,Electronic check,1,0-6m,85.0,85.0,1,1,0.8050851008084835,1
5348-CAGXB,Month-to-month,Fiber optic,Electronic check,12,12-24m,89.55,1021.75,2,0,0.7515231593488536,1
0621-HJWXJ,Month-to-month,Fiber optic,Bank transfer (automatic),63,48-72m,81.55,5029.05,1,0,0.17593575445650664,6
5844-QVTAT,One year,DSL,Mailed check,33,24-48m,58.45,1955.4,3,0,0.053796561253684344,8
8905-IAZPF,One year,Fiber optic,Credit card (automatic),69,48-72m,95.65,6744.2,3,0,0.10488256842525909,7
5394-MEITZ,Two year,DSL,Bank transfer (automatic),60,48-72m,80.6,4946.7,5,0,0.020819991814316263,9
6859-QNXIQ,Two year,Fiber optic,Bank transfer (automatic),72,72m+,113.1,8248.5,6,0,0.03234744713979313,9
2782-LFZVW,Month-to-month,DSL,Mailed check,11,6-12m,58.95,601.6,1,0,0.44884362495703034,3
2866-IKBTM,Month-to-month,No,Mailed check,1,0-6m,19.55,19.55,0,0,0.1682162098501138,6
1342-JPNKI,Month-to-month,Fiber optic,Bank transfer (automatic),10,6-12m,86.05,834.1,1,1,0.673666554813121,1
2817-NTQDO,Month-to-month,DSL,Credit card (automatic),13,12-24m,45.55,597.0,3,1,0.3230384798772597,4
7129-AZJDE,One year,Fiber optic,Bank transfer (automatic),34,24-48m,78.95,2647.2,1,0,0.21069894426611807,5
6986-IJDHX,Month-to-month,Fiber optic,Mailed check,39,24-48m,86.3,3266.0,2,1,0.29788278761377185,4
2560-PPCHE,One year,Fiber optic,Bank transfer (automatic),65,48-72m,105.05,6744.25,4,0,0.118064352207284,6
4676-MQUEA,One year,Fiber optic,Bank transfer (automatic),50,48-72m,101.9,5265.5,4,0,0.1567639850768839,6
8138-EALND,Month-to-month,No,Mailed check,15,12-24m,19.75,311.6,0,0,0.11162925327278043,7
3580-HYCSP,Two year,Fiber optic,Bank transfer (automatic),72,72m+,110.3,7966.9,5,0,0.04332683446427489,8
1352-HNSAW,Two year,Fiber optic,Bank transfer (automatic),72,72m+,115.6,8220.4,6,0,0.030507197919498602,9
2075-PUEPR,Two year,No,Bank transfer (automatic),55,48-72m,19.35,1153.25,0,0,0.0072073161093706845,10
1982-FEBTD,Two year,No,Credit card (automatic),23,12-24m,25.6,514.75,0,0,0.03833602653558032,8
5301-GAUUY,Month-to-month,Fiber optic,Bank transfer (automatic),32,24-48m,80.35,2596.15,1,1,0.4020330964962001,3
5791-KAJFD,One year,DSL,Bank transfer (automatic),56,48-72m,68.75,3808.0,3,0,0.04619156562531577,8
2654-VBVPB,Month-to-month,No,Bank transfer (automatic),1,0-6m,19.9,19.9,0,0,0.16766420164203466,6
1154-HYWWO,One year,DSL,Mailed check,38,24-48m,70.6,2708.2,4,0,0.03793596219000654,8
2501-XWWTZ,Month-to-month,Fiber optic,Electronic check,11,6-12m,70.2,760.05,0,0,0.55007632092527,2
3716-UVSPD,Month-to-month,DSL,Electronic check,1,0-6m,49.3,49.3,1,0,0.4197492329955753,3
6815-ABQFQ,One year,Fiber optic,Electronic check,56,48-72m,107.25,6033.3,4,0,0.19776490068544592,5
7343-EOBEU,Month-to-month,No,Mailed check,3,0-6m,23.6,89.05,0,0,0.2528609711534132,5
3701-SFMUH,Month-to-month,DSL,Credit card (automatic),7,6-12m,69.7,516.15,3,0,0.27487776508903755,4
6103-LIANB,Two year,Fiber optic,Credit card (automatic),59,48-72m,99.5,5861.75,3,0,0.10295772152476985,7
7319-VENRZ,Month-to-month,DSL,Bank transfer (automatic),7,6-12m,64.3,445.95,3,0,0.2653626381445955,5
5846-NEQVZ,Two year,DSL,Credit card (automatic),71,48-72m,70.85,4973.4,4,0,0.008197487762439648,10
6967-QIQRV,One year,Fiber optic,Electronic check,15,12-24m,101.9,1667.25,4,0,0.2550625877459574,5
5781-RFZRP,Two year,DSL,Credit card (automatic),71,48-72m,73.5,5357.75,4,0,0.00954379963028227,10
0939-YAPAF,Month-to-month,Fiber optic,Electronic check,35,24-48m,100.25,3527.6,3,1,0.6359364924809693,2
0308-IVGOK,One year,DSL,Credit card (automatic),11,6-12m,40.4,422.6,3,0,0.1924584730311944,5
7293-LSCDV,Two year,No,Credit card (automatic),60,48-72m,19.25,1103.25,0,0,0.008811386099385836,10
7025-WCBNE,Two year,DSL,Bank transfer (automatic),47,24-48m,59.6,2754.0,2,0,0.028188202775229588,9
5756-JYOJT,One year,DSL,Credit card (automatic),11,6-12m,64.9,697.25,3,0,0.12742616940999615,6
4710-FDUIZ,One year,Fiber optic,Credit card (automatic),56,48-72m,100.3,5614.45,3,1,0.14730753340495145,6
6030-REHUX,Month-to-month,Fiber optic,Electronic check,28,24-48m,110.85,3204.4,5,0,0.6170529000549558,2
9548-LIGTA,Two year,DSL,Mailed check,61,48-72m,81.05,4747.65,5,0,0.016383117028240572,9
5150-LJNSR,One year,Fiber optic,Bank transfer (automatic),31,24-48m,98.05,3082.1,3,0,0.15529084682768654,6
8270-RKSAP,Month-to-month,Fiber optic,Electronic check,9,6-12m,70.5,597.9,0,0,0.647250853377563,2
6522-YRBXD,Month-to-month,Fiber optic,Electronic check,35,24-48m,94.55,3365.4,3,0,0.49393625427664417,3
2640-LYMOV,Month-to-month,No,Mailed check,2,0-6m,19.65,38.8,0,0,0.21611946102036517,5
1218-VKFPE,Month-to-month,No,Mailed check,12,12-24m,19.0,233.55,0,1,0.10186536971095302,7
3627-FHKBK,Month-to-month,Fiber optic,Mailed check,1,0-6m,75.3,75.3,1,1,0.43284987873730385,3
2865-TCHJW,Month-to-month,Fiber optic,Electronic check,4,0-6m,89.2,346.2,2,1,0.8321079693913679,1
1423-BMPBQ,Month-to-month,No,Mailed check,1,0-6m,19.0,19.0,0,0,0.18837581928409344,5
2393-DIVAI,Month-to-month,No,Mailed check,3,0-6m,20.0,61.7,0,0,0.20907045602042967,5
5192-EBGOV,Month-to-month,Fiber optic,Electronic check,1,0-6m,85.7,85.7,1,1,0.8440122248862955,1
4568-KNYWR,Two year,DSL,Credit card (automatic),52,48-72m,63.25,3342.45,3,0,0.029102816116647546,9
8752-IMQOS,One year,No,Mailed check,5,0-6m,20.1,85.1,0,0,0.06440345083549572,7
0742-LAFQK,Two year,Fiber optic,Electronic check,72,72m+,99.15,7422.1,4,0,0.05749422234575158,8
0795-LAFGP,Two year,DSL,Electronic check,71,48-72m,90.4,6668.05,6,0,0.014739703930035227,10
0619-OLYUR,Two year,Fiber optic,Credit card (automatic),72,72m+,111.9,8071.05,5,0,0.03785757238441845,8
5512-IDZEI,One year,No,Electronic check,46,24-48m,24.9,1174.8,0,0,0.034831434237744006,8
0459-SPZHJ,Two year,DSL,Credit card (automatic),63,48-72m,83.5,5435.0,5,0,0.019002616960355677,9
0215-BQKGS,Month-to-month,Fiber optic,Credit card (automatic),30,24-48m,84.3,2438.6,3,0,0.2772743782431474,4
9244-ZVAPM,Month-to-month,DSL,Mailed check,1,0-6m,45.6,45.6,0,0,0.31326450432262076,4
0719-SYFRB,Month-to-month,DSL,Mailed check,12,12-24m,61.65,713.75,3,1,0.23688680588901095,5
8208-EUMTE,Two year,DSL,Mailed check,16,12-24m,54.85,916.15,5,0,0.06888796747536212,7
5172-MIGPM,Month-to-month,DSL,Mailed check,4,0-6m,65.55,237.2,2,0,0.32930068335774326,4
1710-RCXUS,One year,Fiber optic,Credit card (automatic),51,48-72m,90.35,4614.55,2,0,0.1743095045253459,6
0374-FIUCA,Two year,No,Credit card (automatic),65,48-72m,20.4,1414.45,0,0,0.008388764685780741,10
5839-SUYVZ,Month-to-month,Fiber optic,Credit card (automatic),16,12-24m,74.55,1170.5,1,0,0.40707877096650463,3
5173-ZXXXL,One year,No,Mailed check,2,0-6m,19.95,47.7,0,0,0.08707305614322101,7
1096-ADRUX,One year,Fiber optic,Bank transfer (automatic),66,48-72m,74.25,4859.25,0,0,0.08642186957958332,7
2001-MCUUW,Two year,Fiber optic,Electronic check,46,24-48m,108.65,4903.2,5,0,0.13464199705286917,6
2731-GJRDG,One year,Fiber optic,Bank transfer (automatic),32,24-48m,109.55,3608.0,5,0,0.23321851728655094,5
4723-BEGSG,Two year,DSL,Credit card (automatic),72,72m+,86.65,6094.25,5,0,0.011573940916109221,10
6516-NKQBO,Two year,DSL,Credit card (automatic),38,24-48m,81.0,3084.9,5,0,0.023603583372519703,9
8672-OAUPW,One year,DSL,Credit card (automatic),51,48-72m,47.85,2356.75,1,0,0.026978759524402457,9
8207-DMRVL,Two year,Fiber optic,Bank transfer (automatic),72,72m+,114.55,8306.05,6,0,0.022327096830787277,9
3419-SNJJD,Month-to-month,Fiber optic,Bank transfer (automatic),65,48-72m,105.25,6786.4,4,1,0.18890626898493892,5
6543-CPZMK,Month-to-month,DSL,Electronic check,9,6-12m,29.95,248.95,1,1,0.48110074260841035,3
4765-OXPPD,Month-to-month,DSL,Mailed check,9,6-12m,65.0,663.05,4,1,0.10989678482710646,7
2804-ETQDK,Two year,No,Mailed check,66,48-72m,20.55,1357.1,0,0,0.0051993780226308895,10
6689-VRRTK,One year,Fiber optic,Credit card (automatic),44,24-48m,109.8,4860.35,5,0,0.2515177283123313,5
7138-GIRSH,Two year,DSL,Bank transfer (automatic),50,48-72m,69.5,3418.2,3,0,0.027915135539110222,9
9396-ZSFLL,Month-to-month,DSL,Mailed check,15,12-24m,48.85,631.4,0,0,0.28388266954242003,4
6464-KEXXH,Month-to-month,DSL,Credit card (automatic),8,6-12m,25.25,186.3,0,0,0.4612562955899452,3
7134-MJPDY,One year,Fiber optic,Credit card (automatic),66,48-72m,102.85,6976.75,4,0,0.15581463905339468,6
5240-CAOYT,Month-to-month,Fiber optic,Bank transfer (automatic),57,48-72m,87.55,4884.85,3,0,0.13101784979452677,6
4059-IIEBK,Month-to-month,Fiber optic,Bank transfer (automatic),7,6-12m,78.55,522.95,1,0,0.6195626624355197,2
4881-JVQOD,Month-to-month,DSL,Bank transfer (automatic),10,6-12m,34.55,362.6,1,0,0.5021154634770121,3
0516-UXRMT,One year,Fiber optic,Electronic check,62,48-72m,92.05,5755.8,3,0,0.10836762511107333,7
4851-BQDNX,One year,Fiber optic,Electronic check,40,24-48m,85.05,3355.65,2,0,0.2562458139534401,5
5148-HKFIR,Two year,No,Mailed check,20,12-24m,19.7,406.95,0,0,0.028215829009144388,9
1009-IRMNA,Month-to-month,No,Bank transfer (automatic),7,6-12m,20.0,137.6,0,1,0.1410533707930454,6
3003-CMDUU,Month-to-month,Fiber optic,Electronic check,25,24-48m,95.15,2395.7,3,0,0.5497039280082039,2
5016-IBERQ,Month-to-month,Fiber optic,Electronic check,23,12-24m,84.25,1968.1,2,0,0.4810924387487487,3
6797-UCJHZ,One year,Fiber optic,Credit card (automatic),66,48-72m,104.6,6819.45,4,0,0.13213119361144193,6
2469-DTSGX,Two year,Fiber optic,Electronic check,72,72m+,111.65,7943.45,5,0,0.06967861761507381,7
4554-YGZIH,Month-to-month,Fiber optic,Credit card (automatic),49,48-72m,90.05,4547.25,2,1,0.2885815829901678,4
5099-BAILX,Month-to-month,Fiber optic,Bank transfer (automatic),43,24-48m,110.75,4687.9,5,1,0.35257850444008293,4
9931-KGHOA,Month-to-month,DSL,Bank transfer (automatic),46,24-48m,55.0,2473.95,1,0,0.08081043937360227,7
1775-KWJKQ,Two year,DSL,Credit card (automatic),72,72m+,89.85,6562.9,6,0,0.009600174779465917,10
7665-VIGUD,One year,No,Mailed check,10,6-12m,20.35,176.3,0,0,0.06731069593370546,7
9411-TPQQV,One year,DSL,Bank transfer (automatic),40,24-48m,54.55,2236.2,4,0,0.10784284669620617,7
7207-RMRDB,Month-to-month,Fiber optic,Electronic check,65,48-72m,105.5,6985.65,4,1,0.3175091687738466,4
7954-MLBUN,Two year,Fiber optic,Bank transfer (automatic),31,24-48m,99.45,3109.9,4,0,0.11779113145207573,6
2077-DDHJK,Two year,DSL,Credit card (automatic),68,48-72m,70.9,4911.35,4,0,0.007139292219442654,10
4913-EHYUI,One year,Fiber optic,Bank transfer (automatic),56,48-72m,104.55,5794.65,4,1,0.16162895030809918,6
0195-IESCP,Month-to-month,Fiber optic,Electronic check,10,6-12m,85.25,855.3,1,1,0.7377778436625634,1
9574-BOSMD,Two year,No,Bank transfer (automatic),68,48-72m,25.4,1620.2,0,0,0.0060604646897602765,10
4580-TMHJU,Month-to-month,DSL,Electronic check,43,24-48m,56.15,2499.3,1,1,0.1571172358709834,6
0970-ETWGE,Month-to-month,Fiber optic,Electronic check,1,0-6m,89.55,89.55,2,1,0.8105258931602094,1
4908-XAXAY,One year,Fiber optic,Bank transfer (automatic),49,48-72m,89.85,4287.2,3,0,0.1796800244544926,5
8404-VLQFB,Month-to-month,No,Electronic check,15,12-24m,25.25,394.85,0,0,0.2256581346926682,5
1626-ERCMM,Month-to-month,Fiber optic,Electronic check,20,12-24m,94.55,1899.65,2,1,0.7762021128908362,1
0887-HJGAR,Month-to-month,DSL,Mailed check,1,0-6m,45.7,45.7,0,1,0.3914174145412122,3
2391-IPLOP,One year,DSL,Electronic check,50,48-72m,69.65,3442.15,3,0,0.08842645183846913,7
5644-PDMZC,Month-to-month,Fiber optic,Electronic check,2,0-6m,89.5,161.5,2,1,0.7651428478767843,1
3509-GWQGF,Month-to-month,Fiber optic,Credit card (automatic),24,24-48m,70.0,1732.6,0,0,0.39437627357761557,3
9576-ANLXO,Month-to-month,Fiber optic,Bank transfer (automatic),3,0-6m,69.55,222.3,0,1,0.5976767376900973,2
2024-BASKD,Month-to-month,Fiber optic,Mailed check,1,0-6m,74.6,74.6,1,1,0.6068923351280453,2
5845-BZZIB,Two year,No,Mailed check,35,24-48m,20.1,655.3,0,0,0.013718992141032388,10
1140-UKVZG,Month-to-month,No,Mailed check,17,12-24m,24.8,475.25,0,0,0.1353601207913245,6
4160-AMJTL,Month-to-month,No,Electronic check,8,6-12m,19.65,164.3,0,1,0.23515002847016656,5
5183-SNMJQ,Month-to-month,Fiber optic,Credit card (automatic),10,6-12m,95.1,865.1,3,0,0.5906912242273261,2
8100-PNJMH,Two year,DSL,Credit card (automatic),68,48-72m,88.85,6132.7,6,0,0.015803536186202196,9
7838-LAZFO,One year,DSL,Bank transfer (automatic),45,24-48m,78.8,3597.5,5,0,0.051166985813723004,8
4464-JCOLN,One year,No,Mailed check,2,0-6m,19.85,35.9,0,1,0.0711582901480104,7
2085-JVGAD,Month-to-month,No,Bank transfer (automatic),37,24-48m,20.35,697.65,0,0,0.05217876460046067,8
5650-VDUDS,Month-to-month,DSL,Mailed check,4,0-6m,24.25,96.05,0,1,0.494139475127649,3
8095-WANWK,Month-to-month,DSL,Mailed check,10,6-12m,45.25,428.7,0,0,0.25364791063998365,5
3030-ZKIWL,Month-to-month,No,Mailed check,1,0-6m,20.05,20.05,0,0,0.16653073965770537,6
9565-FLVCG,Two year,DSL,Mailed check,65,48-72m,69.55,4459.15,3,0,0.017862053338265103,9
8755-OGKNA,Two year,No,Bank transfer (automatic),57,48-72m,19.5,1167.6,0,0,0.0067171878917283954,10
2800-VEQXM,Month-to-month,Fiber optic,Mailed check,3,0-6m,74.75,238.1,1,0,0.5898504715407157,2
7538-GWHML,Month-to-month,Fiber optic,Electronic check,2,0-6m,69.65,145.15,0,1,0.6264689686949327,2
5533-RJFTJ,Month-to-month,DSL,Bank transfer (automatic),49,48-72m,30.2,1453.1,1,0,0.1709263818241243,6
3859-CVCET,Month-to-month,DSL,Mailed check,4,0-6m,45.65,191.05,0,1,0.2917191556618941,4
0214-JHPFW,Two year,DSL,Bank transfer (automatic),70,48-72m,57.8,4039.3,5,0,0.02113948218725759,9
5642-MHDQT,One year,No,Bank transfer (automatic),53,48-72m,19.85,1039.45,0,0,0.01918027687090528,9
3088-FVYWK,Two year,No,Credit card (automatic),53,48-72m,25.55,1336.1,0,0,0.010186920293619464,10
3276-HDUEG,Month-to-month,Fiber optic,Mailed check,1,0-6m,75.05,75.05,0,1,0.6758598072339603,1
9092-GDZKO,Month-to-month,No,Credit card (automatic),22,12-24m,24.85,493.4,0,0,0.16098441418921958,6
0823-HSCDJ,Month-to-month,DSL,Electronic check,52,48-72m,49.15,2550.9,3,1,0.37496751014575613,4
3729-OWRVL,Two year,Fiber optic,Electronic check,65,48-72m,110.35,7246.15,5,0,0.09471597055694128,7
2324-AALNO,One year,No,Bank transfer (automatic),48,48-72m,24.55,1203.95,0,0,0.0267240038807191,9
0822-GAVAP,Month-to-month,DSL,Electronic check,2,0-6m,34.7,62.25,1,1,0.6715778208044152,1
5760-IFJOZ,Month-to-month,Fiber optic,Mailed check,3,0-6m,107.95,313.6,4,0,0.6674290419930022,2
2826-UWHIS,Month-to-month,Fiber optic,Bank transfer (automatic),45,24-48m,81.4,3775.85,1,0,0.21740845130801653,5
1448-PWKYE,Month-to-month,Fiber optic,Electronic check,1,0-6m,80.0,80.0,1,1,0.6370417444397243,2
7501-IWUNG,Two year,DSL,Bank transfer (automatic),61,48-72m,73.8,4616.05,4,0,0.022868335549550572,9
4957-TREIR,Month-to-month,DSL,Credit card (automatic),3,0-6m,64.4,195.65,3,0,0.2974764887163822,4
7251-LJBQN,One year,Fiber optic,Credit card (automatic),40,24-48m,103.75,4188.4,4,0,0.3022353775098361,4
8040-MNRTF,Month-to-month,Fiber optic,Mailed check,1,0-6m,71.1,71.1,0,0,0.5187700727569334,3
1536-HBSWP,Month-to-month,DSL,Electronic check,1,0-6m,49.9,49.9,1,0,0.4162185313828623,3
5313-FPXWG,One year,No,Bank transfer (automatic),51,48-72m,24.6,1266.4,0,0,0.033852906978552165,8
0067-DKWBL,Month-to-month,DSL,Electronic check,2,0-6m,49.25,91.1,1,1,0.4631117019174266,3
0946-FKYTX,One year,DSL,Mailed check,52,48-72m,30.1,1623.4,1,0,0.057362880727458,8
5076-YVXCM,Month-to-month,Fiber optic,Bank transfer (automatic),51,48-72m,83.4,4149.45,1,0,0.26752421158172535,5
8262-COGGB,Month-to-month,No,Mailed check,1,0-6m,20.45,20.45,0,0,0.2185510220425151,5
6663-JOCQO,One year,DSL,Bank transfer (automatic),31,24-48m,75.25,2344.5,4,0,0.0664461831378538,7
9620-QJREV,One year,No,Credit card (automatic),47,24-48m,20.55,1013.05,0,0,0.018020911407272956,9
2276-YDAVZ,Month-to-month,Fiber optic,Credit card (automatic),3,0-6m,75.1,270.7,0,1,0.6666869347975597,2
2682-KEVRP,One year,No,Mailed check,22,12-24m,20.05,417.0,0,0,0.07849059621043428,7
2480-JZOSN,Month-to-month,No,Mailed check,1,0-6m,20.65,20.65,0,0,0.20521066484778258,5
0078-XZMHT,Two year,DSL,Bank transfer (automatic),72,72m+,85.15,6316.2,5,0,0.021692303080151812,9
5896-NPFWW,Month-to-month,DSL,Electronic check,3,0-6m,50.15,168.15,1,1,0.42569755639569024,3
9978-HYCIN,One year,Fiber optic,Bank transfer (automatic),47,24-48m,84.95,4018.05,2,0,0.170596010891141,6
8338-QIUNR,Two year,DSL,Credit card (automatic),72,72m+,66.5,4811.6,3,0,0.008174375040427952,10
1525-LNLOJ,Two year,DSL,Bank transfer (automatic),66,48-72m,63.3,4189.7,2,0,0.029096248560735304,9
9450-TRJUU,Month-to-month,Fiber optic,Electronic check,35,24-48m,83.15,2848.45,1,0,0.5109700221843354,3
1766-GKNMI,Month-to-month,Fiber optic,Electronic check,29,24-48m,84.9,2516.2,1,0,0.6174437394191202,2
6942-LBFDP,Month-to-month,No,Mailed check,2,0-6m,20.55,33.6,0,0,0.2124541504757462,5
1456-TWCGB,Month-to-month,DSL,Mailed check,4,0-6m,49.25,208.45,1,0,0.2810570709202236,4
7133-VBDCG,Month-to-month,Fiber optic,Bank transfer (automatic),25,24-48m,79.85,2015.35,2,1,0.30950876763972873,4
7596-ZYWBB,Two year,DSL,Mailed check,65,48-72m,59.6,3739.8,3,0,0.009251001699261886,10
8329-UTMVM,One year,Fiber optic,Bank transfer (automatic),27,24-48m,104.65,2964.0,4,0,0.37603613424974514,4
3014-WJKSM,Month-to-month,Fiber optic,Credit card (automatic),29,24-48m,75.3,2263.4,1,0,0.36056855197090926,4
3347-YJZZE,Month-to-month,DSL,Credit card (automatic),29,24-48m,80.1,2211.8,4,0,0.23577147738052628,5
1029-QFBEN,Month-to-month,No,Mailed check,1,0-6m,19.55,19.55,0,1,0.1682162098501138,6
7929-DMBCV,Month-to-month,Fiber optic,Mailed check,20,12-24m,81.0,1683.7,2,0,0.33831570459199645,4
9661-JALZV,Two year,No,Credit card (automatic),58,48-72m,24.7,1519.0,0,0,0.015419580650416861,9
5433-KYGHE,Month-to-month,Fiber optic,Mailed check,14,12-24m,86.0,1164.05,2,0,0.3558084221842329,4
4312-KFRXN,Two year,No,Mailed check,72,72m+,25.4,1710.9,0,0,0.006105020927717208,10
5575-TPIZQ,Month-to-month,Fiber optic,Credit card (automatic),46,24-48m,89.15,4245.55,2,0,0.3137229569477354,4
0114-IGABW,Two year,DSL,Bank transfer (automatic),71,48-72m,58.25,4145.9,5,0,0.020237401670373724,9
9944-AEXBM,Month-to-month,Fiber optic,Bank transfer (automatic),32,24-48m,85.65,2664.3,1,0,0.48090758616325485,3
1853-ARAAQ,Month-to-month,DSL,Credit card (automatic),26,24-48m,50.35,1277.5,3,0,0.4422284111498554,3
6952-OMNWB,Month-to-month,Fiber optic,Credit card (automatic),68,48-72m,80.35,5589.3,1,0,0.2007330911400672,5
4697-LUPSU,One year,No,Mailed check,2,0-6m,20.2,34.75,0,0,0.07060075013279125,7
8434-VGEQQ,Two year,No,Credit card (automatic),61,48-72m,20.55,1305.95,0,0,0.005858919106323759,10
4952-YSOGZ,Month-to-month,Fiber optic,Electronic check,4,0-6m,85.95,381.3,1,1,0.7451527726181841,1
1589-AGTLK,Month-to-month,DSL,Electronic check,3,0-6m,45.35,141.5,0,1,0.48509704112767643,3
5244-IRFIH,Month-to-month,Fiber optic,Electronic check,33,24-48m,94.5,3105.55,2,1,0.6915721109468493,1
6549-YMFAW,Month-to-month,No,Mailed check,9,6-12m,21.25,204.55,0,0,0.19443141556929402,5
4950-HKQTE,Two year,No,Mailed check,22,12-24m,26.25,605.9,0,0,0.03370892944501977,8
6786-OBWQR,Month-to-month,Fiber optic,Electronic check,5,0-6m,80.85,356.1,1,0,0.6950948301002942,1
2684-EIWEO,Month-to-month,Fiber optic,Credit card (automatic),30,24-48m,91.7,2758.15,3,1,0.29787222819289805,4
2753-JMMCV,Two year,DSL,Credit card (automatic),65,48-72m,74.2,4805.65,4,0,0.022634794926636028,9
6439-GTPCA,Month-to-month,Fiber optic,Electronic check,45,24-48m,87.25,3941.7,2,1,0.3233894535930966,4
6621-YOBKI,Month-to-month,No,Mailed check,5,0-6m,20.35,92.75,0,0,0.14776261049206532,6
1216-JWVUX,Month-to-month,Fiber optic,Electronic check,25,24-48m,75.5,1901.05,1,0,0.4405468566652455,3
7564-GHCVB,Two year,Fiber optic,Bank transfer (automatic),72,72m+,79.05,5730.7,1,0,0.02072263719286428,9
1173-NOEYG,Month-to-month,Fiber optic,Bank transfer (automatic),27,24-48m,90.15,2423.4,2,0,0.4157587204813697,3
7595-EHCDL,Month-to-month,DSL,Credit card (automatic),32,24-48m,50.6,1653.45,3,0,0.2674593584310726,5
6647-ZEDXT,One year,Fiber optic,Credit card (automatic),30,24-48m,110.45,3327.05,5,0,0.23333209453772347,5
2521-NPUZR,Two year,Fiber optic,Credit card (automatic),70,48-72m,101.0,7085.5,5,0,0.015081371921633991,9
1307-TVUFB,Month-to-month,Fiber optic,Bank transfer (automatic),42,24-48m,79.35,3344.1,1,0,0.3791824473901537,4
7503-MIOGA,Two year,DSL,Bank transfer (automatic),72,72m+,89.85,6697.35,6,0,0.018889918106920454,9
4381-MHQDC,Two year,DSL,Mailed check,47,24-48m,65.0,2879.9,3,0,0.02351100467278629,9
6923-JHPMP,Month-to-month,Fiber optic,Electronic check,2,0-6m,80.45,137.1,2,0,0.612044890608987,2
5138-WVKYJ,Month-to-month,Fiber optic,Electronic check,10,6-12m,98.55,1008.55,3,1,0.6797180068663666,1
4018-PPNDW,Two year,No,Mailed check,61,48-72m,24.1,1551.6,0,0,0.011079964593842879,10
1635-FJFCC,Month-to-month,DSL,Credit card (automatic),5,0-6m,44.05,202.15,0,0,0.3754044696318178,4
2499-AJYUA,Two year,Fiber optic,Credit card (automatic),72,72m+,110.8,7882.25,5,0,0.06216336889685283,8
6919-ELBGL,Two year,Fiber optic,Bank transfer (automatic),72,72m+,114.95,8196.4,6,0,0.038168305284223644,8
3966-HRMZA,Month-to-month,Fiber optic,Mailed check,3,0-6m,75.05,202.9,1,0,0.5563550294665378,2
6425-JWTDV,Two year,No,Mailed check,48,48-72m,19.25,855.1,0,0,0.010503070406341533,10
8405-IGQFX,One year,Fiber optic,Credit card (automatic),63,48-72m,90.05,5817.0,3,0,0.08406303965819144,7
8224-IVVPA,Month-to-month,DSL,Mailed check,27,24-48m,56.7,1652.95,2,0,0.14293964586001287,6
9477-LGWQI,Two year,DSL,Credit card (automatic),70,48-72m,80.15,5600.15,5,0,0.015340506555260355,9
1410-RSCMR,Month-to-month,DSL,Credit card (automatic),7,6-12m,71.35,515.75,4,0,0.20482355706441926,5
3115-CZMZD,Two year,No,Mailed check,0,0-6m,20.25,0.0,0,0,0.04626049893595083,8
0139-IVFJG,Month-to-month,Fiber optic,Electronic check,2,0-6m,90.35,190.5,3,0,0.5712245236392752,2
6683-VLCTZ,Month-to-month,Fiber optic,Electronic check,20,12-24m,98.55,1842.8,3,1,0.789154604348641,1
5730-DBDSI,Two year,No,Bank transfer (automatic),66,48-72m,19.7,1253.8,0,0,0.006166386739940388,10
0030-FNXPP,Month-to-month,No,Mailed check,3,0-6m,19.85,57.2,0,0,0.1580417258889313,6
2189-WWOEW,Month-to-month,Fiber optic,Bank transfer (automatic),15,12-24m,85.9,1269.55,2,1,0.49217236649644047,3
5684-FJVYR,Two year,Fiber optic,Bank transfer (automatic),72,72m+,90.35,6563.4,3,0,0.01827144374720161,9
4013-GUXND,Month-to-month,No,Mailed check,1,0-6m,20.8,20.8,0,0,0.16402791018161308,6
1894-IGFSG,Month-to-month,Fiber optic,Electronic check,22,12-24m,89.25,1907.85,2,1,0.6006458233572303,2
7379-POKDZ,Month-to-month,Fiber optic,Electronic check,3,0-6m,70.3,208.85,0,1,0.6766939008099119,1
1266-NZYUI,Two year,DSL,Bank transfer (automatic),72,72m+,66.85,4758.8,3,0,0.005622245246069281,10
7969-FFOWG,Two year,No,Mailed check,65,48-72m,19.9,1292.6,0,0,0.005068110452607465,10
4718-DHSMV,Month-to-month,DSL,Mailed check,11,6-12m,35.8,363.15,1,0,0.5040087614969703,3
5175-WLYXL,Month-to-month,Fiber optic,Mailed check,22,12-24m,78.85,1600.25,1,0,0.49280748762282134,3
7817-OMJNA,One year,No,Bank transfer (automatic),14,12-24m,20.4,275.7,0,0,0.059522621023161235,8
8728-SKJLR,Month-to-month,Fiber optic,Electronic check,41,24-48m,74.25,3089.1,1,0,0.3108117087231865,4
3137-NYQQI,One year,DSL,Mailed check,17,12-24m,64.8,1175.6,3,0,0.09144211043160856,7
7706-DZNKK,Month-to-month,No,Credit card (automatic),11,6-12m,20.45,237.3,0,0,0.1702776043184747,6
0236-HFWSV,Month-to-month,Fiber optic,Electronic check,15,12-24m,93.35,1444.65,2,1,0.7857921118184716,1
3900-AQPHZ,Month-to-month,No,Mailed check,1,0-6m,19.9,19.9,0,1,0.16703495707921406,6
5842-POCOP,Month-to-month,Fiber optic,Mailed check,5,0-6m,88.9,454.15,3,1,0.529629043669101,3
2037-XJFUP,One year,Fiber optic,Electronic check,33,24-48m,95.8,3036.75,3,1,0.3870069863024402,4
8823-RLPWL,Two year,Fiber optic,Credit card (automatic),72,72m+,110.65,8065.65,5,0,0.050485202981355816,8
9505-SQFSW,Month-to-month,DSL,Mailed check,3,0-6m,40.3,92.5,2,0,0.394860130970769,3
7314-OXENN,Month-to-month,Fiber optic,Electronic check,2,0-6m,82.0,184.65,1,1,0.7327284534230245,1
3758-CKOQL,One year,Fiber optic,Credit card (automatic),59,48-72m,107.0,6152.3,5,0,0.06855342062667148,7
0322-CHQRU,Month-to-month,DSL,Electronic check,2,0-6m,45.35,89.5,0,1,0.40807100433698407,3
5676-CFLYY,Two year,DSL,Credit card (automatic),71,48-72m,73.35,5154.5,4,0,0.015969503529247118,9
7521-AFHAB,Month-to-month,DSL,Mailed check,5,0-6m,44.8,220.45,0,0,0.24570040829057874,5
0285-INHLN,Month-to-month,DSL,Credit card (automatic),27,24-48m,54.75,1510.3,2,0,0.12580956508914418,6
4678-DVQEO,Month-to-month,DSL,Electronic check,1,0-6m,52.2,52.2,1,1,0.4027665659333066,3
5125-CNDSP,One year,DSL,Bank transfer (automatic),63,48-72m,40.6,2588.95,3,0,0.02414958661975527,9
0691-IFBQW,One year,Fiber optic,Electronic check,46,24-48m,110.0,4874.8,5,1,0.32103053013388483,4
4992-LTJNE,Two year,DSL,Bank transfer (automatic),72,72m+,55.3,3983.6,1,0,0.008510262450961894,10
2202-OUTMO,Month-to-month,DSL,Bank transfer (automatic),34,24-48m,60.85,2003.6,2,0,0.11313658026981067,7
0810-BDHAW,One year,DSL,Electronic check,24,24-48m,78.4,1832.4,4,0,0.16757689105451232,6
0229-LFJAF,Two year,DSL,Bank transfer (automatic),72,72m+,69.65,4908.25,4,0,0.0067820685290712075,10
7131-ZQZNK,Two year,DSL,Credit card (automatic),60,48-72m,59.85,3590.2,5,0,0.01887080061980653,9
3442-ZHHCC,One year,DSL,Credit card (automatic),68,48-72m,76.9,5023.0,4,0,0.033905079260892854,8
5726-CVNYA,Two year,No,Mailed check,8,6-12m,19.85,146.6,0,0,0.046765940740045954,8
9871-ELEYA,Two year,DSL,Credit card (automatic),34,24-48m,67.65,2339.3,4,0,0.024756672204661264,9
4257-GAESD,Month-to-month,DSL,Credit card (automatic),6,6-12m,45.0,298.7,2,0,0.5315572117455198,3
5173-WXOQV,Month-to-month,DSL,Mailed check,2,0-6m,64.2,143.65,3,0,0.32852031605929854,4
2040-OBMLJ,One year,Fiber optic,Credit card (automatic),31,24-48m,81.7,2548.65,1,0,0.15464218882773964,6
6286-ZHAOK,Month-to-month,No,Bank transfer (automatic),20,12-24m,25.55,507.4,0,0,0.13651776854757802,6
3807-XHCJH,Month-to-month,No,Electronic check,1,0-6m,20.0,20.0,0,0,0.1993766614162028,5
3009-JWMPU,One year,Fiber optic,Electronic check,62,48-72m,96.75,6125.4,3,1,0.2740286370508662,4
5671-RQRLP,Two year,Fiber optic,Credit card (automatic),70,48-72m,75.65,5411.4,0,0,0.06115734906086906,8
1450-GALXR,Month-to-month,Fiber optic,Electronic check,10,6-12m,98.5,1058.25,3,1,0.751659663022068,1
8859-AXJZP,Two year,No,Mailed check,39,24-48m,23.8,903.8,0,0,0.023112374400370114,9
3174-AKMAS,Two year,DSL,Credit card (automatic),46,24-48m,64.2,3009.5,3,0,0.03242935305008065,9
3138-BKYAV,Month-to-month,Fiber optic,Electronic check,6,6-12m,85.35,489.45,2,1,0.7186951298396989,1
9926-PJHDQ,Two year,DSL,Bank transfer (automatic),72,72m+,76.8,5468.45,3,0,0.027858994073707094,9
7382-DFJTU,Month-to-month,DSL,Credit card (automatic),18,12-24m,55.2,1058.1,2,0,0.1544343482372641,6
2798-NYLMZ,Two year,Fiber optic,Credit card (automatic),71,48-72m,108.55,7616.0,5,0,0.04226336028173832,8
4289-DTDKW,Month-to-month,Fiber optic,Electronic check,40,24-48m,101.3,4113.1,3,1,0.5562911311008478,2
1820-TQVEV,Month-to-month,Fiber optic,Electronic check,1,0-6m,69.55,69.55,0,1,0.7107697210568611,1
2239-JALAW,One year,Fiber optic,Bank transfer (automatic),58,48-72m,103.25,6017.65,4,1,0.19812486467490836,5
4853-RULSV,Two year,Fiber optic,Credit card (automatic),70,48-72m,104.0,7250.15,4,1,0.04743824997594019,8
8098-TDCBU,Two year,No,Electronic check,42,24-48m,25.25,1108.2,0,0,0.025606896731250956,9
3551-GAEGL,One year,DSL,Bank transfer (automatic),34,24-48m,30.4,938.65,1,0,0.06317447070672164,7
4785-NKHCX,Month-to-month,No,Bank transfer (automatic),5,0-6m,20.05,94.15,0,0,0.17883916794805438,5
3196-NVXLZ,Month-to-month,Fiber optic,Mailed check,25,24-48m,84.6,2088.05,1,0,0.5623443210646158,2
6275-YDUVO,Month-to-month,Fiber optic,Mailed check,2,0-6m,86.2,178.7,2,1,0.6465093530939302,2
0036-IHMOT,One year,Fiber optic,Bank transfer (automatic),55,48-72m,103.7,5656.75,5,0,0.10204174259598496,7
0115-TFERT,Month-to-month,Fiber optic,Electronic check,21,12-24m,111.2,2317.1,5,1,0.6196024348060515,2
4178-EGMON,Two year,Fiber optic,Credit card (automatic),70,48-72m,88.0,5986.45,3,0,0.02434092342867944,9
4220-TINQT,Month-to-month,Fiber optic,Electronic check,61,48-72m,106.35,6751.35,4,0,0.3152748420655786,4
5318-YKDPV,Two year,DSL,Credit card (automatic),43,24-48m,79.15,3566.6,5,0,0.02931254200614893,9
7975-TZMLR,One year,Fiber optic,Electronic check,47,24-48m,103.1,4889.3,4,0,0.35702942512517793,4
0295-QVKPB,Month-to-month,DSL,Credit card (automatic),5,0-6m,63.95,318.1,3,0,0.36028108477871434,4
4335-BSMJS,Two year,No,Credit card (automatic),62,48-72m,25.8,1563.95,0,0,0.013154237810064816,10
2311-QYMUQ,Month-to-month,Fiber optic,Credit card (automatic),16,12-24m,89.45,1430.25,3,1,0.49126276866472235,3
3643-AHCFP,Month-to-month,Fiber optic,Bank transfer (automatic),7,6-12m,95.6,644.35,2,1,0.7719987692198669,1
9146-JRIOX,Month-to-month,No,Mailed check,14,12-24m,25.55,372.45,0,0,0.11992720675720235,6
3104-OWCGK,One year,Fiber optic,Electronic check,60,48-72m,90.95,5453.4,3,1,0.10044699495872114,7
5337-IIWKZ,Month-to-month,DSL,Electronic check,34,24-48m,44.85,1442.6,3,0,0.28991626557506556,4
9101-BWFSS,One year,Fiber optic,Electronic check,50,48-72m,108.55,5610.7,5,1,0.1394808246107542,6
9650-VBUOG,Two year,No,Credit card (automatic),38,24-48m,25.05,963.95,0,0,0.016962785392029785,9
3487-EARAT,One year,DSL,Credit card (automatic),70,48-72m,74.1,5222.3,5,0,0.010333652445708368,10
2672-TGEFF,Month-to-month,Fiber optic,Electronic check,37,24-48m,88.8,3340.55,2,0,0.4998131269370605,3
9231-ZJYAM,Month-to-month,Fiber optic,Electronic check,4,0-6m,78.85,292.8,1,1,0.793125168080931,1
4250-WAROZ,Month-to-month,Fiber optic,Electronic check,60,48-72m,93.25,5774.55,3,0,0.27280569287362777,4
8184-WMOFI,One year,DSL,Credit card (automatic),62,48-72m,71.4,4487.3,4,0,0.013892886777776461,10
6982-SSHFK,Month-to-month,DSL,Mailed check,1,0-6m,44.4,44.4,0,1,0.3195426150463236,4
6092-QZVPP,Month-to-month,DSL,Credit card (automatic),36,24-48m,79.2,2854.95,5,0,0.14853848836201825,6
4625-LAMOB,Two year,No,Credit card (automatic),44,24-48m,20.4,905.55,0,0,0.012909994747877055,10
0727-BMPLR,One year,Fiber optic,Electronic check,55,48-72m,100.0,5509.3,3,1,0.35408849652298174,4
0392-BZIUW,Two year,Fiber optic,Credit card (automatic),72,72m+,105.0,7589.8,4,0,0.05559255669941997,8
1038-ZAGBI,One year,No,Bank transfer (automatic),12,12-24m,19.8,229.6,0,1,0.052165054345934,8
6549-NNDYT,Month-to-month,DSL,Bank transfer (automatic),13,12-24m,30.85,394.1,1,0,0.32626108686947275,4
3027-ZTDHO,Month-to-month,Fiber optic,Electronic check,1,0-6m,89.9,89.9,2,1,0.8092222980354256,1
0422-OHQHQ,One year,No,Mailed check,15,12-24m,20.55,295.95,0,0,0.04638148098277188,8
6916-HIJSE,Two year,DSL,Bank transfer (automatic),65,48-72m,84.85,5459.2,6,0,0.015610950948621157,9
2316-ESMLS,One year,DSL,Credit card (automatic),12,12-24m,33.15,444.75,2,0,0.09652851522346484,7
9778-OGKQZ,Two year,DSL,Credit card (automatic),72,72m+,92.0,6782.15,6,0,0.014833808933895978,9
7408-OFWXJ,Two year,DSL,Credit card (automatic),72,72m+,89.8,6510.45,6,0,0.009611681050149375,10
6007-TCTST,Two year,Fiber optic,Bank transfer (automatic),72,72m+,115.8,8476.5,6,0,0.030364437426548166,9
2252-NKNSI,Two year,DSL,Mailed check,52,48-72m,85.15,4461.85,5,0,0.027828682763254946,9
8713-IGZSO,Month-to-month,No,Mailed check,2,0-6m,24.85,62.0,0,0,0.20572460806922757,5
7905-TVXTA,Month-to-month,DSL,Electronic check,5,0-6m,64.35,352.65,3,0,0.37477111262525586,4
7695-PKLCZ,Two year,No,Credit card (automatic),68,48-72m,20.5,1424.9,0,0,0.005784998286695097,10
2382-BCKQJ,One year,Fiber optic,Electronic check,62,48-72m,100.15,6413.65,3,1,0.23094363050972522,5
8374-UULRV,Two year,DSL,Credit card (automatic),72,72m+,86.05,6309.65,5,0,0.01188268827507075,10
2207-NHRJK,Month-to-month,DSL,Electronic check,1,0-6m,50.8,50.8,1,1,0.39287957122660144,3
3224-DFQNQ,One year,Fiber optic,Electronic check,66,48-72m,89.0,5898.6,3,0,0.05102157598785943,8
5275-PMFUT,Two year,DSL,Credit card (automatic),72,72m+,64.8,4719.75,6,0,0.016403678331051306,9
4795-UXVCJ,One year,No,Credit card (automatic),26,24-48m,19.8,457.3,0,0,0.04201294118341896,8
9777-IQHWP,Two year,Fiber optic,Bank transfer (automatic),64,48-72m,93.4,5822.3,3,0,0.03383043780586703,8
0947-MUGVO,Month-to-month,Fiber optic,Electronic check,20,12-24m,73.65,1463.5,1,1,0.5834035166265155,2
9944-HKVVB,Month-to-month,Fiber optic,Electronic check,3,0-6m,95.1,307.4,3,1,0.7836042302876085,1
4124-MMETB,Month-to-month,Fiber optic,Credit card (automatic),22,12-24m,94.65,2104.55,2,1,0.6500257897950549,2
3671-SHRSP,Month-to-month,Fiber optic,Mailed check,4,0-6m,80.6,319.15,2,1,0.4693396663868357,3
0979-MOZQI,Two year,DSL,Bank transfer (automatic),62,48-72m,39.0,2337.45,2,0,0.03286847282345261,9
2732-ISEZX,Month-to-month,No,Mailed check,5,0-6m,20.5,104.3,0,0,0.19624599233587003,5
3313-QKNKB,One year,Fiber optic,Electronic check,59,48-72m,85.55,5084.65,1,1,0.1576666719159509,6
0323-XWWTN,Two year,No,Mailed check,3,0-6m,26.4,121.25,0,0,0.07442920082681032,7
1937-OTUKY,Two year,Fiber optic,Bank transfer (automatic),72,72m+,98.2,7015.9,4,0,0.031982592359549734,9
1573-LGXBA,One year,Fiber optic,Credit card (automatic),57,48-72m,97.55,5598.0,4,0,0.13765109954483684,6
1764-VUUMT,Two year,No,Credit card (automatic),66,48-72m,19.95,1269.1,0,0,0.005418196125589761,10
5073-WXOYN,Month-to-month,DSL,Electronic check,60,48-72m,50.8,3027.4,3,1,0.2618648074016871,5
4713-ZBURT,Two year,Fiber optic,Bank transfer (automatic),45,24-48m,99.7,4634.35,3,0,0.12005794151205597,6
3050-GBUSH,Month-to-month,DSL,Credit card (automatic),3,0-6m,34.8,113.95,1,0,0.5832972854474513,2
0207-MDKNV,Month-to-month,Fiber optic,Electronic check,15,12-24m,105.1,1582.75,5,1,0.46965281070752424,3
7876-AEHIG,One year,DSL,Bank transfer (automatic),51,48-72m,60.15,3077.0,5,0,0.04683694578688397,8
7945-HLKEA,One year,DSL,Electronic check,60,48-72m,64.75,4039.5,3,0,0.03007584273988274,9
9342-VNIMQ,Month-to-month,DSL,Bank transfer (automatic),33,24-48m,54.65,1665.2,1,0,0.21656010290930408,5
9851-KIELU,Month-to-month,Fiber optic,Electronic check,10,6-12m,110.1,1043.3,6,1,0.5760588046725503,2
3523-BRGUW,One year,No,Credit card (automatic),26,24-48m,19.3,504.2,0,0,0.052227340641329105,8
3908-BLSYF,Month-to-month,Fiber optic,Electronic check,6,6-12m,83.9,497.55,2,1,0.6500760044577508,2
3199-NPKCN,One year,Fiber optic,Electronic check,67,48-72m,111.25,7511.65,5,0,0.11425516372169729,7
5170-PTRKA,One year,DSL,Credit card (automatic),49,48-72m,35.8,1782.0,2,0,0.03918636957882874,8
4661-NJEUX,Month-to-month,No,Mailed check,1,0-6m,20.05,20.05,0,0,0.22020798049299475,5
2123-AGEEN,Month-to-month,Fiber optic,Electronic check,7,6-12m,84.35,609.65,2,0,0.7698989927735406,1
1258-YMZNM,One year,Fiber optic,Bank transfer (automatic),27,24-48m,110.5,2857.6,5,0,0.36403421860925805,4
0048-LUMLS,One year,Fiber optic,Credit card (automatic),37,24-48m,91.2,3247.55,2,0,0.18435227805593776,5
7549-MYGPK,Month-to-month,Fiber optic,Electronic check,63,48-72m,100.55,6215.35,4,1,0.21321220226597232,5
5898-IGSLP,Month-to-month,Fiber optic,Electronic check,31,24-48m,89.3,2823.0,3,0,0.2445231326674742,5
3804-RVTGV,Month-to-month,Fiber optic,Bank transfer (automatic),50,48-72m,103.85,5017.9,4,1,0.3414863387729561,4
6259-WJQLC,Month-to-month,Fiber optic,Credit card (automatic),32,24-48m,81.1,2619.25,1,0,0.47164843112429783,3
9227-LUNBG,Month-to-month,DSL,Electronic check,1,0-6m,24.6,24.6,0,1,0.540814394784233,2
7997-EASSD,One year,Fiber optic,Credit card (automatic),63,48-72m,81.2,4965.1,1,0,0.07639710854132674,7
0730-KOAVE,Month-to-month,Fiber optic,Credit card (automatic),30,24-48m,94.3,2679.7,3,0,0.40016344197242903,3
8975-SKGRX,Two year,Fiber optic,Bank transfer (automatic),71,48-72m,116.1,8310.55,6,0,0.03588855088730936,8
0678-RLHVP,Two year,Fiber optic,Electronic check,53,48-72m,105.55,5682.25,4,0,0.14366938900358342,6
4315-MURBD,Month-to-month,Fiber optic,Bank transfer (automatic),12,12-24m,98.9,1120.95,4,1,0.4853650570569453,3
2267-FPIMA,Month-to-month,Fiber optic,Credit card (automatic),50,48-72m,94.4,4914.9,3,0,0.23954102429719837,5
1051-GEJLJ,Month-to-month,No,Mailed check,2,0-6m,19.5,27.55,0,0,0.16372639801780556,6
9734-YWGEX,Month-to-month,Fiber optic,Credit card (automatic),9,6-12m,98.3,923.5,3,1,0.6726404714320493,1
2719-BDAQO,Month-to-month,Fiber optic,Electronic check,17,12-24m,93.85,1625.65,3,1,0.55511591135928,2
5285-MVEHD,One year,Fiber optic,Credit card (automatic),56,48-72m,105.6,6068.65,5,0,0.10974996905680068,7
0379-DJQHR,Two year,DSL,Credit card (automatic),67,48-72m,81.35,5398.6,5,0,0.011706336904503943,10
0781-LKXBR,Month-to-month,Fiber optic,Electronic check,9,6-12m,100.5,918.6,3,1,0.8379123205587605,1
5543-QDCRY,Month-to-month,DSL,Electronic check,4,0-6m,56.4,234.85,1,0,0.5483039579296267,2
0297-RBCSG,One year,DSL,Bank transfer (automatic),19,12-24m,65.35,1231.85,3,0,0.12527884095232095,6
4694-PHWFW,Month-to-month,No,Mailed check,8,6-12m,19.95,170.9,0,0,0.12025780493658778,6
0835-JKADZ,Two year,Fiber optic,Electronic check,71,48-72m,111.25,7984.15,5,0,0.08176483134456514,7
1907-UBQFC,Month-to-month,Fiber optic,Electronic check,10,6-12m,72.85,688.65,1,1,0.68301130709714,1
7508-SMHXL,Month-to-month,Fiber optic,Credit card (automatic),15,12-24m,89.0,1288.3,2,0,0.6017683862639734,2
3865-YIOTT,One year,Fiber optic,Bank transfer (automatic),72,72m+,106.1,7848.5,4,0,0.08030265071701312,7
5993-BQHEA,One year,No,Credit card (automatic),12,12-24m,20.05,267.0,0,0,0.0652618979602405,7
6024-RUGGH,Two year,No,Bank transfer (automatic),72,72m+,25.2,1798.9,0,0,0.007512288462842958,10
6513-EECDB,Month-to-month,Fiber optic,Electronic check,1,0-6m,73.55,73.55,0,1,0.7945918157291202,1
3956-CJUST,Month-to-month,Fiber optic,Bank transfer (automatic),23,12-24m,75.4,1643.55,1,0,0.3902800165910638,3
4079-WWQQQ,Two year,DSL,Bank transfer (automatic),72,72m+,65.55,4807.45,6,0,0.01959436395870663,9
6103-BOCOU,Month-to-month,Fiber optic,Electronic check,26,24-48m,80.7,2193.0,1,0,0.5733163796064171,2
5149-TGWDZ,One year,Fiber optic,Mailed check,21,12-24m,104.55,2239.4,5,0,0.3027350227702301,4
7471-WNSUF,One year,No,Bank transfer (automatic),60,48-72m,24.15,1505.9,0,0,0.01688574903372549,9
8942-DBMHZ,Month-to-month,No,Mailed check,12,12-24m,20.45,255.35,0,0,0.12023571454463752,6
4301-VVZKA,Month-to-month,Fiber optic,Electronic check,16,12-24m,75.4,1189.4,0,0,0.6427073577161643,2
9199-PWQVC,One year,DSL,Credit card (automatic),63,48-72m,79.7,4786.15,4,0,0.053771775156816,8
4824-GUCBY,Month-to-month,Fiber optic,Electronic check,22,12-24m,81.7,1820.9,2,0,0.39176534394903,3
5393-HJZSM,Month-to-month,DSL,Bank transfer (automatic),32,24-48m,76.3,2404.15,5,0,0.0659412326780649,7
7074-IEVOJ,Month-to-month,Fiber optic,Electronic check,3,0-6m,79.4,205.05,1,1,0.7779930214550357,1
9625-QSTYE,Month-to-month,Fiber optic,Electronic check,13,12-24m,81.15,952.3,2,1,0.5860200573264555,2
0862-PRCBS,Two year,Fiber optic,Credit card (automatic),68,48-72m,103.75,7039.45,4,0,0.05369381243168933,8
8812-ZRHFP,One year,Fiber optic,Electronic check,30,24-48m,86.45,2538.05,2,0,0.2351201859228948,5
5146-CBVOE,Month-to-month,Fiber optic,Bank transfer (automatic),16,12-24m,75.1,1212.85,1,0,0.38062147039476457,4
0454-OKRCT,Two year,Fiber optic,Bank transfer (automatic),33,24-48m,80.6,2651.1,2,0,0.06146355067491003,8
5787-KXGIY,Two year,No,Credit card (automatic),72,72m+,19.3,1304.8,0,0,0.00483361635175627,10
4750-ZRXIU,Month-to-month,Fiber optic,Electronic check,4,0-6m,84.6,360.1,1,1,0.8239549158239129,1
4198-VFOEA,One year,DSL,Mailed check,12,12-24m,33.6,435.45,2,0,0.15358995539089035,6
6630-UJZMY,Month-to-month,Fiber optic,Electronic check,4,0-6m,83.25,308.05,1,0,0.8280175714879,1
5709-LVOEQ,Two year,DSL,Mailed check,0,0-6m,80.85,0.0,5,0,0.10007468719895211,7
6400-BWQKW,Month-to-month,Fiber optic,Electronic check,6,6-12m,79.05,434.5,1,1,0.6607465231497855,2
2692-AQCPF,One year,Fiber optic,Credit card (automatic),65,48-72m,108.05,7118.9,5,0,0.1152438541795999,7
0347-UBKUZ,Month-to-month,No,Mailed check,15,12-24m,19.9,320.45,0,0,0.11126994370824496,7
0835-DUUIQ,One year,No,Bank transfer (automatic),24,24-48m,21.05,531.55,0,0,0.03701603846710561,8
0811-GSDTP,Month-to-month,DSL,Electronic check,13,12-24m,30.15,382.2,1,0,0.38084913310327934,4
7567-ECMCM,Month-to-month,Fiber optic,Credit card (automatic),24,24-48m,79.85,2001.0,1,0,0.48655192940762115,3
6115-ZTBFQ,Two year,DSL,Bank transfer (automatic),72,72m+,65.5,4919.7,6,0,0.012963760281658764,10
6353-BRMMA,Month-to-month,Fiber optic,Bank transfer (automatic),54,48-72m,104.1,5645.8,4,0,0.24251946193972124,5
6680-WKXRZ,Month-to-month,Fiber optic,Bank transfer (automatic),3,0-6m,74.4,215.8,0,1,0.5846261852838891,2
6231-WFGFH,Month-to-month,No,Mailed check,4,0-6m,20.5,77.6,0,0,0.16828648847840458,6
9904-EHEVJ,Month-to-month,Fiber optic,Mailed check,32,24-48m,91.35,2896.55,2,0,0.4861151938756894,3
7028-DVOIQ,Month-to-month,Fiber optic,Electronic check,35,24-48m,99.05,3395.8,3,1,0.6906266753641742,1
6169-PPETC,Two year,No,Bank transfer (automatic),35,24-48m,20.5,759.35,0,0,0.013649350800252017,10
4208-UFFGW,Month-to-month,DSL,Mailed check,2,0-6m,44.95,85.15,0,1,0.3574219994459227,4
8584-KMVXD,Month-to-month,Fiber optic,Electronic check,8,6-12m,75.6,535.55,1,0,0.5513686730396195,2
8467-WYNSR,Month-to-month,DSL,Mailed check,22,12-24m,55.1,1253.15,2,0,0.0996661595141238,7
0851-DFJKB,Month-to-month,DSL,Electronic check,15,12-24m,58.95,955.15,3,0,0.17944122616657943,5
5382-SOYZL,Month-to-month,Fiber optic,Electronic check,22,12-24m,95.1,2162.6,2,0,0.735340914845046,1
9448-REEVD,Month-to-month,DSL,Credit card (automatic),1,0-6m,44.7,44.7,0,1,0.3076193890757014,4
3261-CQXOL,Two year,No,Bank transfer (automatic),71,48-72m,25.45,1813.35,0,0,0.0054751918264131175,10
8388-FYNPZ,Month-to-month,DSL,Electronic check,4,0-6m,56.75,245.15,2,0,0.29715229907941426,4
4002-BQWPQ,Month-to-month,DSL,Bank transfer (automatic),25,24-48m,81.75,2028.8,5,0,0.12827897028384685,6
5651-YLPRD,Month-to-month,Fiber optic,Electronic check,32,24-48m,86.1,2723.75,2,0,0.45599294277465113,3
2826-DXLQO,Month-to-month,DSL,Bank transfer (automatic),7,6-12m,29.8,220.45,1,0,0.3312249583407644,4
4378-BZYFP,One year,No,Mailed check,17,12-24m,20.5,365.8,0,0,0.07433420125056539,7
9489-UTFKA,Month-to-month,DSL,Bank transfer (automatic),8,6-12m,60.9,551.95,2,0,0.2820756534690389,4
4849-PYRLQ,Two year,DSL,Bank transfer (automatic),56,48-72m,73.25,4054.2,4,0,0.020424964944092152,9
9117-SHLZX,Month-to-month,DSL,Mailed check,1,0-6m,45.7,45.7,0,1,0.3914174145412122,3
9889-TMAHG,Month-to-month,Fiber optic,Credit card (automatic),8,6-12m,100.3,832.35,4,1,0.483723167573947,3
4541-RMRLG,Month-to-month,No,Electronic check,7,6-12m,19.25,112.3,0,1,0.20548026829819033,5
7764-BDPEE,Month-to-month,No,Mailed check,3,0-6m,20.85,60.65,0,0,0.13663427957019733,6
3429-IFLEM,Two year,DSL,Credit card (automatic),71,48-72m,77.35,5550.1,5,0,0.006883256663052011,10
3158-MOERK,Month-to-month,Fiber optic,Electronic check,2,0-6m,96.0,174.8,2,1,0.8419812707754315,1
7294-TMAOP,Month-to-month,Fiber optic,Electronic check,1,0-6m,90.55,90.55,2,1,0.7471141564889711,1
5002-GCQFH,Month-to-month,Fiber optic,Bank transfer (automatic),49,48-72m,93.85,4733.1,3,0,0.257313457179799,5
0556-FJEGU,Two year,DSL,Bank transfer (automatic),58,48-72m,70.1,4048.95,4,0,0.015709639631853005,9
8919-FYFQZ,Month-to-month,DSL,Electronic check,44,24-48m,30.35,1359.7,1,1,0.2890095169150047,4
0604-THJFP,Two year,DSL,Credit card (automatic),59,48-72m,75.95,4542.35,4,0,0.022310956752491475,9
2834-JRTUA,Two year,Fiber optic,Electronic check,71,48-72m,108.05,7532.15,5,1,0.06787103498568847,7
5875-YPQFJ,Month-to-month,Fiber optic,Electronic check,1,0-6m,69.9,69.9,0,1,0.7090261845372703,1
5879-SESNB,Month-to-month,Fiber optic,Electronic check,11,6-12m,75.25,888.65,0,0,0.6196594552816035,2
6646-QVXLR,One year,Fiber optic,Electronic check,62,48-72m,103.75,6383.35,4,1,0.2753763285189109,4
6461-PPAXN,One year,DSL,Bank transfer (automatic),35,24-48m,54.95,1916.0,2,0,0.038640810675580055,8
3318-ISQFQ,Month-to-month,No,Bank transfer (automatic),20,12-24m,19.5,413.0,0,0,0.13171133878683836,6
1106-HRLKZ,Two year,No,Mailed check,40,24-48m,19.6,808.95,0,0,0.011759132205923943,10
2483-XSSMZ,One year,DSL,Electronic check,39,24-48m,47.85,1886.4,1,0,0.09250865819192045,7
8603-IJWDN,Month-to-month,Fiber optic,Electronic check,1,0-6m,86.6,86.6,1,1,0.7989400187668088,1
8165-ZJRNM,Two year,No,Bank transfer (automatic),72,72m+,23.75,1679.25,0,0,0.005516046238626438,10
9369-XFEHK,Month-to-month,Fiber optic,Bank transfer (automatic),33,24-48m,80.6,2656.5,1,1,0.42665481565860736,3
2604-XVDAM,Month-to-month,DSL,Bank transfer (automatic),12,12-24m,43.8,540.95,0,0,0.24843941474656203,5
3717-OFRTN,Month-to-month,No,Bank transfer (automatic),1,0-6m,19.75,19.75,0,0,0.1681711584738933,6
9046-JBFWA,Month-to-month,No,Mailed check,27,24-48m,19.15,537.35,0,0,0.0685029400329266,7
3280-NMUVX,One year,No,Credit card (automatic),34,24-48m,19.6,678.8,0,0,0.02626940167895466,9
1206-EHBDD,Two year,Fiber optic,Bank transfer (automatic),56,48-72m,80.3,4513.65,2,0,0.02896025839364578,9
8361-LBRDI,Two year,No,Credit card (automatic),58,48-72m,24.35,1423.85,0,0,0.011051529427847907,10
4883-KCPZJ,Two year,No,Credit card (automatic),22,12-24m,25.25,555.4,0,0,0.02857797024742892,9
9108-EQPNQ,Two year,No,Credit card (automatic),10,6-12m,26.1,225.55,0,0,0.04137068492405601,8
7277-KAMWT,Two year,No,Credit card (automatic),13,12-24m,20.0,268.45,0,0,0.03612230592858248,8
3842-IYKUE,Month-to-month,Fiber optic,Credit card (automatic),35,24-48m,85.3,2917.5,2,1,0.23556657518643603,5
6641-XRPSU,Month-to-month,Fiber optic,Credit card (automatic),34,24-48m,70.0,2416.1,0,1,0.34621781811813596,4
1374-DMZUI,Month-to-month,Fiber optic,Electronic check,4,0-6m,94.3,424.45,2,1,0.8656609791616603,1
2545-LXYVJ,Two year,No,Bank transfer (automatic),72,72m+,20.7,1492.1,0,0,0.004570305970555937,10
3234-VKACU,Month-to-month,DSL,Electronic check,2,0-6m,70.3,132.4,3,0,0.4567844657185855,3
8357-EQXFO,Month-to-month,Fiber optic,Electronic check,7,6-12m,95.35,660.9,3,1,0.7701413779985641,1
1989-PRJHP,Month-to-month,Fiber optic,Electronic check,27,24-48m,75.5,1893.95,0,1,0.6060793842977775,2
8120-JDCAM,Month-to-month,Fiber optic,Mailed check,4,0-6m,69.55,284.9,0,0,0.533970136603125,3
8917-FAEMR,Two year,No,Mailed check,37,24-48m,19.85,784.25,0,0,0.01606584898891957,9
7047-YXDMZ,Month-to-month,No,Mailed check,21,12-24m,20.0,417.7,0,0,0.0926137969627887,7
2858-EIMXH,One year,Fiber optic,Credit card (automatic),53,48-72m,95.85,5016.25,2,0,0.26502998978447456,5
9524-EGPJC,Month-to-month,Fiber optic,Electronic check,18,12-24m,90.1,1612.75,2,1,0.6194272201099543,2
6993-OHLXR,Month-to-month,Fiber optic,Electronic check,2,0-6m,68.95,119.75,0,1,0.6304226549954229,2
8818-XYFCQ,Month-to-month,Fiber optic,Credit card (automatic),32,24-48m,99.55,3204.65,3,1,0.4252808582115103,3
6419-ZTTLE,One year,No,Electronic check,23,12-24m,20.75,485.2,0,0,0.10450612352678851,7
0929-HYQEW,Month-to-month,DSL,Mailed check,3,0-6m,50.15,160.85,1,0,0.2973296868790291,4
6614-YOLAC,Two year,DSL,Mailed check,71,48-72m,58.65,4145.25,5,0,0.012345443966507105,10
7426-RHZGU,Month-to-month,Fiber optic,Bank transfer (automatic),9,6-12m,95.9,827.45,3,0,0.5887266212301558,2
4065-JJAVA,Month-to-month,DSL,Electronic check,1,0-6m,49.5,49.5,1,0,0.4004048812508772,3
4695-VADHF,Month-to-month,DSL,Electronic check,18,12-24m,57.45,990.85,2,1,0.3009118137973108,4
3863-IUBJR,One year,DSL,Credit card (automatic),12,12-24m,53.65,696.35,1,1,0.14567858985050156,6
7649-SIJJF,Two year,DSL,Mailed check,71,48-72m,80.1,5585.4,5,0,0.011478653704075673,10
9361-YNQWJ,One year,No,Bank transfer (automatic),64,48-72m,24.4,1601.2,0,0,0.02222953569985912,9
3748-FVMZZ,Month-to-month,DSL,Electronic check,4,0-6m,40.05,162.45,2,0,0.570209883478159,2
9391-TTOYH,Month-to-month,No,Mailed check,23,12-24m,19.5,470.2,0,0,0.12011245481215135,6
1452-XRSJV,Month-to-month,DSL,Credit card (automatic),39,24-48m,51.05,2066.0,1,0,0.06700387723048633,7
3422-WJOYD,One year,DSL,Mailed check,28,24-48m,54.35,1426.45,2,0,0.0403874481840432,8
8242-SOQUO,Month-to-month,Fiber optic,Electronic check,5,0-6m,84.7,392.5,2,0,0.7691682650046845,1
7460-ITWWP,Month-to-month,Fiber optic,Electronic check,45,24-48m,86.1,3861.45,2,0,0.435634720286578,3
7147-AYBAA,Month-to-month,Fiber optic,Mailed check,37,24-48m,70.35,2552.9,0,0,0.3160377197103123,4
7868-TMWMZ,Two year,Fiber optic,Bank transfer (automatic),60,48-72m,110.0,6668.35,6,0,0.04897859717364517,8
4822-RVYBB,Month-to-month,Fiber optic,Electronic check,8,6-12m,100.6,819.4,3,1,0.8421088324834107,1
6732-FZUGP,One year,Fiber optic,Credit card (automatic),47,24-48m,94.9,4615.25,3,0,0.12876994715053494,6
8436-BJUMM,Month-to-month,Fiber optic,Electronic check,26,24-48m,83.75,2070.6,1,1,0.6122094317469162,2
4184-TJFAN,Month-to-month,Fiber optic,Mailed check,3,0-6m,88.3,273.75,3,1,0.5017891294317762,3
8329-GWVPJ,Month-to-month,Fiber optic,Bank transfer (automatic),50,48-72m,69.75,3557.7,0,0,0.19592608187081922,5
1352-VHKAJ,Month-to-month,DSL,Bank transfer (automatic),27,24-48m,71.6,1957.1,3,0,0.21514342288536825,5
4145-UQXUQ,Month-to-month,Fiber optic,Electronic check,8,6-12m,92.1,729.95,3,1,0.8131077266976042,1
2632-TACXW,Two year,No,Bank transfer (automatic),62,48-72m,23.65,1416.75,0,0,0.008931385321075276,10
8146-QQKZH,Two year,DSL,Bank transfer (automatic),71,48-72m,81.85,5924.4,5,0,0.008755339975574542,10
1767-CJKBA,Two year,No,Mailed check,66,48-72m,25.1,1697.7,0,0,0.008095530391458036,10
6445-TNRXS,Two year,Fiber optic,Bank transfer (automatic),68,48-72m,114.7,7849.85,6,0,0.03548703645557319,8
4581-LNWUM,Month-to-month,DSL,Electronic check,13,12-24m,49.15,649.4,3,0,0.5749229137312013,2
4869-EPIUS,One year,Fiber optic,Electronic check,56,48-72m,80.9,4557.5,1,0,0.17863958540249783,5
9948-YPTDG,Month-to-month,Fiber optic,Electronic check,38,24-48m,79.45,3013.05,2,1,0.29542623020350517,4
1236-WFCDV,Month-to-month,Fiber optic,Credit card (automatic),14,12-24m,90.45,1266.1,2,1,0.610859955422739,2
1915-OAKWD,One year,No,Bank transfer (automatic),16,12-24m,19.3,360.35,0,0,0.06905971191592493,7
7296-PIXQY,Month-to-month,Fiber optic,Electronic check,14,12-24m,70.2,1046.5,0,0,0.4696619755240256,3
4883-QICIH,Month-to-month,Fiber optic,Bank transfer (automatic),32,24-48m,69.75,2347.9,0,1,0.3086745038260505,4
3354-OADJP,One year,DSL,Bank transfer (automatic),8,6-12m,54.25,447.75,2,0,0.08218059368039242,7
3524-WQDSG,Month-to-month,Fiber optic,Bank transfer (automatic),43,24-48m,99.3,4209.95,3,0,0.4143527245417489,3
0810-DHDBD,One year,DSL,Credit card (automatic),52,48-72m,74.0,3877.65,4,0,0.036008944878466065,8
4026-SKKHW,Month-to-month,DSL,Mailed check,3,0-6m,50.25,152.3,1,0,0.29846264390027394,4
2829-HYVZP,One year,No,Mailed check,29,24-48m,19.8,572.2,0,0,0.05172205450405879,8
8329-IBCTI,Month-to-month,No,Mailed check,1,0-6m,19.65,19.65,0,1,0.1678780305982579,6
1271-SJBGZ,Month-to-month,DSL,Electronic check,12,12-24m,43.65,526.95,3,1,0.5598524613337302,2
3845-JHAMY,Month-to-month,DSL,Credit card (automatic),16,12-24m,35.5,552.7,1,0,0.39885621111862507,3
7013-PSXHK,One year,DSL,Mailed check,40,24-48m,80.75,3208.65,4,0,0.11916627083634995,6
5669-SRAIP,Month-to-month,DSL,Electronic check,5,0-6m,39.5,210.75,2,1,0.562219320463606,2
5981-ITEMU,Month-to-month,Fiber optic,Bank transfer (automatic),40,24-48m,97.1,3706.95,2,1,0.4642542548641266,3
3486-NPGST,One year,No,Mailed check,36,24-48m,19.55,620.75,0,0,0.02976511374874629,9
6941-PMGEP,Month-to-month,Fiber optic,Electronic check,5,0-6m,80.0,412.5,1,1,0.7301664042415428,1
1624-WOIWJ,Month-to-month,Fiber optic,Mailed check,10,6-12m,84.7,832.05,2,1,0.5249596470500926,3
2074-GKOWZ,Month-to-month,Fiber optic,Bank transfer (automatic),2,0-6m,89.55,185.55,2,1,0.6818320180654385,1
0376-YMCJC,Month-to-month,Fiber optic,Electronic check,23,12-24m,90.6,1943.2,2,1,0.5932641462797228,2
6100-FJZDG,One year,No,Bank transfer (automatic),26,24-48m,20.05,505.9,0,0,0.046049341709325724,8
4829-ZLJTK,Two year,Fiber optic,Electronic check,72,72m+,112.4,8046.85,5,0,0.08732653421316967,7
1730-VFMWO,Month-to-month,DSL,Bank transfer (automatic),34,24-48m,50.2,1815.3,1,0,0.09005462640065093,7
7143-BQIBA,Month-to-month,DSL,Bank transfer (automatic),10,6-12m,62.25,612.95,3,0,0.1960389910475679,5
3800-LYTRK,One year,DSL,Mailed check,14,12-24m,55.7,795.15,2,0,0.06570924814304414,7
0634-SZPQA,Month-to-month,Fiber optic,Bank transfer (automatic),23,12-24m,90.05,2169.8,2,1,0.48672937434912666,3
9646-NMHXE,Two year,No,Mailed check,47,24-48m,19.65,973.1,0,0,0.010755135953478222,10
7030-NJVDP,Month-to-month,Fiber optic,Electronic check,24,24-48m,89.25,2210.2,3,0,0.395965680685692,3
5536-RTPWK,Month-to-month,Fiber optic,Bank transfer (automatic),49,48-72m,99.05,4853.75,3,1,0.38738781611608647,4
8883-GRDWQ,One year,DSL,Mailed check,20,12-24m,54.0,1055.9,2,0,0.0691995865816154,7
6166-ILMNY,Month-to-month,Fiber optic,Bank transfer (automatic),2,0-6m,69.75,144.55,0,1,0.5196499595825279,3
3097-NNSPB,Month-to-month,DSL,Credit card (automatic),2,0-6m,49.05,91.1,1,1,0.3789043001513743,4
7771-ZONAT,Two year,DSL,Bank transfer (automatic),22,12-24m,56.75,1304.85,4,0,0.10389587648439681,7
0655-RBDUG,Month-to-month,Fiber optic,Bank transfer (automatic),7,6-12m,98.05,713.0,3,1,0.7534390295754547,1
2111-DWYHN,Month-to-month,No,Mailed check,1,0-6m,21.1,21.1,0,0,0.16303527738404175,6
4194-WHFCB,Month-to-month,Fiber optic,Bank transfer (automatic),59,48-72m,96.65,5580.8,3,0,0.15795982604990788,6
4121-AGSIN,One year,No,Credit card (automatic),58,48-72m,24.5,1497.9,0,0,0.02223672276315053,9
4361-BKAXE,Month-to-month,Fiber optic,Bank transfer (automatic),41,24-48m,114.5,4527.45,6,1,0.2953360574581425,4
9845-PEEKO,Two year,Fiber optic,Credit card (automatic),59,48-72m,79.2,4590.35,1,0,0.08810591104457008,7
0455-XFASS,Month-to-month,Fiber optic,Electronic check,3,0-6m,69.55,200.2,0,0,0.6480071857706622,2
0301-KOBTQ,Two year,No,Bank transfer (automatic),32,24-48m,20.05,614.45,0,0,0.02657131338596991,9
1751-NCDLI,Month-to-month,Fiber optic,Electronic check,46,24-48m,98.85,4564.9,3,0,0.5896961001910207,2
4367-NUYAO,Two year,No,Mailed check,0,0-6m,25.75,0.0,0,0,0.05599151220022065,8
9878-TNQGW,Month-to-month,Fiber optic,Electronic check,2,0-6m,80.95,171.15,1,1,0.7452478759515091,1
9170-ARBTB,One year,No,Credit card (automatic),52,48-72m,19.6,1012.4,0,0,0.01450915274472921,10
4441-NIHPT,Month-to-month,Fiber optic,Electronic check,13,12-24m,74.3,940.35,1,1,0.6669848323929206,2
8999-BOHSE,Month-to-month,Fiber optic,Bank transfer (automatic),11,6-12m,89.7,1047.7,2,1,0.633577150316675,2
7241-AJHFS,Month-to-month,Fiber optic,Bank transfer (automatic),32,24-48m,87.65,2766.4,2,0,0.19245724107929327,5
7029-RPUAV,Month-to-month,Fiber optic,Credit card (automatic),17,12-24m,100.45,1622.45,3,1,0.7080889221356085,1
4546-FOKWR,Month-to-month,Fiber optic,Credit card (automatic),16,12-24m,74.75,1129.35,0,0,0.5656942233519674,2
9036-CSKBW,One year,Fiber optic,Bank transfer (automatic),51,48-72m,107.45,5680.9,5,0,0.13542227779765656,6
5832-TRLPB,One year,DSL,Bank transfer (automatic),29,24-48m,75.35,2243.9,4,0,0.12961312268115643,6
8590-YFFQO,Two year,DSL,Credit card (automatic),70,48-72m,64.95,4523.25,4,0,0.005129405540586617,10
8659-IOOPU,Two year,Fiber optic,Electronic check,71,48-72m,100.45,7159.7,4,0,0.02770856940113409,9
1338-CECEE,One year,DSL,Bank transfer (automatic),41,24-48m,68.5,2839.95,3,0,0.07491404463622649,7
7439-DKZTW,Month-to-month,Fiber optic,Electronic check,1,0-6m,80.55,80.55,1,0,0.7662812336471003,1
4646-QZXTF,Month-to-month,DSL,Bank transfer (automatic),7,6-12m,81.25,580.1,5,0,0.2203876827632682,5
4607-CHPCA,One year,Fiber optic,Electronic check,25,24-48m,90.4,2178.6,2,1,0.42447170071757273,3
9742-XOKTS,One year,Fiber optic,Electronic check,67,48-72m,89.55,6038.55,3,0,0.04242940951092521,8
6921-OZMFH,Month-to-month,DSL,Mailed check,5,0-6m,55.7,259.4,1,0,0.2960841165875253,4
9578-FOMUK,Month-to-month,No,Electronic check,15,12-24m,24.8,324.15,0,0,0.24103099569960804,5
4712-UYOOI,Month-to-month,No,Electronic check,20,12-24m,20.0,417.65,0,0,0.11614319033663041,6
8824-RWFXJ,Month-to-month,DSL,Mailed check,3,0-6m,56.15,168.15,2,1,0.2993887377505391,4
7722-CVFXN,One year,Fiber optic,Electronic check,54,48-72m,105.2,5637.85,4,0,0.19311219416834982,5
8717-VCTXJ,One year,No,Mailed check,42,24-48m,19.55,839.4,0,0,0.034220330088411605,8
7363-QTBIW,Month-to-month,Fiber optic,Electronic check,9,6-12m,79.75,769.1,1,0,0.6882301132690986,1
4159-NAAIX,Two year,Fiber optic,Bank transfer (automatic),63,48-72m,97.45,6253.0,3,0,0.07874203898626135,7
0971-QIFJK,Two year,No,Bank transfer (automatic),69,48-72m,24.25,1641.8,0,0,0.00696928791505979,10
9397-TZSHA,Two year,No,Credit card (automatic),69,48-72m,24.6,1678.05,0,0,0.007613209890466202,10
3391-JSQEW,Month-to-month,DSL,Mailed check,40,24-48m,50.15,2058.5,1,0,0.12995409947630734,6
0343-QLUZP,Two year,DSL,Bank transfer (automatic),60,48-72m,39.6,2424.5,3,0,0.017474304267070837,9
9763-PDTKK,Month-to-month,Fiber optic,Bank transfer (automatic),4,0-6m,94.4,387.2,4,1,0.46578615016922975,3
2176-LVPNX,Two year,DSL,Mailed check,71,48-72m,89.85,6293.45,6,0,0.014893626667018624,9
7627-JKIAZ,Month-to-month,Fiber optic,Credit card (automatic),37,24-48m,78.95,2839.65,1,1,0.3726002352751794,4
3312-UUMZW,Month-to-month,Fiber optic,Credit card (automatic),32,24-48m,98.85,3145.9,3,0,0.5351745422239763,3
1271-UODNO,Two year,DSL,Credit card (automatic),39,24-48m,53.85,2200.7,1,0,0.046762393201736495,8
8461-EFQYM,One year,No,Electronic check,38,24-48m,24.25,914.4,0,0,0.07803236201328799,7
6900-RBKER,Two year,Fiber optic,Credit card (automatic),52,48-72m,89.45,4577.75,2,0,0.11722196289257775,6
6891-JPYFF,Month-to-month,Fiber optic,Credit card (automatic),48,48-72m,105.25,4997.5,4,0,0.2804074037935657,4
1459-QNFQT,Two year,DSL,Bank transfer (automatic),70,48-72m,59.5,4144.8,5,0,0.013367143385944642,10
1047-NNCBF,Month-to-month,Fiber optic,Credit card (automatic),20,12-24m,70.55,1493.55,0,0,0.3719345724096688,4
3696-XRIEN,One year,DSL,Credit card (automatic),50,48-72m,82.5,4179.1,5,0,0.06939852140812401,7
4081-DYXAV,One year,DSL,Credit card (automatic),19,12-24m,44.85,893.55,2,1,0.3385692651146006,4
0074-HDKDG,One year,DSL,Bank transfer (automatic),25,24-48m,61.6,1611.0,3,0,0.06478159962045248,7
8791-GFXLZ,Month-to-month,DSL,Bank transfer (automatic),12,12-24m,49.05,593.05,1,0,0.29878766740512236,4
8111-SLLHI,Month-to-month,Fiber optic,Electronic check,39,24-48m,105.65,4284.8,4,1,0.615064734821696,2
0927-LCSMG,Month-to-month,Fiber optic,Mailed check,7,6-12m,74.65,544.55,1,1,0.4713363426501685,3
9330-DHBFL,One year,DSL,Mailed check,23,12-24m,66.25,1533.8,4,0,0.04948285600552936,8
0098-BOWSO,Month-to-month,No,Electronic check,27,24-48m,19.4,529.8,0,0,0.15670171975992744,6
3452-ABWRL,Month-to-month,Fiber optic,Credit card (automatic),47,24-48m,86.05,3865.6,1,0,0.4301049714731566,3
5859-HZYLF,Two year,No,Credit card (automatic),26,24-48m,19.15,515.75,0,0,0.027212934977982692,9
8257-RZAHR,Month-to-month,DSL,Bank transfer (automatic),14,12-24m,64.7,941.0,2,1,0.33425625320818153,4
5293-WXJAK,Month-to-month,Fiber optic,Bank transfer (automatic),11,6-12m,104.05,1133.65,4,1,0.6775604163119834,1
3156-QLHBO,Month-to-month,No,Mailed check,2,0-6m,19.25,48.35,0,0,0.1453953919420723,6
2208-NQBCT,Month-to-month,Fiber optic,Electronic check,26,24-48m,81.95,2070.05,2,0,0.2653537889188573,5
1779-PWPMG,Two year,Fiber optic,Bank transfer (automatic),72,72m+,114.65,8333.95,6,0,0.044230289995137465,8
6621-NRZAK,Two year,No,Credit card (automatic),63,48-72m,20.0,1209.25,0,0,0.005552702688191934,10
0831-JNISG,Two year,No,Mailed check,71,48-72m,19.8,1396.25,0,0,0.004155476247111412,10
0774-IFUVM,Month-to-month,DSL,Bank transfer (automatic),11,6-12m,65.15,723.35,2,0,0.3218214452258591,4
3082-WQRVY,One year,No,Mailed check,14,12-24m,19.65,228.65,0,0,0.0688029990117971,7
9553-DLCLU,Two year,DSL,Credit card (automatic),13,12-24m,88.95,1161.75,6,0,0.07213386146487459,7
1641-BYBTK,Month-to-month,No,Mailed check,6,6-12m,20.2,98.35,0,0,0.1704015687395008,6
2460-NGXBJ,Month-to-month,Fiber optic,Credit card (automatic),11,6-12m,75.2,775.3,0,0,0.6026123778250009,2
2446-ZKVAF,Month-to-month,DSL,Credit card (automatic),18,12-24m,56.8,1074.65,1,0,0.22587357058318627,5
0841-NULXI,Month-to-month,DSL,Electronic check,1,0-6m,35.55,35.55,1,1,0.6744574680111414,1
3522-CDKHF,Month-to-month,Fiber optic,Bank transfer (automatic),32,24-48m,75.5,2324.7,1,0,0.2606303654184028,5
1430-SFQSA,One year,DSL,Mailed check,29,24-48m,35.6,1072.6,2,0,0.06458296654893024,7
0411-EZJZE,Month-to-month,DSL,Electronic check,3,0-6m,60.25,170.5,1,0,0.6326534638745241,2
7851-WZEKY,Month-to-month,Fiber optic,Electronic check,2,0-6m,95.15,196.9,2,1,0.8446976413548566,1
8844-TONUD,Month-to-month,Fiber optic,Mailed check,13,12-24m,96.65,1162.85,3,1,0.5777858176189931,2
8807-ARQET,Month-to-month,DSL,Electronic check,41,24-48m,40.35,1677.85,2,0,0.3321157107989067,4
8992-CEUEN,Month-to-month,No,Electronic check,1,0-6m,18.85,18.85,0,0,0.2421670043135074,5
4320-QMLLA,Month-to-month,DSL,Mailed check,7,6-12m,54.85,370.4,1,0,0.3416067896891487,4
8777-PVYGU,One year,DSL,Mailed check,52,48-72m,64.3,3410.6,3,0,0.048241993019498886,8
8292-ITGYJ,Two year,No,Bank transfer (automatic),45,24-48m,24.65,1138.8,0,0,0.01867120482362481,9
6870-ZWMNX,Two year,DSL,Credit card (automatic),70,48-72m,76.1,5264.25,4,0,0.012997537716132213,10
0621-CXBKL,Two year,No,Mailed check,53,48-72m,18.7,1005.7,0,0,0.009704786370840652,10
5268-DSMNQ,One year,Fiber optic,Credit card (automatic),62,48-72m,97.95,5936.55,3,0,0.15128693914154603,6
5334-JLAXU,Month-to-month,Fiber optic,Credit card (automatic),60,48-72m,94.1,5475.9,3,0,0.1847634327890289,5
4086-YQSNZ,Month-to-month,Fiber optic,Electronic check,3,0-6m,80.4,224.05,1,1,0.7798767879555244,1
6242-MBHPK,Month-to-month,Fiber optic,Electronic check,23,12-24m,95.1,2326.05,3,0,0.6168960146696539,2
5868-CZJDR,Month-to-month,DSL,Mailed check,1,0-6m,31.35,31.35,1,1,0.4487279982892206,3
9359-UGBTK,One year,DSL,Bank transfer (automatic),67,48-72m,72.35,4991.5,4,0,0.01967551257776218,9
0135-NMXAP,Month-to-month,Fiber optic,Bank transfer (automatic),12,12-24m,89.75,1052.4,2,1,0.6463262032631956,2
4782-OSFXZ,Two year,DSL,Bank transfer (automatic),71,48-72m,82.7,5831.2,5,0,0.01341543543858519,10
6479-OAUSD,One year,No,Credit card (automatic),25,24-48m,19.9,510.8,0,0,0.04328790071954703,8
7129-ACFOG,Month-to-month,DSL,Electronic check,5,0-6m,53.8,283.95,1,0,0.4586458685793698,3
4189-NAKJS,One year,DSL,Credit card (automatic),26,24-48m,51.55,1295.4,0,0,0.1549789567628371,6
5562-BETPV,One year,No,Mailed check,1,0-6m,19.65,19.65,0,0,0.0737442348205313,7
1282-IHQAC,One year,DSL,Credit card (automatic),70,48-72m,44.05,3011.65,3,0,0.07579030602505536,7
9127-FHJBZ,Two year,Fiber optic,Electronic check,72,72m+,114.0,8093.15,6,0,0.04815078775079957,8
6270-OMFIW,One year,Fiber optic,Electronic check,60,48-72m,94.4,5610.25,3,1,0.19822296624165975,5
1641-RQDAY,Month-to-month,Fiber optic,Electronic check,32,24-48m,100.4,3217.65,3,0,0.6426410536103694,2
0107-WESLM,Month-to-month,No,Electronic check,1,0-6m,19.85,19.85,0,1,0.3059627469083118,4
6994-ORCWG,One year,DSL,Mailed check,14,12-24m,54.25,773.2,1,0,0.20592691176244315,5
1346-UFHAX,Month-to-month,Fiber optic,Credit card (automatic),13,12-24m,80.0,1029.35,1,0,0.49862404566692586,3
3992-YWPKO,Month-to-month,Fiber optic,Credit card (automatic),6,6-12m,109.9,669.45,5,1,0.6649531893575108,2
2933-XEUJM,Two year,DSL,Mailed check,46,24-48m,79.2,3593.8,4,0,0.042766591012037496,8
0125-LZQXK,Month-to-month,Fiber optic,Electronic check,15,12-24m,101.35,1553.95,4,1,0.6361951146891209,2
5461-QKNTN,Month-to-month,Fiber optic,Electronic check,43,24-48m,94.3,3953.15,3,0,0.4479742143404189,3
4835-YSJMR,Two year,DSL,Bank transfer (automatic),39,24-48m,49.8,1971.15,1,0,0.03394390533815978,8
8399-YNDCH,Month-to-month,DSL,Bank transfer (automatic),21,12-24m,60.05,1236.15,2,1,0.3570049385852726,4
3164-YAXFY,Month-to-month,DSL,Electronic check,57,48-72m,53.75,3196.0,4,0,0.23370163851662712,5
0887-WBJVH,One year,Fiber optic,Electronic check,53,48-72m,93.45,4872.2,3,0,0.1962719004564729,5
4660-IRIBM,Month-to-month,Fiber optic,Mailed check,18,12-24m,87.9,1500.5,3,0,0.4084582453615869,3
5673-FSSMF,Month-to-month,DSL,Electronic check,1,0-6m,60.15,60.15,1,1,0.6324275466257342,2
7670-ZBPOQ,One year,DSL,Bank transfer (automatic),58,48-72m,61.05,3478.75,2,0,0.02712751899690838,9
8089-UZWLX,Two year,Fiber optic,Bank transfer (automatic),71,48-72m,104.05,7413.55,3,0,0.06854999374535757,7
0080-OROZO,One year,Fiber optic,Electronic check,35,24-48m,99.25,3532.0,4,0,0.3161542018808715,4
3916-NRPAP,Month-to-month,Fiber optic,Credit card (automatic),3,0-6m,85.7,256.75,2,0,0.5654098355376947,2
6807-SIWJI,One year,Fiber optic,Electronic check,38,24-48m,104.85,3887.25,4,0,0.3386305722741004,4
8221-HVAYI,Two year,DSL,Credit card (automatic),35,24-48m,69.15,2490.15,4,0,0.02704510109045185,9
1579-KLYDT,Month-to-month,Fiber optic,Electronic check,7,6-12m,90.45,593.45,2,1,0.7778555440289066,1
5232-NXPAY,Two year,DSL,Mailed check,47,24-48m,74.45,3510.3,4,0,0.03141712026732889,9
8967-SZQAS,Month-to-month,DSL,Electronic check,14,12-24m,50.45,765.45,1,0,0.2964714407317287,4
4468-KAZHE,Month-to-month,DSL,Electronic check,20,12-24m,60.0,1259.35,2,0,0.41916690851332183,3
0455-ENTCR,Two year,DSL,Electronic check,66,48-72m,85.25,5538.35,5,0,0.020614338874034157,9
8944-AILEF,Month-to-month,No,Credit card (automatic),15,12-24m,19.45,340.85,0,0,0.1456507403347089,6
5542-NKVRU,Two year,No,Bank transfer (automatic),42,24-48m,20.75,844.45,0,0,0.018809843775244597,9
7126-RBHSD,Month-to-month,Fiber optic,Electronic check,17,12-24m,78.9,1348.95,1,0,0.469814175890577,3
5370-IIVVL,One year,Fiber optic,Credit card (automatic),37,24-48m,104.5,3778.0,4,0,0.2624876202362435,5
6789-HJBWG,Month-to-month,DSL,Electronic check,12,12-24m,49.4,611.65,1,0,0.39520025811669796,3
3927-NLNRY,One year,Fiber optic,Bank transfer (automatic),53,48-72m,94.25,4867.95,3,1,0.1687761656297183,6
9087-EYCPR,Two year,No,Mailed check,60,48-72m,25.0,1505.05,0,0,0.009912281243195886,10
6791-YBNAK,Month-to-month,DSL,Credit card (automatic),18,12-24m,25.55,467.85,0,0,0.25606768526651186,5
6358-LYNGM,Month-to-month,Fiber optic,Electronic check,1,0-6m,74.9,74.9,0,1,0.7647666214972095,1
6077-BDPXA,Month-to-month,Fiber optic,Electronic check,3,0-6m,70.15,194.2,0,0,0.6936670858312642,1
0013-MHZWF,Month-to-month,DSL,Credit card (automatic),9,6-12m,69.4,571.45,3,0,0.35407387466236157,4
5494-HECPR,Month-to-month,Fiber optic,Electronic check,1,0-6m,80.25,80.25,1,1,0.7675783532403317,1
8268-YDIXR,One year,Fiber optic,Electronic check,56,48-72m,93.15,5253.95,3,0,0.1184357289780803,6
9824-BEMCV,Month-to-month,Fiber optic,Electronic check,17,12-24m,69.0,1149.65,0,1,0.5380635006798933,2
1373-ORVIZ,Month-to-month,DSL,Electronic check,11,6-12m,66.35,740.8,2,1,0.401012306393479,3
4291-SHSBH,Month-to-month,Fiber optic,Electronic check,7,6-12m,69.55,521.35,0,0,0.6675774559595781,1
6980-IMXXE,Two year,No,Bank transfer (automatic),69,48-72m,20.2,1412.65,0,0,0.004420678308066712,10
9866-QEVEE,Month-to-month,Fiber optic,Bank transfer (automatic),19,12-24m,86.0,1532.45,1,1,0.5872301706128658,2
9897-KXHCM,Month-to-month,Fiber optic,Electronic check,3,0-6m,80.3,250.05,1,1,0.6971917132266873,1
0040-HALCW,Two year,No,Credit card (automatic),54,48-72m,20.4,1090.6,0,0,0.007430065872166812,10
0784-GTUUK,One year,No,Credit card (automatic),62,48-72m,23.75,1446.8,0,0,0.02289903754089721,9
7979-CORPM,Month-to-month,Fiber optic,Credit card (automatic),24,24-48m,90.55,2282.55,2,1,0.5503882164362602,2
2294-DMMUS,Month-to-month,DSL,Credit card (automatic),62,48-72m,70.45,4300.45,2,0,0.13708711182929978,6
0872-JCPIB,Month-to-month,DSL,Bank transfer (automatic),17,12-24m,65.75,1111.2,2,0,0.23922973418438812,5
3055-MJDSB,Month-to-month,DSL,Mailed check,9,6-12m,24.6,190.1,0,0,0.4501313616873095,3
9091-WTUUY,Two year,DSL,Mailed check,64,48-72m,69.25,4447.75,4,0,0.00797307052712807,10
1618-CFHME,Month-to-month,Fiber optic,Electronic check,2,0-6m,75.9,143.35,0,1,0.7542033581544286,1
3165-HDOEW,Month-to-month,DSL,Mailed check,1,0-6m,45.85,45.85,0,1,0.3392746137813445,4
6581-NQCBA,Month-to-month,DSL,Electronic check,16,12-24m,49.95,810.2,3,1,0.5296639672887102,3
7115-IRDHS,Two year,No,Bank transfer (automatic),72,72m+,24.65,1830.05,0,0,0.006244050829266325,10
8496-DMZUK,One year,Fiber optic,Bank transfer (automatic),30,24-48m,90.4,2820.65,3,0,0.14517738224033527,6
2040-VZIKE,Month-to-month,Fiber optic,Mailed check,49,48-72m,100.85,4847.35,3,0,0.3132385650670666,4
9068-VPWQQ,Two year,DSL,Credit card (automatic),61,48-72m,75.35,4729.3,4,0,0.012638368903570662,10
0178-SZBHO,Month-to-month,Fiber optic,Electronic check,47,24-48m,87.2,4017.45,2,0,0.3442371132965063,4
0384-RVBPI,Month-to-month,DSL,Credit card (automatic),20,12-24m,64.4,1398.6,3,0,0.1803168411665025,5
1689-MRZQR,Month-to-month,Fiber optic,Electronic check,34,24-48m,78.3,2564.3,1,1,0.3927015276332109,3
1299-AURJA,Two year,No,Bank transfer (automatic),70,48-72m,24.7,1685.9,0,0,0.005764533248800557,10
4525-VZCZG,One year,Fiber optic,Electronic check,54,48-72m,105.85,5826.65,5,0,0.11674751192379308,6
1543-LLLFT,One year,Fiber optic,Mailed check,61,48-72m,98.3,6066.55,4,0,0.12322778621711229,6
5835-BEQEU,Month-to-month,Fiber optic,Electronic check,3,0-6m,76.95,228.4,0,1,0.7430941277570362,1
2788-CJQAQ,One year,No,Mailed check,13,12-24m,19.45,270.2,0,0,0.06250755302622905,7
5565-FILXA,Month-to-month,Fiber optic,Electronic check,16,12-24m,96.15,1529.2,2,1,0.8044941842631556,1
0319-QZTCO,Month-to-month,DSL,Credit card (automatic),3,0-6m,58.7,168.6,2,0,0.394501493224937,3
2120-SMPEX,Month-to-month,No,Mailed check,25,24-48m,20.15,536.35,0,0,0.11161192526839284,7
0096-FCPUF,Month-to-month,DSL,Mailed check,30,24-48m,64.5,1888.45,2,0,0.22747496545903495,5
0668-OGMHD,Month-to-month,DSL,Electronic check,21,12-24m,28.5,629.35,1,0,0.28445595054444267,4
5552-ZNFSJ,Month-to-month,DSL,Electronic check,1,0-6m,45.3,45.3,0,1,0.41651654270777927,3
2223-KAGMX,Month-to-month,No,Bank transfer (automatic),15,12-24m,19.4,289.3,0,1,0.11292315138079875,7
6507-ZJSUR,Month-to-month,Fiber optic,Electronic check,23,12-24m,90.45,2117.25,2,0,0.6969102586383743,1
9408-HRXRK,Month-to-month,Fiber optic,Electronic check,45,24-48m,105.15,4730.9,4,0,0.3952109099451442,3
5593-SUAOO,One year,Fiber optic,Bank transfer (automatic),24,24-48m,83.15,2033.05,2,0,0.2020585168381295,5
7321-PKUYW,Month-to-month,Fiber optic,Electronic check,11,6-12m,90.15,987.95,2,1,0.6097240025136078,2
2833-SLKDQ,Month-to-month,DSL,Mailed check,1,0-6m,45.05,45.05,0,1,0.31613366253550973,4
6766-HFKLA,Two year,Fiber optic,Bank transfer (automatic),56,48-72m,103.2,5744.35,4,0,0.06842290554974076,7
7595-EUIVN,Month-to-month,Fiber optic,Electronic check,1,0-6m,75.8,75.8,1,1,0.6075170969011553,2
7617-EYGLW,Month-to-month,No,Electronic check,1,0-6m,19.45,19.45,0,0,0.23951345413495506,5
2026-TGDHM,Month-to-month,Fiber optic,Electronic check,7,6-12m,79.3,523.15,1,1,0.7201300963224867,1
9220-ZNKJI,Two year,Fiber optic,Credit card (automatic),55,48-72m,88.8,4805.3,3,0,0.05297452302014909,8
4030-VPZBD,Month-to-month,DSL,Electronic check,2,0-6m,30.9,59.05,1,1,0.5218929728815683,3
2226-ICFDO,Two year,DSL,Credit card (automatic),72,72m+,85.9,6110.75,5,0,0.014347557706495982,10
0723-VSOBE,One year,DSL,Electronic check,45,24-48m,34.2,1596.6,1,0,0.17402983880889714,6
5529-GIBVH,Two year,No,Mailed check,47,24-48m,20.15,1046.2,0,0,0.011446247009508343,10
4187-CINZD,One year,Fiber optic,Credit card (automatic),46,24-48m,95.25,4424.2,3,1,0.1954130114766577,5
9992-UJOEL,Month-to-month,DSL,Mailed check,2,0-6m,50.3,92.75,1,0,0.365547021319865,4
4741-WWJQZ,Month-to-month,Fiber optic,Electronic check,2,0-6m,80.15,194.55,2,0,0.5135791738263827,3
6625-UTXEW,Month-to-month,DSL,Electronic check,12,12-24m,51.25,612.1,1,0,0.3669494409986989,4
6818-WOBHJ,Month-to-month,Fiber optic,Bank transfer (automatic),68,48-72m,89.6,6127.6,2,1,0.23020979561466304,5
6244-BESBM,Two year,Fiber optic,Credit card (automatic),69,48-72m,95.2,6671.7,3,0,0.04147589393374993,8
1004-NOZNR,One year,Fiber optic,Credit card (automatic),56,48-72m,94.8,5264.3,3,0,0.10285286694629288,7
1251-STYSZ,Month-to-month,Fiber optic,Electronic check,4,0-6m,80.25,303.7,1,0,0.715274698090438,1
2612-PHGOX,Two year,DSL,Bank transfer (automatic),64,48-72m,76.1,4818.8,4,0,0.02178541258967758,9
2408-TZMJL,One year,Fiber optic,Electronic check,59,48-72m,110.15,6448.05,5,1,0.1852170523632586,5
8480-PPONV,Two year,Fiber optic,Bank transfer (automatic),62,48-72m,115.55,7159.05,6,0,0.030262919798241198,9
8780-IHCRN,Two year,No,Credit card (automatic),63,48-72m,24.65,1574.5,0,0,0.00745710645732509,10
4598-ZADCK,One year,DSL,Electronic check,53,48-72m,53.6,2879.2,5,0,0.08000400191515669,7
1257-SXUXQ,Month-to-month,No,Mailed check,5,0-6m,19.45,86.05,0,0,0.12433216789929738,6
9681-KYGYB,Month-to-month,Fiber optic,Electronic check,49,48-72m,88.2,4159.45,3,0,0.3257322840133324,4
7182-OVLBJ,Two year,Fiber optic,Bank transfer (automatic),62,48-72m,101.15,6638.35,3,0,0.06478780638778638,7
5095-ETBRJ,Two year,DSL,Mailed check,55,48-72m,56.8,3112.05,3,0,0.009097892315512736,10
7005-CYUIL,Two year,Fiber optic,Electronic check,71,48-72m,99.4,7168.25,5,0,0.04198626737597844,8
4821-WQOYN,Two year,No,Credit card (automatic),72,72m+,20.1,1326.25,0,0,0.005782187435819331,10
4730-AWNAU,One year,DSL,Credit card (automatic),36,24-48m,60.7,2234.55,5,0,0.07080541199040483,7
3452-FLHYD,One year,No,Bank transfer (automatic),25,24-48m,20.95,495.15,0,0,0.05352720279821031,8
2388-LAESQ,Two year,Fiber optic,Bank transfer (automatic),72,72m+,114.85,8317.95,6,0,0.04402622761489826,8
9531-NSBMR,One year,No,Bank transfer (automatic),36,24-48m,19.25,679.8,0,0,0.04202864093464802,8
6260-ONULR,Month-to-month,DSL,Mailed check,1,0-6m,62.8,62.8,2,0,0.5456464303911406,2
4389-UEFCZ,Two year,Fiber optic,Electronic check,72,72m+,105.5,7544.0,4,0,0.08084071516387546,7
8711-LOBKY,Two year,No,Mailed check,59,48-72m,19.85,1188.25,0,0,0.006202259748784555,10
9134-CEQMF,Month-to-month,Fiber optic,Electronic check,7,6-12m,89.5,676.7,2,1,0.8012213393262303,1
8985-OOPOS,One year,DSL,Credit card (automatic),1,0-6m,74.1,74.1,4,0,0.22173168535383533,5
8800-ZKRFW,Month-to-month,Fiber optic,Electronic check,30,24-48m,107.5,3242.5,5,0,0.5319750385992902,3
2616-FLVQC,Two year,No,Mailed check,64,48-72m,19.55,1240.15,0,0,0.006586977432730131,10
9968-FFVVH,One year,DSL,Bank transfer (automatic),63,48-72m,68.8,4111.35,4,0,0.01673242181099709,9
3108-PCCGG,Two year,DSL,Credit card (automatic),72,72m+,84.45,5899.85,5,0,0.019703398832415255,9
7993-PYKOF,Month-to-month,Fiber optic,Electronic check,8,6-12m,75.0,632.95,1,1,0.4667948369065437,3
8390-FESFV,Two year,DSL,Bank transfer (automatic),62,48-72m,84.5,5193.2,5,0,0.023486268067512413,9
3022-BEXHZ,Two year,Fiber optic,Bank transfer (automatic),67,48-72m,111.2,7530.8,5,0,0.05019251978940734,8
5027-XWQHA,Month-to-month,DSL,Electronic check,6,6-12m,44.75,270.95,0,1,0.3794186151047921,4
6248-TKCQV,Two year,DSL,Bank transfer (automatic),70,48-72m,80.6,5460.2,4,0,0.015451203126415507,9
6729-GDNGC,Month-to-month,Fiber optic,Bank transfer (automatic),20,12-24m,80.7,1614.2,1,0,0.49469480400571586,3
6198-ZFIOJ,Month-to-month,Fiber optic,Electronic check,5,0-6m,75.6,402.5,0,0,0.6640764503447801,2
5989-OMNJE,One year,DSL,Electronic check,24,24-48m,57.6,1367.75,5,0,0.1960456717472867,5
4566-QVRRW,Month-to-month,DSL,Electronic check,11,6-12m,44.05,483.7,0,1,0.40795525221616347,3
1291-CUOCY,Two year,Fiber optic,Credit card (automatic),72,72m+,110.6,7962.2,5,0,0.05092056512949129,8
9795-SHUHB,Two year,DSL,Credit card (automatic),66,48-72m,58.2,3810.8,3,0,0.007629134781399764,10
3230-IUALN,Two year,DSL,Mailed check,45,24-48m,81.0,3533.6,5,0,0.025606688525893453,9
0042-RLHYP,Two year,No,Bank transfer (automatic),69,48-72m,19.7,1396.9,0,0,0.004474228080896373,10
8519-IMDHU,Month-to-month,Fiber optic,Bank transfer (automatic),15,12-24m,85.6,1345.55,1,1,0.6542941014226729,2
4945-RVMTE,Month-to-month,DSL,Bank transfer (automatic),28,24-48m,59.55,1646.45,2,0,0.26345856172516563,5
0201-OAMXR,One year,Fiber optic,Credit card (automatic),70,48-72m,115.55,8127.6,6,1,0.05202741105600726,8
1866-NXPSP,One year,DSL,Mailed check,36,24-48m,75.55,2680.15,5,0,0.05153938154335239,8
3372-KWFBM,Month-to-month,Fiber optic,Electronic check,16,12-24m,86.6,1281.0,1,1,0.7616827457318837,1
7831-QGOXH,Month-to-month,Fiber optic,Electronic check,18,12-24m,85.2,1553.9,1,1,0.7134595592446585,1
6393-WRYZE,Month-to-month,Fiber optic,Electronic check,34,24-48m,97.65,3207.55,2,1,0.6180747359120644,2
3941-XTSKM,One year,DSL,Credit card (automatic),42,24-48m,45.1,2049.05,3,0,0.10980308139936787,7
1661-CZBAU,One year,DSL,Bank transfer (automatic),48,48-72m,70.95,3629.2,3,0,0.05098268076937841,8
6599-RCLCJ,Month-to-month,Fiber optic,Electronic check,47,24-48m,109.55,5124.55,5,1,0.41410368396447755,3
9831-BPFRI,One year,Fiber optic,Electronic check,39,24-48m,89.55,3474.45,3,1,0.18438786328528034,5
5158-RIVOP,Two year,No,Credit card (automatic),11,6-12m,20.9,202.3,0,0,0.030469856357534814,9
9788-YTFGE,Month-to-month,No,Mailed check,7,6-12m,19.95,147.5,0,0,0.18786962432455567,5
9277-JOOMO,Month-to-month,No,Mailed check,3,0-6m,24.6,86.35,0,0,0.20125150776931422,5
1907-YLNYW,Month-to-month,DSL,Electronic check,8,6-12m,66.7,579.0,3,0,0.39975234104479135,3
1725-MIMXW,Month-to-month,No,Mailed check,1,0-6m,19.45,19.45,0,1,0.19838615743704505,5
8947-YRTDV,One year,Fiber optic,Mailed check,32,24-48m,94.8,3131.55,4,0,0.10926249953965568,7
3161-ONRWK,One year,DSL,Bank transfer (automatic),60,48-72m,65.85,3928.3,4,0,0.014977796102469392,9
0114-RSRRW,Month-to-month,No,Bank transfer (automatic),10,6-12m,19.95,187.75,0,0,0.16309098650774556,6
4565-NLZBV,Two year,No,Bank transfer (automatic),71,48-72m,24.65,1710.15,0,0,0.00910076610142915,10
0031-PVLZI,Month-to-month,No,Mailed check,4,0-6m,20.35,76.35,0,1,0.12563093747885662,6
7206-GZCDC,Month-to-month,Fiber optic,Electronic check,1,0-6m,69.25,69.25,0,1,0.7544772579965118,1
6682-VCIXC,One year,DSL,Bank transfer (automatic),43,24-48m,51.25,2151.6,4,0,0.057085805685834136,8
4791-QRGMF,One year,Fiber optic,Bank transfer (automatic),59,48-72m,99.5,5961.1,3,1,0.18985232825237505,5
6475-VHUIZ,Month-to-month,DSL,Electronic check,23,12-24m,54.25,1221.55,2,0,0.18139338687455617,5
3910-MRQOY,Two year,No,Bank transfer (automatic),72,72m+,19.4,1496.45,0,0,0.004715617249831922,10
0661-WCQNQ,One year,DSL,Credit card (automatic),22,12-24m,56.25,1292.2,2,0,0.06665778055985107,7
7537-RBWEA,Month-to-month,DSL,Mailed check,1,0-6m,25.15,25.15,0,0,0.5139276824454116,3
4656-CAURT,Two year,No,Bank transfer (automatic),69,48-72m,23.95,1713.1,0,0,0.007562816875466257,10
0121-SNYRK,One year,DSL,Mailed check,50,48-72m,35.4,1748.9,2,0,0.046141149499760364,8
1768-ZAIFU,Month-to-month,DSL,Electronic check,1,0-6m,25.2,25.2,0,1,0.6706936384975154,1
4671-LXRDQ,Month-to-month,DSL,Mailed check,2,0-6m,45.0,96.45,0,1,0.3874433152610611,4
3733-LSYCE,Month-to-month,Fiber optic,Bank transfer (automatic),15,12-24m,75.35,1114.55,1,0,0.3694949241703547,4
6265-FRMTQ,Two year,No,Bank transfer (automatic),31,24-48m,20.4,609.1,0,0,0.019421261715064867,9
1934-SJVJK,Month-to-month,No,Mailed check,1,0-6m,20.15,20.15,0,1,0.16619527181814417,6
3838-OZURD,Month-to-month,Fiber optic,Credit card (automatic),66,48-72m,105.0,7133.25,4,1,0.2584676933940752,5
1371-DWPAZ,Two year,DSL,Credit card (automatic),0,0-6m,56.05,0.0,5,0,0.09202151584859716,7
9269-CQOOL,Month-to-month,DSL,Credit card (automatic),3,0-6m,54.7,169.45,1,1,0.4276350550653272,3
2017-CCBLH,Two year,No,Mailed check,8,6-12m,20.0,141.6,0,0,0.04137775228312848,8
7690-KPNCU,One year,DSL,Credit card (automatic),64,48-72m,73.05,4688.65,4,0,0.03793066324749845,8
0536-BGFMZ,Month-to-month,No,Mailed check,28,24-48m,20.5,563.05,0,0,0.06882890343059055,7
2293-IJWPS,One year,Fiber optic,Credit card (automatic),57,48-72m,100.75,5985.0,3,0,0.19916852985310535,5
2845-HSJCY,Month-to-month,Fiber optic,Electronic check,14,12-24m,87.25,1258.6,2,1,0.6905879793042388,1
5469-NUJUR,Two year,No,Mailed check,19,12-24m,19.95,373.5,0,0,0.040477496790355394,8
1184-PJVDB,Month-to-month,Fiber optic,Electronic check,10,6-12m,79.95,857.2,1,1,0.6950968653097501,1
2625-TRCZQ,Month-to-month,DSL,Electronic check,51,48-72m,49.65,2553.35,3,0,0.3141608498623684,4
4102-HLENU,Two year,DSL,Mailed check,67,48-72m,65.65,4322.85,3,0,0.01029906356389071,10
7266-GSSJX,Month-to-month,No,Electronic check,11,6-12m,20.45,250.8,0,0,0.19915580060630617,5
7722-VJRQD,Two year,DSL,Bank transfer (automatic),72,72m+,60.95,4549.05,5,0,0.012082219850261651,10
7073-QETQY,One year,No,Electronic check,66,48-72m,20.35,1359.5,0,0,0.01892878249114574,9
9415-DPEWS,Month-to-month,Fiber optic,Electronic check,18,12-24m,88.35,1639.3,2,1,0.6456864110324615,2
5624-RYAMH,Month-to-month,No,Electronic check,9,6-12m,19.5,178.85,0,0,0.25355045689915623,5
0196-JTUQI,Month-to-month,Fiber optic,Credit card (automatic),9,6-12m,75.2,633.85,0,0,0.6198573322583536,2
7130-YXBRO,Month-to-month,Fiber optic,Bank transfer (automatic),48,48-72m,111.45,5315.1,5,0,0.29514896447988936,4
9272-LSVYH,Month-to-month,Fiber optic,Mailed check,10,6-12m,70.15,735.5,0,0,0.4489979880772409,3
7943-RQCHR,Month-to-month,Fiber optic,Electronic check,9,6-12m,94.75,889.9,2,1,0.8127162990135823,1
3793-MMFUH,Month-to-month,Fiber optic,Electronic check,13,12-24m,95.05,1290.0,2,1,0.8237799373768092,1
3249-ZPQRG,Month-to-month,Fiber optic,Electronic check,4,0-6m,78.45,330.05,1,1,0.6639900609599199,2
2568-BRGYX,Month-to-month,Fiber optic,Electronic check,4,0-6m,70.2,237.95,0,1,0.6862109406572358,1
3084-DOWLE,Two year,DSL,Bank transfer (automatic),72,72m+,92.0,6474.4,6,0,0.010309991688771667,10
1084-MNSMJ,Two year,DSL,Credit card (automatic),51,48-72m,85.5,4421.95,6,0,0.01428982027460501,10
7721-JXEAW,Month-to-month,DSL,Bank transfer (automatic),59,48-72m,41.05,2452.7,2,1,0.13796392619889497,6
7249-WBIYX,Month-to-month,Fiber optic,Electronic check,10,6-12m,85.6,813.85,1,1,0.7496352065510054,1
4238-HFHSN,Month-to-month,Fiber optic,Electronic check,61,48-72m,82.15,4904.85,1,0,0.3017331659259372,4
6250-CGGUN,One year,Fiber optic,Electronic check,54,48-72m,84.4,4484.05,3,0,0.06420143244211557,7
5478-JJVZK,Month-to-month,DSL,Mailed check,33,24-48m,60.9,2033.85,2,0,0.1563978338742651,6
7596-IIWYC,Two year,No,Bank transfer (automatic),27,24-48m,20.25,538.2,0,0,0.031140827583909618,9
6567-HOOPW,Month-to-month,Fiber optic,Electronic check,1,0-6m,79.2,79.2,1,1,0.8078871411115157,1
9793-WECQC,Month-to-month,Fiber optic,Mailed check,23,12-24m,95.3,2192.9,3,0,0.4557455783372598,3
4291-HPAXL,Month-to-month,No,Mailed check,1,0-6m,19.85,19.85,0,0,0.147788908705614,6
8999-YPYBV,Two year,DSL,Mailed check,45,24-48m,84.35,3858.05,6,0,0.02448059496805062,9
1839-FBNFR,Two year,No,Bank transfer (automatic),39,24-48m,19.85,854.8,0,0,0.01706993039870208,9
3164-AALRN,One year,DSL,Mailed check,5,0-6m,70.0,347.4,3,1,0.3238658227708411,4
3071-MVJCD,Two year,DSL,Bank transfer (automatic),72,72m+,82.3,5815.15,5,0,0.006965359087411627,10
1697-BCSHV,Month-to-month,DSL,Bank transfer (automatic),58,48-72m,66.8,3970.4,2,0,0.1102653640625893,7
0562-KBDVM,Two year,DSL,Bank transfer (automatic),70,48-72m,44.6,3058.15,4,0,0.012410083088578983,10
1131-SUEKT,One year,Fiber optic,Bank transfer (automatic),61,48-72m,98.45,6145.2,4,0,0.0872664551859809,7
3717-OEAUQ,Month-to-month,Fiber optic,Mailed check,2,0-6m,70.7,129.2,0,0,0.5127834752876688,3
4538-WNTMJ,One year,No,Mailed check,46,24-48m,24.95,1165.9,0,0,0.022675212770637235,9
3334-CTHOL,Month-to-month,DSL,Bank transfer (automatic),1,0-6m,49.95,49.95,0,1,0.46745429282811746,3
4704-ERYFC,Month-to-month,Fiber optic,Electronic check,22,12-24m,69.25,1554.0,0,1,0.531144985584619,3
9432-RUVSL,Two year,Fiber optic,Credit card (automatic),48,48-72m,102.5,4904.25,5,0,0.07346419803875799,7
8060-HIWJJ,Two year,DSL,Credit card (automatic),64,48-72m,86.55,5632.55,5,0,0.021414544591795946,9
7684-XSZIY,Two year,No,Bank transfer (automatic),72,72m+,24.3,1643.25,0,0,0.005443543969750516,10
9089-UOWJG,Month-to-month,DSL,Credit card (automatic),12,12-24m,58.35,740.55,2,0,0.34077738494904464,4
8621-MNIHH,Month-to-month,Fiber optic,Electronic check,34,24-48m,94.25,3217.55,3,1,0.5886175123293641,2
8039-ACLPL,Two year,DSL,Credit card (automatic),72,72m+,68.75,4888.2,4,0,0.0077392336627571355,10
9885-AIBVB,Month-to-month,Fiber optic,Electronic check,29,24-48m,85.8,2440.25,2,0,0.5077309175988408,3
1934-MKPXS,One year,No,Credit card (automatic),33,24-48m,20.1,620.55,0,0,0.026826342779828934,9
2592-YKDIF,Month-to-month,No,Mailed check,1,0-6m,20.35,20.35,0,0,0.16552595971444944,6
2272-JKMSI,One year,Fiber optic,Electronic check,62,48-72m,110.8,6840.95,5,0,0.1497339816199231,6
0471-LVHGK,One year,DSL,Electronic check,41,24-48m,73.0,3001.2,3,1,0.22354452565332594,5
9518-RWHZL,One year,Fiber optic,Credit card (automatic),64,48-72m,100.05,6254.2,3,1,0.17726068561159278,6
8714-CTZJW,Month-to-month,Fiber optic,Credit card (automatic),4,0-6m,82.85,319.6,2,0,0.6557478493439449,2
3569-EDBPQ,Month-to-month,Fiber optic,Electronic check,24,24-48m,84.35,1938.05,2,0,0.42479291395801355,3
3131-NWVFJ,One year,No,Mailed check,14,12-24m,19.55,294.5,0,0,0.04900770825834452,8
7521-YXVZY,Month-to-month,No,Mailed check,3,0-6m,19.95,58.3,0,0,0.13922276733565725,6
5419-CONWX,Month-to-month,Fiber optic,Credit card (automatic),4,0-6m,99.8,442.85,4,1,0.7388387667261901,1
6240-EURKS,Month-to-month,DSL,Electronic check,18,12-24m,35.0,553.0,1,1,0.5058160018054008,3
2373-NTKOD,Month-to-month,DSL,Electronic check,8,6-12m,66.25,546.45,2,0,0.5755850546105635,2
1970-KKFWL,Two year,No,Bank transfer (automatic),35,24-48m,23.3,797.1,0,0,0.023724679874468087,9
6960-HVYXR,Month-to-month,Fiber optic,Electronic check,1,0-6m,76.0,76.0,0,1,0.691346659754917,1
9337-SRRNI,Two year,No,Credit card (automatic),66,48-72m,25.3,1673.8,0,0,0.010083401924719605,10
0895-UADGO,Two year,DSL,Mailed check,8,6-12m,44.55,343.45,3,0,0.11011856365091309,7
5678-VFNEQ,One year,Fiber optic,Credit card (automatic),71,48-72m,104.1,7412.25,4,0,0.10089376954724652,7
5977-CKHON,Month-to-month,Fiber optic,Bank transfer (automatic),43,24-48m,92.55,4039.0,2,0,0.3236367406774688,4
7024-OHCCK,Month-to-month,Fiber optic,Electronic check,2,0-6m,93.85,170.85,2,1,0.8744953353135,1
2692-BUCFV,Month-to-month,Fiber optic,Bank transfer (automatic),29,24-48m,101.45,2948.6,4,0,0.5340626503992602,3
7861-UVUFT,Month-to-month,Fiber optic,Electronic check,15,12-24m,84.3,1308.4,2,1,0.6566624333287617,2
1830-GGFNM,Two year,Fiber optic,Credit card (automatic),65,48-72m,94.55,6078.75,4,0,0.01669611678401929,9
5302-BDJNT,Month-to-month,Fiber optic,Electronic check,35,24-48m,95.5,3418.2,3,0,0.40301593952142967,3
5223-UZAVK,One year,Fiber optic,Credit card (automatic),64,48-72m,100.3,6603.8,4,0,0.09474352624895013,7
4859-ZSRDZ,Two year,DSL,Credit card (automatic),58,48-72m,55.5,3166.9,4,0,0.03958721444413933,8
5651-WYIPH,Month-to-month,DSL,Credit card (automatic),18,12-24m,49.85,865.75,1,0,0.30245443739685707,4
9350-VLHMB,Month-to-month,Fiber optic,Bank transfer (automatic),67,48-72m,89.55,6373.1,2,0,0.17726401454825008,6
3498-LZGQZ,Two year,No,Mailed check,63,48-72m,19.15,1177.05,0,0,0.007780605258580331,10
8785-CJSHH,Month-to-month,Fiber optic,Electronic check,60,48-72m,99.8,5985.75,3,0,0.398788399581096,3
5357-TZHPP,Month-to-month,Fiber optic,Credit card (automatic),9,6-12m,84.4,732.5,1,1,0.7243931116172336,1
3870-SPZSI,Two year,Fiber optic,Credit card (automatic),70,48-72m,113.05,7869.05,6,0,0.035317463340196954,8
0680-DFNNY,Month-to-month,Fiber optic,Electronic check,15,12-24m,101.1,1504.05,3,1,0.7567715844652794,1
7560-QRBXH,One year,No,Mailed check,48,48-72m,19.95,936.7,0,0,0.01722361039433636,9
7077-XJMET,Month-to-month,DSL,Electronic check,12,12-24m,74.15,741.4,4,0,0.44173058243047986,3
8752-GHJFU,One year,Fiber optic,Electronic check,71,48-72m,92.0,6585.2,4,0,0.07558747826722423,7
6896-SRVYQ,Month-to-month,Fiber optic,Electronic check,44,24-48m,73.85,3122.4,1,0,0.3354743843326313,4
7767-UXAGJ,Month-to-month,DSL,Electronic check,1,0-6m,50.45,50.45,0,1,0.5728716848359008,2
4652-ODEVH,Two year,No,Mailed check,45,24-48m,24.45,1088.25,0,0,0.01328736592167052,10
6510-UPNKS,One year,No,Credit card (automatic),23,12-24m,24.8,615.35,0,0,0.060791657284524694,8
6718-BDGHG,One year,DSL,Bank transfer (automatic),43,24-48m,64.85,2908.2,2,0,0.0855836710330301,7
9046-DQMTP,Month-to-month,No,Bank transfer (automatic),35,24-48m,20.75,739.9,0,0,0.059144732543523273,8
6439-LAJXL,Month-to-month,DSL,Mailed check,9,6-12m,68.95,593.85,4,0,0.22471854088375767,5
1571-SAVHK,Month-to-month,Fiber optic,Mailed check,12,12-24m,99.95,1132.75,3,1,0.6375075697236132,2
9052-VKDUW,Month-to-month,Fiber optic,Credit card (automatic),65,48-72m,109.4,7227.45,5,0,0.23971643247299265,5
9546-CQJSU,Month-to-month,Fiber optic,Electronic check,2,0-6m,91.4,193.6,2,1,0.80194004912296,1
1666-JZPZT,Month-to-month,DSL,Mailed check,27,24-48m,49.0,1291.35,0,0,0.20871890162929285,5
5777-KJIRB,One year,DSL,Mailed check,40,24-48m,50.25,2023.55,1,0,0.07769897526114662,7
0506-LVNGN,Month-to-month,Fiber optic,Credit card (automatic),5,0-6m,75.55,349.65,1,1,0.6271215619050218,2
7677-SJJJK,One year,No,Credit card (automatic),8,6-12m,19.9,153.95,0,0,0.060359036216926155,8
2480-EJWYP,One year,Fiber optic,Bank transfer (automatic),58,48-72m,97.8,5458.8,3,0,0.22742731338764982,5
3253-HKOKL,One year,Fiber optic,Electronic check,52,48-72m,100.3,5244.45,4,0,0.1251844410007246,6
7055-HNEOJ,Month-to-month,DSL,Mailed check,3,0-6m,55.8,154.55,2,0,0.2756588470510032,4
5514-YQENT,Two year,Fiber optic,Electronic check,41,24-48m,111.15,4507.15,6,0,0.09918554828816964,7
3211-AAPKX,Month-to-month,Fiber optic,Mailed check,20,12-24m,98.55,2031.95,3,0,0.5815788448585795,2
8445-DNBAE,Month-to-month,DSL,Electronic check,1,0-6m,50.05,50.05,0,0,0.5391155810191886,2
2951-QOQTK,Month-to-month,Fiber optic,Credit card (automatic),4,0-6m,80.8,332.45,1,1,0.4485239338941736,3
2958-NHPPS,Month-to-month,No,Electronic check,23,12-24m,20.85,473.9,0,0,0.12681388151368514,6
6806-YDEUL,Month-to-month,No,Bank transfer (automatic),6,6-12m,19.5,106.8,0,0,0.17587129158298878,6
1735-XMJVH,Month-to-month,No,Mailed check,8,6-12m,19.35,152.6,0,0,0.15386706894240812,6
6890-PFRQX,Month-to-month,DSL,Mailed check,18,12-24m,69.5,1199.4,3,0,0.2465230404366065,5
0222-CNVPT,Month-to-month,DSL,Credit card (automatic),52,48-72m,48.8,2555.05,3,0,0.23240468826673574,5
5899-OUVKV,Month-to-month,Fiber optic,Electronic check,31,24-48m,94.5,2979.2,3,0,0.5888508436460507,2
8681-ICONS,Month-to-month,No,Mailed check,29,24-48m,20.65,654.85,0,0,0.07998125160478403,7
1621-YNCJH,Two year,Fiber optic,Credit card (automatic),36,24-48m,106.05,3834.4,5,0,0.0830169482303169,7
3473-XIIIT,Month-to-month,Fiber optic,Electronic check,16,12-24m,100.0,1534.75,3,1,0.7436593561590501,1
6362-QHAFM,One year,Fiber optic,Electronic check,42,24-48m,108.3,4586.15,4,0,0.29075314814659087,4
7893-IXHRQ,Month-to-month,No,Electronic check,1,0-6m,20.55,20.55,0,1,0.23470056054212346,5
3070-BDOQC,Two year,Fiber optic,Electronic check,60,48-72m,99.65,5941.05,4,0,0.12550884956688613,6
2952-QAYZF,Month-to-month,Fiber optic,Electronic check,5,0-6m,85.3,424.15,2,1,0.7161816800824491,1
6234-PFPXL,Month-to-month,Fiber optic,Credit card (automatic),22,12-24m,95.9,2234.95,3,0,0.3109904875688605,4
9824-QCJPK,One year,No,Mailed check,36,24-48m,20.0,666.75,0,0,0.027380601602132848,9
4763-PGDPO,Month-to-month,Fiber optic,Electronic check,4,0-6m,70.4,281.0,0,1,0.6062709884508669,2
4283-IVYCI,Month-to-month,DSL,Mailed check,9,6-12m,64.95,547.8,3,0,0.1797414489750523,5
1866-OBPNR,Month-to-month,Fiber optic,Credit card (automatic),1,0-6m,74.6,74.6,1,0,0.4577876982021121,3
8205-MQUGY,Month-to-month,DSL,Electronic check,12,12-24m,49.2,571.15,1,0,0.2847808204743763,4
8970-ANWXO,One year,DSL,Mailed check,23,12-24m,73.75,1756.6,3,0,0.20474561931129054,5
9480-BQJEI,One year,Fiber optic,Bank transfer (automatic),62,48-72m,92.3,5731.45,3,0,0.10305226243135462,7
5394-SVGJV,Month-to-month,Fiber optic,Bank transfer (automatic),37,24-48m,98.8,3475.55,3,1,0.3565844450777468,4
6979-TNDEU,Month-to-month,No,Mailed check,8,6-12m,19.2,156.85,0,0,0.13878966399750234,6
9777-WJJPR,Month-to-month,Fiber optic,Credit card (automatic),31,24-48m,88.65,2683.2,2,0,0.4144954060669506,3
9283-LZQOH,Month-to-month,Fiber optic,Credit card (automatic),13,12-24m,74.4,896.75,0,1,0.5379686008470704,2
7079-QRCBC,Month-to-month,Fiber optic,Electronic check,24,24-48m,98.75,2407.3,3,1,0.7239541816651993,1
9495-SKLKD,Month-to-month,Fiber optic,Bank transfer (automatic),45,24-48m,95.95,4456.65,3,0,0.29906837152510596,4
6048-UWKAL,Two year,Fiber optic,Credit card (automatic),69,48-72m,105.4,6998.95,4,0,0.05088002862596005,8
5067-DGXLL,Month-to-month,No,Mailed check,2,0-6m,20.25,36.8,0,0,0.16125756113126496,6
5469-CTCWN,One year,Fiber optic,Electronic check,61,48-72m,106.0,6547.7,4,1,0.15543118501403763,6
9851-QXEEQ,Month-to-month,Fiber optic,Electronic check,41,24-48m,104.7,4346.4,4,1,0.5703202545067511,2
6281-FKEWS,One year,DSL,Electronic check,44,24-48m,49.05,2265.0,3,0,0.2495623544210686,5
8898-KASCD,One year,DSL,Mailed check,39,24-48m,35.55,1309.15,2,0,0.06496793013161012,7
9242-TKFSV,Two year,DSL,Credit card (automatic),72,72m+,65.1,4754.3,6,0,0.016287004524083246,9
9290-SHCMB,Month-to-month,Fiber optic,Electronic check,13,12-24m,96.85,1235.55,3,0,0.7662404511750281,1
0743-HNPFG,One year,DSL,Credit card (automatic),51,48-72m,69.75,3562.5,4,0,0.02740204844322976,9
2277-BKJKN,Two year,Fiber optic,Electronic check,71,48-72m,99.2,7213.75,4,0,0.10346475479802768,7
9809-IMGCQ,Month-to-month,Fiber optic,Electronic check,22,12-24m,96.7,2082.95,2,1,0.768425664825111,1
5208-HFSBT,Month-to-month,DSL,Credit card (automatic),2,0-6m,55.05,102.75,2,1,0.29416211806648834,4
5035-PGZXH,One year,Fiber optic,Electronic check,56,48-72m,106.8,5914.4,4,0,0.2727737210948357,4
8695-WDYEA,Month-to-month,DSL,Mailed check,1,0-6m,51.25,51.25,1,0,0.23770123966535991,5
6543-JXSOO,One year,DSL,Mailed check,23,12-24m,57.75,1282.85,3,0,0.05480420031776838,8
8016-ZMGMO,One year,DSL,Bank transfer (automatic),66,48-72m,70.85,4738.85,3,0,0.0628049990972096,7
8605-ITULD,Month-to-month,No,Mailed check,1,0-6m,19.55,19.55,0,0,0.1682162098501138,6
3254-YRILK,Month-to-month,Fiber optic,Electronic check,19,12-24m,88.2,1775.8,2,1,0.7421535276618645,1
6416-YJTTB,Month-to-month,Fiber optic,Bank transfer (automatic),11,6-12m,79.5,795.65,2,0,0.4353738927709217,3
2667-WYLWJ,One year,No,Mailed check,8,6-12m,19.75,145.0,0,1,0.08147093256018642,7
4472-VESGY,Month-to-month,Fiber optic,Bank transfer (automatic),52,48-72m,98.15,4993.4,4,0,0.15056278055091515,6
3195-TQDZX,Month-to-month,No,Electronic check,3,0-6m,20.25,61.45,0,0,0.2898669897570551,4
3128-YOVTD,Month-to-month,Fiber optic,Bank transfer (automatic),51,48-72m,79.15,4018.55,2,0,0.13217928043795363,6
0529-ONKER,Month-to-month,Fiber optic,Electronic check,15,12-24m,75.65,1146.65,0,1,0.6364748666664893,2
1728-CXQBE,Month-to-month,Fiber optic,Electronic check,64,48-72m,94.25,6081.4,3,0,0.3427347845941783,4
7041-TXQJH,Month-to-month,DSL,Credit card (automatic),37,24-48m,40.2,1478.85,2,0,0.2867755206126813,4
5014-GSOUQ,Two year,No,Mailed check,13,12-24m,19.95,243.65,0,0,0.03523736949730385,8
5724-BIDBU,One year,DSL,Electronic check,49,48-72m,55.35,2633.95,1,0,0.07820034006648247,7
0481-SUMCB,One year,Fiber optic,Bank transfer (automatic),45,24-48m,102.15,4735.35,3,0,0.3202333701681089,4
1769-GRUIK,Month-to-month,Fiber optic,Electronic check,18,12-24m,71.1,1247.75,0,0,0.5719100108108093,2
5240-IJOQT,Month-to-month,Fiber optic,Electronic check,1,0-6m,74.7,74.7,0,1,0.8021972088455862,1
8819-WFGGJ,Two year,DSL,Bank transfer (automatic),68,48-72m,54.1,3794.5,4,0,0.033078491397881396,8
7427-AUFPY,Two year,No,Credit card (automatic),54,48-72m,19.65,1008.7,0,0,0.009423514316932167,10
2811-POVEX,Month-to-month,Fiber optic,Bank transfer (automatic),23,12-24m,88.45,2130.55,3,0,0.46925614509590624,3
1092-GANHU,Month-to-month,Fiber optic,Electronic check,17,12-24m,76.65,1313.55,1,1,0.57123633009626,2
7898-PDWQE,Two year,DSL,Credit card (automatic),71,48-72m,80.4,5727.15,5,0,0.008309518299760694,10
9972-EWRJS,Two year,No,Bank transfer (automatic),67,48-72m,19.25,1372.9,0,0,0.006821725392982316,10
9314-IJWSQ,Month-to-month,Fiber optic,Electronic check,14,12-24m,84.8,1203.9,1,0,0.6974035480105724,1
0661-XEYAN,Month-to-month,DSL,Mailed check,1,0-6m,25.8,25.8,0,1,0.5637156808737032,2
5799-JRCZO,Two year,No,Credit card (automatic),63,48-72m,19.5,1215.1,0,0,0.00605537018479497,10
1921-KYSAY,One year,DSL,Electronic check,41,24-48m,68.6,2877.05,3,0,0.13541228877973868,6
6198-RTPMF,Month-to-month,Fiber optic,Electronic check,17,12-24m,92.6,1579.7,2,0,0.696262048788077,1
2924-KHUVI,One year,Fiber optic,Electronic check,56,48-72m,100.55,5514.95,3,0,0.21738045271425954,5
1925-GMVBW,Month-to-month,No,Credit card (automatic),5,0-6m,20.55,96.1,0,0,0.15056642928640068,6
7881-EVUAD,Month-to-month,DSL,Electronic check,2,0-6m,42.6,72.4,3,1,0.578199704248979,2
6184-DYUOB,Month-to-month,No,Mailed check,3,0-6m,19.6,55.25,0,0,0.19846214054828998,5
9207-ZPANB,One year,DSL,Electronic check,37,24-48m,67.45,2443.3,4,0,0.06122388380265532,8
5766-XQXMQ,Month-to-month,DSL,Bank transfer (automatic),29,24-48m,68.85,1970.5,4,1,0.17275795165902647,6
9327-QSDED,Month-to-month,DSL,Mailed check,8,6-12m,43.55,335.4,0,0,0.27471373484038214,4
1656-DRSMG,Month-to-month,Fiber optic,Credit card (automatic),63,48-72m,109.85,7002.95,5,0,0.22597610024604486,5
3012-VFFMN,Month-to-month,No,Mailed check,7,6-12m,20.65,158.95,0,0,0.11421930289336031,7
2984-AFWNC,Month-to-month,Fiber optic,Electronic check,3,0-6m,95.4,293.15,3,0,0.7178002690192413,1
0640-YJTPY,Two year,No,Bank transfer (automatic),72,72m+,21.0,1493.75,0,0,0.003921619625975554,10
8096-LOIST,Month-to-month,DSL,Electronic check,19,12-24m,56.2,1093.4,1,0,0.4069189742375512,3
9764-REAFF,Two year,No,Bank transfer (automatic),59,48-72m,18.4,1057.85,0,0,0.007461124445736607,10
3703-VAVCL,Month-to-month,Fiber optic,Credit card (automatic),2,0-6m,90.0,190.05,3,1,0.43421353837603655,3
7107-UBYKY,Month-to-month,No,Electronic check,35,24-48m,25.75,882.55,0,0,0.12808371443437053,6
4881-GQJTW,Month-to-month,No,Credit card (automatic),14,12-24m,19.6,300.4,0,0,0.11815687294494083,6
8519-QJGJD,Month-to-month,Fiber optic,Electronic check,14,12-24m,75.35,1025.95,1,1,0.5183215536910281,3
7876-DNYAP,Two year,No,Credit card (automatic),69,48-72m,19.8,1436.95,0,0,0.004564182170732325,10
7905-NJMXS,Month-to-month,DSL,Electronic check,7,6-12m,64.2,475.0,3,0,0.29101754020547976,4
2882-WDTBA,Two year,DSL,Bank transfer (automatic),69,48-72m,75.75,5388.15,5,0,0.008461289572679182,10
2091-GPPIQ,Two year,DSL,Electronic check,72,72m+,78.95,5730.15,4,0,0.030260684920156652,9
6326-MTTXK,Month-to-month,Fiber optic,Electronic check,8,6-12m,100.85,819.55,3,1,0.7393887521527608,1
5071-FBJFS,Month-to-month,DSL,Electronic check,4,0-6m,50.3,217.1,1,0,0.26419645890357946,5
2796-UUZZO,Month-to-month,Fiber optic,Credit card (automatic),63,48-72m,80.3,4896.35,2,0,0.12462146711217542,6
2429-AYKKO,Two year,No,Bank transfer (automatic),72,72m+,19.85,1434.1,0,0,0.005026651619341545,10
9798-OPFEM,Two year,No,Electronic check,46,24-48m,21.1,937.1,0,0,0.02505280105562057,9
0330-IVZHA,Month-to-month,Fiber optic,Electronic check,5,0-6m,69.95,330.15,0,1,0.5826912811493867,2
3794-NFNCH,Month-to-month,DSL,Mailed check,30,24-48m,50.0,1474.9,1,0,0.18267492679491631,5
5193-QLVZB,Two year,Fiber optic,Bank transfer (automatic),63,48-72m,104.75,6536.5,4,0,0.10044149379111315,7
7114-AEOZE,Two year,No,Bank transfer (automatic),60,48-72m,19.85,1128.1,0,0,0.007508309319297588,10
2886-KEFUM,One year,Fiber optic,Electronic check,63,48-72m,107.5,6873.75,4,1,0.21280125144026613,5
5522-NYKPB,Month-to-month,Fiber optic,Electronic check,25,24-48m,85.9,2199.05,2,0,0.36518935572417605,4
4237-RLAQD,Month-to-month,DSL,Mailed check,1,0-6m,45.85,45.85,0,1,0.3905534485285132,3
9957-YODKZ,Month-to-month,Fiber optic,Electronic check,6,6-12m,80.8,457.1,1,0,0.7515843870767263,1
6518-KZXCB,Two year,No,Mailed check,22,12-24m,25.25,566.5,0,0,0.03450577668470278,8
2245-ADZFJ,Two year,DSL,Bank transfer (automatic),31,24-48m,80.55,2471.6,4,0,0.051740367778387364,8
7776-QGYJC,Month-to-month,Fiber optic,Bank transfer (automatic),39,24-48m,81.5,3107.3,2,0,0.1878357963760209,5
9313-QOLTZ,Month-to-month,No,Mailed check,26,24-48m,20.9,518.3,0,0,0.07783515904639841,7
9651-GTSAQ,One year,Fiber optic,Bank transfer (automatic),53,48-72m,106.1,5769.75,5,1,0.1164106444701613,6
3186-BAXNB,Month-to-month,Fiber optic,Electronic check,1,0-6m,91.7,91.7,3,1,0.5916396032789041,2
4672-FOTSD,Month-to-month,DSL,Electronic check,12,12-24m,67.25,832.3,3,0,0.28339688707209093,4
0637-YLETY,Month-to-month,Fiber optic,Credit card (automatic),16,12-24m,95.6,1555.65,3,1,0.5930099735686813,2
9818-XQCUV,Month-to-month,No,Mailed check,2,0-6m,20.35,45.3,0,0,0.1609306647868055,6
7338-ERIVA,One year,DSL,Bank transfer (automatic),39,24-48m,45.05,1790.6,3,0,0.05595325068621274,8
1157-BQCUW,Month-to-month,Fiber optic,Electronic check,1,0-6m,74.95,74.95,0,1,0.7645489737416042,1
8259-NFJTV,Month-to-month,DSL,Mailed check,7,6-12m,34.65,246.6,2,0,0.19417211757287853,5
3223-DWFIO,Month-to-month,Fiber optic,Electronic check,4,0-6m,69.35,261.65,0,0,0.6622453013576985,2
2660-EMUBI,Month-to-month,Fiber optic,Electronic check,10,6-12m,95.35,898.35,2,1,0.8369696671826776,1
6968-GMKPR,Month-to-month,Fiber optic,Electronic check,55,48-72m,81.55,4509.5,2,0,0.2544009338611102,5
4751-ERMAN,Two year,DSL,Bank transfer (automatic),72,72m+,75.4,5480.25,4,0,0.019979759127358627,9
1436-ZMJAN,Month-to-month,DSL,Credit card (automatic),10,6-12m,67.8,653.15,3,0,0.45240597157331913,3
3292-PBZEJ,Month-to-month,Fiber optic,Electronic check,11,6-12m,111.4,1183.05,5,0,0.7522800917266375,1
0799-DDIHE,Month-to-month,DSL,Electronic check,15,12-24m,46.3,639.45,0,0,0.25848327566943635,5
3070-FNFZQ,Two year,No,Bank transfer (automatic),23,12-24m,20.4,478.75,0,0,0.020349340874945505,9
2812-SFXMJ,Month-to-month,No,Mailed check,1,0-6m,20.05,20.05,0,0,0.1471806391539832,6
7675-OZCZG,Month-to-month,DSL,Electronic check,3,0-6m,45.0,127.1,0,1,0.4549048885846541,3
5014-WUQMG,One year,Fiber optic,Electronic check,47,24-48m,96.1,4391.45,4,0,0.13611761631587782,6
5312-TSZVC,One year,No,Mailed check,15,12-24m,19.65,270.6,0,0,0.05085797342988696,8
2003-CKLOR,Month-to-month,Fiber optic,Electronic check,66,48-72m,99.5,6710.5,4,1,0.23371475981376724,5
0993-OSGPT,One year,DSL,Bank transfer (automatic),68,48-72m,60.65,3975.9,3,0,0.023591305377467692,9
9254-RBFON,One year,Fiber optic,Bank transfer (automatic),17,12-24m,98.6,1704.95,4,1,0.23981531398751646,5
1205-WNWPJ,Month-to-month,DSL,Mailed check,7,6-12m,59.5,415.95,2,1,0.3410591606894416,4
9391-EOYLI,Month-to-month,Fiber optic,Electronic check,12,12-24m,80.45,950.2,1,1,0.7089398563090359,1
7108-DGVUU,One year,DSL,Bank transfer (automatic),21,12-24m,71.7,1497.05,3,0,0.16438087566213386,6
2782-JEEBU,Month-to-month,DSL,Mailed check,21,12-24m,36.0,780.15,2,0,0.2533808049516929,5
5127-BZENZ,One year,DSL,Bank transfer (automatic),56,48-72m,65.2,3512.15,2,0,0.03506269646745351,8
2720-FVBQP,Month-to-month,DSL,Credit card (automatic),6,6-12m,48.95,273.25,0,0,0.3837796379735943,4
9906-NHHVC,Two year,DSL,Bank transfer (automatic),65,48-72m,53.5,3517.9,4,0,0.06357812117615616,7
4522-XRWWI,One year,DSL,Credit card (automatic),42,24-48m,80.45,3375.9,4,0,0.05753557789001015,8
3766-EJLFL,Two year,Fiber optic,Bank transfer (automatic),68,48-72m,109.05,7508.55,5,0,0.03913963918026719,8
5939-SXWHM,Two year,No,Bank transfer (automatic),48,48-72m,26.3,1245.05,0,0,0.011558168418053731,10
8152-UOBNY,One year,Fiber optic,Electronic check,50,48-72m,106.8,5347.95,4,0,0.2898247095954977,4
7351-KYHQH,Month-to-month,DSL,Electronic check,7,6-12m,64.95,493.65,3,0,0.5584999895246175,2
7643-RCHXS,Two year,No,Electronic check,63,48-72m,19.35,1263.85,0,0,0.008505036599961314,10
8246-SHFGA,Month-to-month,No,Credit card (automatic),17,12-24m,21.1,385.55,0,0,0.1045910235335039,7
8387-MOJJT,Month-to-month,Fiber optic,Credit card (automatic),42,24-48m,77.95,3384.0,1,1,0.3177057326113376,4
0620-XEFWH,Month-to-month,No,Mailed check,4,0-6m,18.85,84.2,0,0,0.12967102943881656,6
6485-QXWWE,Two year,No,Bank transfer (automatic),62,48-72m,26.0,1638.7,0,0,0.007864859547120726,10
2761-OCIAX,Month-to-month,Fiber optic,Electronic check,2,0-6m,74.7,165.4,1,1,0.7294955575918688,1
7321-VGNKU,Month-to-month,Fiber optic,Electronic check,2,0-6m,70.35,120.25,0,0,0.6837493182241787,1
5327-CNLUQ,Two year,Fiber optic,Bank transfer (automatic),48,48-72m,96.9,4473.45,4,0,0.09109968123248159,7
7552-KEYGT,Two year,No,Bank transfer (automatic),27,24-48m,19.55,520.55,0,0,0.02100633253980389,9
5816-JMLGY,Two year,DSL,Bank transfer (automatic),70,48-72m,80.4,5717.85,5,0,0.01503203805117531,9
3068-OMWZA,Month-to-month,Fiber optic,Electronic check,1,0-6m,88.8,88.8,2,1,0.846999002762073,1
2927-QRRQV,One year,Fiber optic,Electronic check,46,24-48m,94.65,4312.5,3,0,0.28720233848656745,4
6032-KRXXO,Month-to-month,Fiber optic,Electronic check,30,24-48m,90.25,2755.35,2,1,0.613194666856244,2
7459-RRWQZ,Month-to-month,DSL,Bank transfer (automatic),15,12-24m,64.65,994.55,2,1,0.32804405693371824,4
6265-SXWBU,One year,Fiber optic,Credit card (automatic),69,48-72m,95.75,6511.25,3,0,0.06814522402142151,7
7941-RCJOW,Two year,No,Credit card (automatic),65,48-72m,19.55,1218.65,0,0,0.009222851361886593,10
6374-NTQLP,Two year,Fiber optic,Credit card (automatic),72,72m+,104.1,7447.7,5,0,0.032731050059429445,9
4154-AQUGT,Month-to-month,Fiber optic,Bank transfer (automatic),13,12-24m,89.05,1169.35,3,1,0.5028791084835602,3
2387-KDZQY,One year,No,Mailed check,17,12-24m,20.1,279.5,0,0,0.07500271312879239,7
3584-WKTTW,One year,Fiber optic,Electronic check,51,48-72m,111.55,5720.35,5,0,0.17991649921327021,5
3399-BMLVW,Two year,DSL,Credit card (automatic),51,48-72m,60.5,3121.45,3,0,0.008450634015907114,10
1971-DTCZB,Two year,DSL,Bank transfer (automatic),72,72m+,90.95,6468.6,6,0,0.014877474460416672,9
3092-IGHWF,One year,Fiber optic,Electronic check,67,48-72m,87.4,5918.8,2,1,0.07677275057892802,7
3374-PZLXD,Month-to-month,No,Mailed check,34,24-48m,19.7,675.6,0,0,0.06225302568821755,7
3813-DHBBB,Two year,DSL,Bank transfer (automatic),67,48-72m,50.95,3521.7,4,0,0.016006218289990565,9
2812-REYAT,One year,No,Bank transfer (automatic),49,48-72m,20.05,923.1,0,0,0.02512883658892083,9
6518-PPLMZ,Two year,No,Mailed check,53,48-72m,19.4,1110.35,0,0,0.01079417201489461,10
4939-KYYPY,Month-to-month,DSL,Electronic check,27,24-48m,59.45,1611.65,2,0,0.21704804524882038,5
8017-LXHFA,Month-to-month,Fiber optic,Electronic check,23,12-24m,94.75,2293.6,3,1,0.6981686343653278,1
5930-GBIWP,Two year,DSL,Credit card (automatic),69,48-72m,81.5,5553.25,5,0,0.013121549209957166,10
6022-KOUQO,Month-to-month,DSL,Bank transfer (automatic),2,0-6m,29.05,44.75,1,0,0.2950118277002802,4
6352-TWCAU,Month-to-month,Fiber optic,Electronic check,35,24-48m,86.45,3029.1,1,1,0.5768915288438086,2
2361-UPSND,One year,DSL,Mailed check,46,24-48m,70.6,3231.05,4,0,0.025379522636782077,9
6035-RIIOM,Two year,Fiber optic,Bank transfer (automatic),54,48-72m,97.2,5129.45,3,0,0.1412752440572765,6
2929-QNSRW,One year,Fiber optic,Electronic check,56,48-72m,98.25,5508.35,3,1,0.2795483943040971,4
1262-OPMFY,Month-to-month,Fiber optic,Bank transfer (automatic),9,6-12m,75.75,655.9,1,1,0.5166751780483645,3
9504-DSHWM,Month-to-month,DSL,Bank transfer (automatic),20,12-24m,59.2,1191.2,2,0,0.13955055717670087,6
5035-BVCXS,Month-to-month,Fiber optic,Mailed check,11,6-12m,75.9,866.4,1,0,0.5008536456942928,3
6267-DCFFZ,Month-to-month,Fiber optic,Electronic check,30,24-48m,90.05,2627.2,2,0,0.6381313729724939,2
3533-UVMOM,Two year,DSL,Bank transfer (automatic),68,48-72m,70.95,4741.45,4,0,0.009487389890302412,10
2439-LYPMQ,Month-to-month,Fiber optic,Electronic check,38,24-48m,102.6,4009.2,4,0,0.6401637221359923,2
4248-QPAVC,Month-to-month,Fiber optic,Bank transfer (automatic),17,12-24m,85.35,1463.45,2,1,0.48678287004555926,3
1899-VXWXM,One year,Fiber optic,Credit card (automatic),48,48-72m,106.1,5082.8,4,1,0.24822192946843077,5
1478-VPOAD,Month-to-month,DSL,Electronic check,1,0-6m,43.8,43.8,0,0,0.42536034564869835,3
9995-HOTOH,Two year,DSL,Electronic check,63,48-72m,59.0,3707.6,5,0,0.033992964441679166,8
2988-PLAHS,One year,DSL,Electronic check,3,0-6m,69.95,220.45,3,0,0.44349099964503824,3
1371-OJCEK,One year,No,Bank transfer (automatic),48,48-72m,24.35,1133.7,0,0,0.0268501225759532,9
4999-IEZLT,One year,DSL,Credit card (automatic),66,48-72m,29.45,1983.15,1,0,0.029354916320842403,9
8883-ANODQ,Two year,Fiber optic,Credit card (automatic),68,48-72m,84.4,5746.75,2,0,0.04287988499956186,8
4690-LLKUA,Month-to-month,DSL,Electronic check,17,12-24m,45.05,770.6,0,1,0.42380686639368753,3
2351-RRBUE,One year,No,Mailed check,7,6-12m,20.65,134.05,0,0,0.05971423958225275,8
5980-BDHPY,Two year,DSL,Bank transfer (automatic),72,72m+,87.1,6230.1,6,0,0.016305863842437374,9
1498-DQNRX,Month-to-month,No,Mailed check,29,24-48m,19.85,573.05,0,0,0.06768901199111316,7
9469-WEJBT,Month-to-month,Fiber optic,Electronic check,37,24-48m,90.35,3419.3,3,0,0.36709388109632785,4
3331-HQDTW,Month-to-month,Fiber optic,Mailed check,34,24-48m,109.8,3587.25,5,1,0.42825050827594313,3
9490-DFPMD,Month-to-month,Fiber optic,Electronic check,42,24-48m,84.65,3541.35,1,1,0.5828044047113589,2
2581-VKIRT,One year,DSL,Mailed check,59,48-72m,65.5,3801.3,3,0,0.015023024649212794,9
5442-XSDCW,Month-to-month,Fiber optic,Bank transfer (automatic),11,6-12m,79.5,868.5,1,1,0.5544795756762908,2
7426-WEIJX,Month-to-month,Fiber optic,Electronic check,60,48-72m,80.95,4859.1,1,0,0.2312056870471019,5
2851-MMUTZ,Month-to-month,DSL,Mailed check,27,24-48m,56.15,1439.35,2,0,0.14554902331428624,6
3049-NDXFL,Month-to-month,Fiber optic,Mailed check,1,0-6m,85.8,85.8,1,1,0.648514735789467,2
8580-AECUZ,Month-to-month,Fiber optic,Electronic check,1,0-6m,79.1,79.1,1,1,0.808262287593307,1
3307-TLCUD,Month-to-month,DSL,Mailed check,17,12-24m,34.4,592.75,2,0,0.21869316101324116,5
6625-FLENO,Two year,No,Mailed check,58,48-72m,20.75,1185.95,0,0,0.007258668243706597,10
2967-MXRAV,One year,No,Mailed check,1,0-6m,18.8,18.8,0,0,0.07516101586304753,7
7963-GQRMY,Month-to-month,DSL,Mailed check,3,0-6m,44.3,134.5,0,1,0.2607083893663119,5
8189-HBVRW,Month-to-month,Fiber optic,Electronic check,53,48-72m,90.8,4921.2,3,0,0.19589184846249025,5
4163-KIUHY,Month-to-month,No,Electronic check,35,24-48m,25.6,901.25,0,0,0.15540285250898037,6
1228-FZFRV,Month-to-month,Fiber optic,Credit card (automatic),50,48-72m,105.95,5341.8,4,1,0.21254006636891754,5
3500-NSDOA,Two year,DSL,Credit card (automatic),68,48-72m,70.8,4859.95,3,0,0.01155033065339642,10
1171-TYKUR,Month-to-month,No,Electronic check,47,24-48m,25.4,1139.2,0,0,0.07496649300285249,7
3761-FLYZI,Month-to-month,Fiber optic,Bank transfer (automatic),65,48-72m,108.8,7082.45,4,0,0.28528785763175246,4
2058-DCJBE,Month-to-month,Fiber optic,Electronic check,5,0-6m,69.75,324.6,0,1,0.6812892494092196,1
5364-XYIRR,Month-to-month,Fiber optic,Electronic check,51,48-72m,94.65,4812.75,2,1,0.4954919067871807,3
4829-AUOAX,Month-to-month,Fiber optic,Bank transfer (automatic),46,24-48m,96.05,4399.5,2,1,0.3564981238175967,4
1219-NNDDO,Month-to-month,Fiber optic,Electronic check,9,6-12m,76.85,663.55,0,0,0.7032150787960899,1
8388-DMKAE,Two year,No,Mailed check,8,6-12m,20.25,174.65,0,0,0.04113854876586306,8
4403-BWPAY,One year,No,Credit card (automatic),14,12-24m,24.8,321.7,0,0,0.1101894440719258,7
9659-QEQSY,Month-to-month,Fiber optic,Electronic check,45,24-48m,115.65,5125.5,6,0,0.3552662275728489,4
5405-ZMYXQ,Month-to-month,Fiber optic,Credit card (automatic),8,6-12m,74.6,548.9,0,0,0.6311380646035047,2
5047-LHVLY,Month-to-month,DSL,Mailed check,1,0-6m,50.15,50.15,1,1,0.40579794360041493,3
1442-OKRJE,One year,Fiber optic,Bank transfer (automatic),66,48-72m,103.15,7031.3,5,0,0.0731431360914373,7
4737-AQCPU,Two year,DSL,Credit card (automatic),72,72m+,72.1,5016.65,4,0,0.0052458507482234015,10
9158-VCTQB,Month-to-month,Fiber optic,Bank transfer (automatic),41,24-48m,113.6,4594.95,6,1,0.2843655548052041,4
2808-CHTDM,Two year,No,Mailed check,23,12-24m,25.1,611.45,0,0,0.027038751310027836,9
6311-UEUME,Month-to-month,Fiber optic,Electronic check,29,24-48m,78.9,2384.15,1,1,0.5708330768751112,2
0793-TWELN,Month-to-month,Fiber optic,Electronic check,4,0-6m,80.15,319.85,1,0,0.6698058636083526,1
3283-WCWXT,Two year,No,Mailed check,6,6-12m,25.4,153.3,0,0,0.04660392406551501,8
1060-ENTOF,One year,Fiber optic,Credit card (automatic),67,48-72m,105.4,7035.6,5,0,0.06765140391311418,7
0999-QXNSA,Month-to-month,DSL,Mailed check,7,6-12m,45.75,344.2,0,0,0.3601620384857509,4
5451-MHQOF,One year,No,Mailed check,56,48-72m,24.45,1431.65,0,0,0.023158753278101463,9
4836-WNFNO,Two year,No,Credit card (automatic),72,72m+,25.0,1849.2,0,0,0.0063312017435263055,10
9225-BZLNZ,Two year,DSL,Electronic check,72,72m+,85.25,6083.1,5,0,0.032828383212659164,9
0354-VXMJC,Two year,No,Credit card (automatic),23,12-24m,19.6,426.65,0,0,0.021198849816439165,9
4422-QVIJA,Month-to-month,DSL,Mailed check,35,24-48m,50.15,1655.35,0,0,0.14478272155001323,6
9365-SRSZE,Month-to-month,Fiber optic,Electronic check,27,24-48m,70.55,1943.9,0,0,0.5352709948641765,3
6839-ITVZJ,Month-to-month,DSL,Electronic check,26,24-48m,60.05,1616.15,2,1,0.23105812259932243,5
8332-OSJDW,One year,No,Mailed check,12,12-24m,26.4,314.95,0,0,0.06570284789233721,7
4735-BJKOU,Two year,No,Mailed check,40,24-48m,20.15,804.85,0,0,0.014442130055477554,10
0274-JKUJR,Month-to-month,DSL,Mailed check,7,6-12m,58.85,465.7,5,0,0.3539463288206109,4
5740-YHGTW,Month-to-month,Fiber optic,Credit card (automatic),70,48-72m,97.55,6669.05,3,0,0.12130792803856752,6
8917-SZTTJ,Two year,No,Credit card (automatic),60,48-72m,19.65,1161.75,0,0,0.00619069614175046,10
1696-MZVAU,One year,DSL,Credit card (automatic),39,24-48m,25.25,947.75,0,0,0.10639337345821642,7
7359-WWYJV,Two year,Fiber optic,Credit card (automatic),72,72m+,114.45,8375.05,6,0,0.026388853782795027,9
0375-HVGXO,Month-to-month,DSL,Electronic check,1,0-6m,34.7,34.7,1,1,0.6941640010376071,1
4906-ZHGPK,One year,DSL,Electronic check,54,48-72m,70.7,3770.0,3,0,0.07202908479827388,7
8593-WHYHV,Month-to-month,Fiber optic,Electronic check,3,0-6m,85.3,264.8,1,1,0.7931200610018279,1
3795-GWTRD,Two year,DSL,Credit card (automatic),63,48-72m,75.55,4707.85,5,0,0.007535326957711351,10
1298-PHBTI,Two year,Fiber optic,Electronic check,71,48-72m,84.8,6152.4,2,0,0.04163503567865236,8
6223-DHJGV,One year,No,Mailed check,42,24-48m,20.65,958.1,0,0,0.033351774531267656,8
6961-MJKBO,Two year,No,Bank transfer (automatic),47,24-48m,20.45,943.0,0,0,0.01141527445842857,10
6097-EQISJ,One year,Fiber optic,Credit card (automatic),66,48-72m,102.45,6615.15,4,1,0.13622544928516314,6
4423-YLHDV,Month-to-month,Fiber optic,Bank transfer (automatic),21,12-24m,104.4,2200.25,4,1,0.5432829467665078,2
8158-WPEZG,Month-to-month,DSL,Electronic check,11,6-12m,35.65,425.1,2,0,0.4267362819696004,3
0107-YHINA,Month-to-month,Fiber optic,Electronic check,1,0-6m,99.75,99.75,3,1,0.8274073675022734,1
4918-FYJNT,Month-to-month,Fiber optic,Electronic check,55,48-72m,90.45,5044.8,3,0,0.21048910743829063,5
0727-BNRLG,Two year,Fiber optic,Credit card (automatic),69,48-72m,97.65,6743.55,4,0,0.051189766178576374,8
4854-CIDCF,Month-to-month,Fiber optic,Electronic check,3,0-6m,73.85,196.4,1,0,0.667292212939118,2
8640-SDGKB,Month-to-month,DSL,Electronic check,4,0-6m,74.4,299.7,4,1,0.5259895862621558,3
3280-MRDOF,Two year,DSL,Credit card (automatic),30,24-48m,69.1,2093.9,3,0,0.09864582672410804,7
6435-SRWBJ,Month-to-month,Fiber optic,Electronic check,5,0-6m,82.75,417.75,2,0,0.6718263452729976,1
9964-WBQDJ,Two year,No,Credit card (automatic),71,48-72m,24.4,1725.4,0,0,0.009361053981322608,10
6303-KFWSL,One year,DSL,Electronic check,29,24-48m,55.25,1620.2,1,0,0.1918582902030012,5
1702-CCFNJ,Month-to-month,DSL,Bank transfer (automatic),52,48-72m,61.35,3169.55,2,0,0.060419478961784054,8
8932-CZHRQ,One year,DSL,Credit card (automatic),68,48-72m,76.75,5233.25,4,0,0.024315363037269434,9
0386-CWRGM,Two year,No,Mailed check,46,24-48m,19.4,967.85,0,0,0.009676462603898997,10
5515-RUGKN,Month-to-month,DSL,Credit card (automatic),8,6-12m,54.75,438.05,1,0,0.40488304980993434,3
0404-AHASP,Two year,No,Credit card (automatic),72,72m+,19.7,1421.9,0,0,0.004787296621163192,10
7279-NMVJC,One year,No,Bank transfer (automatic),17,12-24m,19.9,323.15,0,0,0.05473949514538018,8
2081-VEYEH,Month-to-month,Fiber optic,Electronic check,3,0-6m,107.95,318.6,5,0,0.6980225729696095,1
6407-UTSLV,Month-to-month,Fiber optic,Bank transfer (automatic),2,0-6m,83.8,163.7,2,0,0.7089500694002677,1
4116-TZAQJ,Month-to-month,Fiber optic,Credit card (automatic),9,6-12m,74.25,639.65,1,1,0.46478066901891585,3
9060-HJJRW,One year,DSL,Credit card (automatic),51,48-72m,56.4,2928.5,4,0,0.13090523272316773,6
2587-YNLES,Two year,No,Mailed check,6,6-12m,20.1,100.35,0,0,0.03559100922181521,8
7398-SKNQZ,Month-to-month,Fiber optic,Electronic check,3,0-6m,94.9,273.2,2,0,0.7764282692091635,1
5935-FCCNB,Month-to-month,Fiber optic,Electronic check,17,12-24m,94.2,1608.15,2,0,0.8066122708440276,1
1958-RNRKS,Month-to-month,DSL,Electronic check,30,24-48m,49.9,1441.95,0,0,0.2516388975050547,5
5136-RGMZO,Month-to-month,DSL,Electronic check,31,24-48m,71.05,2168.15,3,0,0.29718699430703205,4
8345-MVDYC,Two year,DSL,Bank transfer (automatic),45,24-48m,81.65,3618.7,5,0,0.02243179719447125,9
8226-BXGES,One year,Fiber optic,Bank transfer (automatic),64,48-72m,89.45,5692.65,3,0,0.04884623748856857,8
3877-JRJIP,Month-to-month,DSL,Electronic check,1,0-6m,59.85,59.85,1,1,0.6503515911763892,2
8375-DKEBR,Month-to-month,Fiber optic,Electronic check,1,0-6m,69.6,69.6,0,1,0.752905602801065,1
9705-IOVQQ,One year,Fiber optic,Electronic check,61,48-72m,99.0,5969.3,3,0,0.19635175568619329,5
1015-OWJKI,Month-to-month,No,Mailed check,1,0-6m,19.05,19.05,0,0,0.16991526112622374,6
7511-YMXVQ,Month-to-month,DSL,Electronic check,9,6-12m,45.4,418.8,2,1,0.6846812069980409,1
2040-XBAVJ,Two year,Fiber optic,Bank transfer (automatic),72,72m+,114.45,8100.55,6,0,0.02237995900145324,9
7551-JOHTI,Month-to-month,No,Mailed check,1,0-6m,19.5,19.5,0,1,0.16838550317407022,6
8887-IPQNC,Month-to-month,DSL,Mailed check,7,6-12m,44.25,313.45,0,0,0.3355401791647755,4
8646-JCOMS,One year,Fiber optic,Bank transfer (automatic),66,48-72m,90.55,6130.95,3,0,0.06243848064152629,7
9804-ICWBG,Month-to-month,Fiber optic,Electronic check,1,0-6m,69.9,69.9,0,1,0.7090261845372703,1
1222-KJNZD,Month-to-month,No,Bank transfer (automatic),40,24-48m,20.4,745.3,0,0,0.05720830967748806,8
0106-GHRQR,Month-to-month,DSL,Bank transfer (automatic),16,12-24m,71.4,1212.1,3,0,0.3687798638255575,4
5318-IXUZF,Month-to-month,Fiber optic,Bank transfer (automatic),2,0-6m,87.15,183.75,2,1,0.6440540318674368,2
3768-VHXQO,Two year,No,Credit card (automatic),67,48-72m,24.85,1583.5,0,0,0.007509452756044646,10
8952-WCVCD,One year,Fiber optic,Bank transfer (automatic),41,24-48m,104.45,4162.05,5,0,0.17034232207403902,6
2418-TPEUN,Two year,No,Credit card (automatic),56,48-72m,19.8,1119.9,0,0,0.009936251487892352,10
3963-RYFNS,Two year,Fiber optic,Bank transfer (automatic),72,72m+,116.45,8013.55,6,0,0.0370465805467932,8
3198-VELRD,Month-to-month,Fiber optic,Bank transfer (automatic),3,0-6m,84.75,264.85,1,1,0.6680899828323156,1
8540-ZQGEA,Two year,No,Credit card (automatic),54,48-72m,20.05,1102.4,0,0,0.008664434501554854,10
1320-REHCS,Month-to-month,Fiber optic,Electronic check,52,48-72m,110.75,5832.0,5,0,0.43709545888374307,3
4137-JOPHL,Two year,Fiber optic,Bank transfer (automatic),50,48-72m,89.7,4304.5,3,0,0.06752327879969888,7
9436-ZBZCT,Month-to-month,Fiber optic,Electronic check,14,12-24m,89.95,1178.4,2,1,0.6673033798850272,2
7801-CEDNV,One year,DSL,Credit card (automatic),27,24-48m,48.7,1421.75,1,0,0.06094816139242507,8
2057-BOYKM,Two year,Fiber optic,Bank transfer (automatic),72,72m+,96.6,6827.5,4,0,0.024732799049563523,9
3658-QQJYD,One year,DSL,Credit card (automatic),62,48-72m,74.3,4698.05,4,0,0.04575257398833495,8
1803-BGNBD,Month-to-month,DSL,Electronic check,12,12-24m,54.3,654.5,2,0,0.31433067227339,4
0134-XWXCE,One year,DSL,Bank transfer (automatic),44,24-48m,74.85,3268.05,4,0,0.07400817876673263,7
6950-TWMYB,Two year,Fiber optic,Bank transfer (automatic),54,48-72m,79.95,4362.05,2,0,0.03583618250579512,8
5848-FHRFC,Two year,No,Bank transfer (automatic),68,48-72m,20.05,1386.9,0,0,0.005719061127051896,10
2243-FNMMI,Month-to-month,No,Mailed check,20,12-24m,19.4,415.4,0,0,0.09674113115817586,7
2511-MORQY,One year,DSL,Bank transfer (automatic),50,48-72m,54.9,2614.1,1,0,0.04407950937141879,8
5356-KZCKT,Two year,No,Credit card (automatic),58,48-72m,24.45,1513.6,0,0,0.015511658301254345,9
9470-XCCEM,Month-to-month,Fiber optic,Bank transfer (automatic),35,24-48m,89.65,3161.6,2,0,0.403704114826235,3
6519-CFDBX,Month-to-month,DSL,Electronic check,2,0-6m,45.4,80.95,0,0,0.4932022145974778,3
3902-MIVLE,Two year,DSL,Mailed check,63,48-72m,75.7,4676.7,4,0,0.009878586458112203,10
0409-WTMPL,One year,Fiber optic,Credit card (automatic),58,48-72m,110.65,6526.65,5,0,0.1331412013053923,6
8763-KIAFH,One year,No,Mailed check,27,24-48m,20.55,583.3,0,0,0.043891325847445185,8
3669-WHAFY,Two year,Fiber optic,Credit card (automatic),71,48-72m,115.15,8078.1,6,0,0.0374927401352865,8
3055-VTCGS,One year,DSL,Credit card (automatic),63,48-72m,58.55,3503.5,2,0,0.036124540551866105,8
3144-KMTWZ,Month-to-month,Fiber optic,Bank transfer (automatic),71,48-72m,93.25,6669.45,3,0,0.18023486072433817,5
7279-BUYWN,Month-to-month,Fiber optic,Electronic check,41,24-48m,113.2,4689.5,5,1,0.5125099515564325,3
7156-MHUGY,Month-to-month,Fiber optic,Electronic check,13,12-24m,90.5,1201.15,2,1,0.7760773309498762,1
7198-GLXTC,Month-to-month,Fiber optic,Electronic check,2,0-6m,79.0,143.65,1,1,0.6995835068416043,1
2007-QVGAW,Two year,No,Bank transfer (automatic),68,48-72m,19.35,1292.65,0,0,0.006581673708326233,10
5207-PLSTK,Month-to-month,DSL,Mailed check,1,0-6m,48.75,48.75,1,0,0.27280618225169057,4
2307-FYNNL,Two year,Fiber optic,Electronic check,65,48-72m,109.05,7108.2,5,0,0.09744685208491062,7
5605-XNWEN,Two year,No,Bank transfer (automatic),72,72m+,25.0,1802.55,0,0,0.010813228012382246,10
2155-AMQRX,Month-to-month,DSL,Credit card (automatic),28,24-48m,54.9,1505.15,1,0,0.20228843754567624,5
6181-AXXYF,Two year,No,Credit card (automatic),72,72m+,24.75,1859.1,0,0,0.00550632218238388,10
5091-HFAZW,Month-to-month,Fiber optic,Electronic check,2,0-6m,91.15,168.5,3,0,0.6656402246960232,2
0516-VRYBW,One year,No,Bank transfer (automatic),18,12-24m,20.15,390.85,0,1,0.045867811634419185,8
2519-LBNQL,One year,Fiber optic,Electronic check,60,48-72m,104.35,6339.45,4,0,0.2860319005593402,4
8623-ULFNQ,Month-to-month,DSL,Electronic check,26,24-48m,66.05,1652.4,2,0,0.38677504559973686,4
8380-PEFPE,Month-to-month,Fiber optic,Electronic check,1,0-6m,71.65,71.65,0,1,0.668599654191869,1
5687-DKDTV,Month-to-month,No,Mailed check,4,0-6m,20.35,77.5,0,1,0.15205003548407922,6
1568-LJSZU,Two year,DSL,Credit card (automatic),68,48-72m,92.2,6392.85,6,0,0.014591388798396691,10
7530-HDYDS,Month-to-month,Fiber optic,Credit card (automatic),38,24-48m,84.25,3264.5,3,1,0.22826289765101482,5
7789-HKSBS,One year,Fiber optic,Bank transfer (automatic),42,24-48m,105.2,4599.15,4,0,0.26030876838329986,5
7416-CKTEP,Two year,No,Bank transfer (automatic),57,48-72m,19.6,1134.25,0,0,0.010918345766462344,10
2586-CWXVV,Month-to-month,DSL,Electronic check,54,48-72m,30.4,1621.35,1,0,0.141840614972973,6
3096-IZETN,Month-to-month,Fiber optic,Bank transfer (automatic),12,12-24m,78.1,947.3,1,1,0.5059752361135609,3
2348-KCJLT,One year,DSL,Mailed check,44,24-48m,61.5,2722.2,3,0,0.04051744040069355,8
8401-EMUWF,Month-to-month,DSL,Bank transfer (automatic),42,24-48m,69.4,3058.3,3,0,0.1351300331634711,6
4193-IBKSW,Two year,No,Bank transfer (automatic),72,72m+,24.75,1769.6,0,0,0.00538492947153104,10
5377-NDTOU,Two year,DSL,Mailed check,71,48-72m,91.05,6293.75,6,0,0.00939034445796552,10
5922-ABDVO,Month-to-month,Fiber optic,Mailed check,19,12-24m,89.65,1761.05,2,1,0.48414001779227733,3
2474-LCNUE,Month-to-month,DSL,Credit card (automatic),23,12-24m,73.65,1642.75,3,0,0.3330656723818073,4
0839-QNXME,Two year,No,Credit card (automatic),30,24-48m,19.4,578.5,0,0,0.02100996409654172,9
3506-OVLKD,One year,No,Bank transfer (automatic),35,24-48m,26.2,954.9,0,0,0.03925547411957209,8
9172-ANCRX,Month-to-month,Fiber optic,Electronic check,10,6-12m,98.7,973.25,3,1,0.7492863868137936,1
6650-VJONK,Month-to-month,DSL,Bank transfer (automatic),1,0-6m,43.85,43.85,0,0,0.40321362414397083,3
2178-PMGCJ,Month-to-month,Fiber optic,Mailed check,22,12-24m,69.7,1490.4,0,0,0.437423218085925,3
7492-TAFJD,Two year,DSL,Mailed check,7,6-12m,38.55,280.0,3,0,0.079672171218768,7
2773-MADBQ,Two year,DSL,Mailed check,36,24-48m,53.1,1901.25,5,0,0.04930297684750691,8
6016-LVTJQ,Month-to-month,No,Mailed check,34,24-48m,20.65,716.4,0,0,0.04941636188123706,8
7860-KSUGX,Two year,DSL,Credit card (automatic),72,72m+,64.45,4720.0,3,0,0.007969806239528617,10
8966-KZXXA,Two year,No,Credit card (automatic),36,24-48m,25.1,930.95,0,0,0.018100625843467028,9
6910-HADCM,Month-to-month,Fiber optic,Electronic check,1,0-6m,76.35,76.35,1,1,0.6192885908707004,2
4816-LXZYW,Month-to-month,Fiber optic,Electronic check,23,12-24m,79.15,1676.95,1,1,0.591671563116069,2
9606-PBKBQ,Month-to-month,Fiber optic,Electronic check,32,24-48m,85.0,2642.05,1,1,0.6263375621291419,2
5149-QYTTU,One year,Fiber optic,Credit card (automatic),71,48-72m,95.15,6770.85,4,0,0.03368585667683155,8
2070-XYMFH,Month-to-month,Fiber optic,Mailed check,23,12-24m,79.35,1835.3,1,0,0.550993897028578,2
2085-BOJKI,One year,Fiber optic,Bank transfer (automatic),17,12-24m,96.65,1588.25,3,0,0.4065677984766728,3
0817-HSUSE,Month-to-month,DSL,Electronic check,1,0-6m,75.5,75.5,4,0,0.544477783107731,2
5442-PPTJY,Two year,No,Mailed check,12,12-24m,19.7,258.35,0,0,0.029551506631121948,9
1927-QEWMY,Two year,No,Credit card (automatic),72,72m+,20.5,1502.25,0,0,0.0046959782652443525,10
1663-MHLHE,Month-to-month,No,Mailed check,1,0-6m,19.2,19.2,0,0,0.1694041173801198,6
5663-QBGIS,Two year,Fiber optic,Bank transfer (automatic),72,72m+,98.35,6929.4,3,0,0.06642384539879743,7
4450-MDZFX,Month-to-month,Fiber optic,Bank transfer (automatic),60,48-72m,74.35,4453.3,0,0,0.14229374163838998,6
6701-DHKWQ,Two year,DSL,Credit card (automatic),61,48-72m,51.35,3244.4,4,0,0.01826797260901322,9
7554-AKDQF,Month-to-month,DSL,Mailed check,6,6-12m,45.65,323.45,0,0,0.26319787297563535,5
3536-IQCTX,Month-to-month,Fiber optic,Electronic check,32,24-48m,85.3,2661.1,1,1,0.5407389452603012,2
4911-BANWH,Month-to-month,Fiber optic,Credit card (automatic),31,24-48m,86.55,2697.4,1,1,0.470558338424392,3
8496-EJAUI,Month-to-month,Fiber optic,Credit card (automatic),19,12-24m,73.85,1424.5,1,1,0.4528315448779463,3
0794-YVSGE,Two year,No,Bank transfer (automatic),72,72m+,20.3,1401.15,0,0,0.003988319836051201,10
5423-BHIXO,Month-to-month,DSL,Electronic check,32,24-48m,54.2,1739.6,1,0,0.30890230285738773,4
6908-VVYHM,Month-to-month,Fiber optic,Electronic check,65,48-72m,90.65,5931.0,2,0,0.28663130988947705,4
2959-EEXWB,Month-to-month,DSL,Bank transfer (automatic),45,24-48m,50.9,2333.85,3,0,0.18690207546350612,5
1839-UMACK,One year,No,Electronic check,42,24-48m,25.05,949.85,0,0,0.048832955233904005,8
3030-YDNRM,Month-to-month,Fiber optic,Electronic check,8,6-12m,74.85,572.45,0,0,0.7200438525531611,1
7321-KKSDU,Two year,No,Mailed check,32,24-48m,20.5,696.8,0,0,0.016161569777762497,9
3402-XRIUO,Month-to-month,DSL,Mailed check,22,12-24m,63.55,1381.8,3,0,0.18633404223604183,5
3132-TVFDZ,Month-to-month,DSL,Electronic check,57,48-72m,44.85,2572.95,2,1,0.3351107561195152,4
8286-AFUYI,Month-to-month,DSL,Electronic check,1,0-6m,47.95,47.95,1,0,0.34412941856585044,4
8080-DDEMJ,Month-to-month,DSL,Electronic check,1,0-6m,45.1,45.1,0,1,0.4710328304203482,3
8356-WUAOJ,Month-to-month,DSL,Electronic check,1,0-6m,45.0,45.0,0,0,0.48526852628171935,3
6365-MTGZX,Month-to-month,Fiber optic,Electronic check,24,24-48m,96.0,2122.45,3,1,0.5714162786955789,2
1349-WXNGG,Month-to-month,No,Bank transfer (automatic),1,0-6m,20.05,20.05,0,1,0.16715846594268335,6
8058-DMYRU,Month-to-month,Fiber optic,Electronic check,54,48-72m,90.05,4931.8,2,0,0.4413079675341488,3
9350-ZXYJC,Two year,No,Credit card (automatic),4,0-6m,25.3,116.95,0,0,0.08673252640004878,7
6990-YNRIO,Two year,Fiber optic,Bank transfer (automatic),65,48-72m,108.65,6937.95,5,1,0.031187869081340806,9
8958-JPTRR,One year,No,Electronic check,56,48-72m,24.3,1261.7,0,0,0.02939028596170204,9
6959-GQEGV,Month-to-month,DSL,Electronic check,45,24-48m,75.95,3273.8,4,0,0.21069057773541203,5
3173-WSSUE,Two year,No,Credit card (automatic),71,48-72m,19.7,1415.85,0,0,0.004278714951569662,10
1265-HVPZB,One year,DSL,Credit card (automatic),59,48-72m,66.4,3958.2,4,0,0.027854063472365923,9
4115-UMJFQ,One year,DSL,Bank transfer (automatic),69,48-72m,35.75,2492.25,2,0,0.04480454575768601,8
7369-TRPFD,One year,No,Mailed check,19,12-24m,18.8,279.2,0,0,0.052447222952766284,8
1098-KFQEC,Two year,No,Credit card (automatic),55,48-72m,19.4,1083.0,0,0,0.007360644513049581,10
7190-XHTWJ,One year,No,Mailed check,38,24-48m,19.3,755.5,0,0,0.028046443717280625,9
0621-TWIEM,Month-to-month,DSL,Electronic check,10,6-12m,45.55,402.6,0,1,0.4255598805683062,3
3537-RYBHH,Month-to-month,DSL,Credit card (automatic),47,24-48m,67.45,3252.0,3,0,0.11417391456296108,7
2485-ITVKB,Month-to-month,DSL,Electronic check,2,0-6m,35.1,68.75,1,1,0.6526215419268869,2
3669-OYSJI,Month-to-month,DSL,Credit card (automatic),1,0-6m,46.2,46.2,0,1,0.31594198072251384,4
1612-EOHDH,Month-to-month,DSL,Electronic check,1,0-6m,45.15,45.15,0,1,0.41739860739076734,3
6702-OHFWR,Month-to-month,DSL,Electronic check,1,0-6m,43.3,43.3,3,1,0.7088821842409293,1
5296-BFCYD,Two year,No,Mailed check,46,24-48m,20.1,936.85,0,0,0.013396094476977684,10
4510-PYUSH,Month-to-month,DSL,Credit card (automatic),38,24-48m,57.15,2250.65,2,1,0.12687302463295938,6
9359-JANWS,Two year,DSL,Credit card (automatic),65,48-72m,58.9,3857.1,3,0,0.0067734097829823875,10
7517-SAWMO,Month-to-month,Fiber optic,Electronic check,19,12-24m,73.2,1441.1,1,1,0.4716251237424346,3
4143-HHPMK,Month-to-month,Fiber optic,Electronic check,52,48-72m,85.35,4338.6,2,1,0.3361705080422361,4
3279-DYZQM,Two year,No,Mailed check,71,48-72m,19.45,1378.45,0,0,0.004190658368129316,10
7054-LGEQW,Month-to-month,DSL,Mailed check,1,0-6m,45.95,45.95,0,1,0.3114460710468312,4
0523-VNGTF,Month-to-month,DSL,Electronic check,52,48-72m,50.5,2566.3,4,0,0.23768964447632138,5
9575-IWCAZ,One year,No,Mailed check,6,6-12m,25.1,171.0,0,0,0.09322658614698606,7
7105-MXJLL,One year,DSL,Mailed check,26,24-48m,60.7,1597.4,2,0,0.1216563117145452,6
7064-FRRSW,One year,Fiber optic,Electronic check,48,48-72m,99.0,4744.35,3,0,0.4002676300309745,3
7940-UQQUG,One year,Fiber optic,Bank transfer (automatic),64,48-72m,104.4,6721.6,4,0,0.0785855189756865,7
0923-PNFUB,Month-to-month,Fiber optic,Electronic check,3,0-6m,83.75,247.25,2,1,0.6751731313210184,1
3961-SXAXY,Month-to-month,DSL,Bank transfer (automatic),1,0-6m,44.05,44.05,0,0,0.40205004153403984,3
7010-BRBUU,Two year,No,Credit card (automatic),72,72m+,24.1,1734.65,0,0,0.005593093267314084,10
3566-HJGPK,Month-to-month,DSL,Mailed check,1,0-6m,45.55,45.55,0,0,0.3922820615835731,3
3062-ICYZQ,Month-to-month,Fiber optic,Electronic check,51,48-72m,93.8,4539.35,3,0,0.2875780121090938,4
9938-PRCVK,Two year,No,Bank transfer (automatic),41,24-48m,19.7,804.25,0,0,0.011398094217384911,10
0973-KYVNF,Two year,DSL,Credit card (automatic),72,72m+,70.65,5011.15,4,0,0.011173245134719645,10
5129-HHMZC,Two year,DSL,Credit card (automatic),43,24-48m,86.45,3574.5,5,0,0.028478096894916524,9
9637-CDTKZ,Two year,Fiber optic,Credit card (automatic),72,72m+,114.1,8086.4,6,0,0.03719623724734637,8
3946-JEWRQ,One year,Fiber optic,Credit card (automatic),47,24-48m,95.2,4563.0,2,0,0.26529226767229575,5
7873-CVMAW,Two year,DSL,Credit card (automatic),72,72m+,88.55,6362.35,6,0,0.012329678272436832,10
0463-WZZKO,Month-to-month,No,Credit card (automatic),3,0-6m,20.75,67.1,0,0,0.21052749117407057,5
3494-JCHRQ,Month-to-month,Fiber optic,Electronic check,1,0-6m,70.05,70.05,0,1,0.7082770604777235,1
6474-FVJLC,Month-to-month,Fiber optic,Electronic check,2,0-6m,86.0,165.45,1,1,0.795849047362233,1
4524-QCSSM,Month-to-month,DSL,Bank transfer (automatic),26,24-48m,44.65,1156.55,3,0,0.27333924687566147,4
5832-EXGTT,Month-to-month,DSL,Mailed check,29,24-48m,60.2,1834.15,2,0,0.15241477298687808,6
8840-DQLGN,Month-to-month,Fiber optic,Bank transfer (automatic),35,24-48m,100.5,3653.35,4,1,0.3165968916114495,4
2039-JONDJ,One year,DSL,Bank transfer (automatic),27,24-48m,55.45,1477.65,2,0,0.0567561814082837,8
7217-JYHOQ,Month-to-month,DSL,Credit card (automatic),24,24-48m,70.3,1706.45,4,0,0.12282485958718517,6
6695-FRVEC,Two year,DSL,Bank transfer (automatic),67,48-72m,60.4,3953.7,3,0,0.007286254493332905,10
4547-LYTDD,Month-to-month,Fiber optic,Electronic check,16,12-24m,72.65,1194.3,0,1,0.594539501188296,2
9894-QMIMJ,One year,DSL,Bank transfer (automatic),23,12-24m,55.8,1327.85,2,0,0.08763694670844197,7
8069-YQQAJ,Month-to-month,DSL,Mailed check,14,12-24m,31.1,419.7,1,0,0.37973016704846285,4
6770-XUAGN,Month-to-month,No,Electronic check,1,0-6m,21.0,21.0,0,1,0.2557033631481328,5
4193-ORFCL,Month-to-month,DSL,Mailed check,1,0-6m,45.1,45.1,0,1,0.3643453405697822,4
1636-NTNCO,Month-to-month,DSL,Credit card (automatic),4,0-6m,50.95,207.35,3,0,0.6563083071755721,2
3466-WAESX,Month-to-month,DSL,Electronic check,16,12-24m,69.1,1083.7,3,0,0.3696175321891345,4
9281-PKKZE,Month-to-month,DSL,Electronic check,46,24-48m,43.95,2007.85,2,0,0.3753024325942209,4
3638-VBZTA,Two year,DSL,Bank transfer (automatic),68,48-72m,86.5,5882.75,5,0,0.01598575775566871,9
7459-IMVYU,Month-to-month,DSL,Electronic check,38,24-48m,69.95,2657.55,4,0,0.10756158293527585,7
7776-QWNFX,Month-to-month,DSL,Bank transfer (automatic),30,24-48m,50.4,1527.5,1,1,0.2058407360724551,5
6689-TCZHQ,Month-to-month,Fiber optic,Electronic check,5,0-6m,78.95,378.4,1,1,0.7091288461147383,1
8563-OYMQY,Month-to-month,Fiber optic,Credit card (automatic),17,12-24m,90.95,1612.2,3,0,0.5114921883397898,3
0754-EEBDC,Two year,No,Mailed check,4,0-6m,19.9,76.65,0,0,0.03815148224782,8
5777-ZPQNC,One year,No,Electronic check,12,12-24m,20.15,260.7,0,0,0.09529317479085245,7
1951-IEYXM,Two year,DSL,Credit card (automatic),72,72m+,90.6,6441.85,6,0,0.013275023532722908,10
3318-NMQXL,Month-to-month,Fiber optic,Electronic check,3,0-6m,92.0,266.8,2,0,0.7903233678401733,1
3143-ILDAL,Month-to-month,Fiber optic,Electronic check,56,48-72m,94.45,5124.6,3,1,0.2969734472925357,4
1022-RKXDR,One year,No,Mailed check,41,24-48m,24.85,962.25,0,0,0.04629179851037917,8
2361-FJWNO,One year,DSL,Credit card (automatic),40,24-48m,36.0,1382.9,2,0,0.0602430521486204,8
2272-UOINI,Month-to-month,DSL,Electronic check,7,6-12m,78.5,571.05,5,0,0.40064883310542104,3
8232-UTFOZ,Two year,No,Credit card (automatic),69,48-72m,19.95,1399.35,0,0,0.005669167965015673,10
3750-YHRYO,One year,No,Mailed check,7,6-12m,20.65,150.0,0,0,0.05971423958225275,8
6637-KYRCV,Month-to-month,DSL,Electronic check,5,0-6m,30.5,167.2,1,0,0.511409899377233,3
5668-MEISB,Two year,Fiber optic,Credit card (automatic),72,72m+,106.1,7657.4,5,0,0.01735676997419275,9
0129-QMPDR,One year,No,Bank transfer (automatic),44,24-48m,20.5,865.05,0,0,0.025396636533366157,9
7188-CBBBA,One year,Fiber optic,Electronic check,65,48-72m,95.5,6153.85,3,0,0.1833556717554327,5
5356-CSVSQ,Month-to-month,DSL,Electronic check,3,0-6m,64.6,174.2,2,0,0.4641898693948628,3
3221-CJMSG,Month-to-month,DSL,Credit card (automatic),24,24-48m,51.1,1269.6,1,0,0.17439002598364298,6
4720-VSTSI,Month-to-month,Fiber optic,Bank transfer (automatic),44,24-48m,84.8,3862.55,2,1,0.30777460542351565,4
3219-JQRSL,Two year,DSL,Credit card (automatic),72,72m+,89.1,6352.4,6,0,0.013988092994817111,10
2801-NISEI,Month-to-month,DSL,Electronic check,24,24-48m,54.95,1348.5,2,0,0.13894877625791116,6
3946-MHCZW,Month-to-month,DSL,Mailed check,1,0-6m,50.9,50.9,1,1,0.3067726074090002,4
4623-ZKHLY,Month-to-month,No,Bank transfer (automatic),22,12-24m,20.45,471.55,0,0,0.1139256174085756,7
6732-VAILE,Two year,DSL,Credit card (automatic),70,48-72m,85.95,5931.75,5,0,0.02013448990324531,9
8201-AAXCB,Month-to-month,DSL,Electronic check,25,24-48m,60.35,1404.65,1,0,0.3172322257992466,4
7696-CFTAT,Two year,No,Bank transfer (automatic),37,24-48m,19.8,726.1,0,0,0.01298769748366648,10
1845-CSBRZ,Month-to-month,Fiber optic,Bank transfer (automatic),22,12-24m,85.35,1961.6,1,0,0.4966859706757942,3
2123-VSCOT,Two year,DSL,Bank transfer (automatic),59,48-72m,72.1,4194.85,3,0,0.023640319778800493,9
6651-AZVTJ,Month-to-month,Fiber optic,Electronic check,49,48-72m,99.8,4872.45,3,1,0.4690564901703108,3
4566-GOLUK,Month-to-month,Fiber optic,Bank transfer (automatic),47,24-48m,107.35,5118.95,4,1,0.286749226656594,4
2484-DGXPZ,Month-to-month,No,Mailed check,31,24-48m,19.55,658.95,0,1,0.07703821785135856,7
2018-QKYGT,Month-to-month,Fiber optic,Electronic check,1,0-6m,81.05,81.05,1,0,0.7074664969591933,1
2792-VPPET,Month-to-month,No,Electronic check,3,0-6m,20.5,76.95,0,0,0.28862378429937324,4
7409-JURKQ,One year,Fiber optic,Bank transfer (automatic),53,48-72m,111.8,5809.75,5,0,0.14834617849408954,6
3247-MHJKM,Month-to-month,No,Mailed check,1,0-6m,20.2,20.2,0,0,0.16602774090742256,6
1964-SVLEA,One year,No,Mailed check,20,12-24m,19.7,415.9,0,0,0.06891162459158635,7
4587-NUKOX,Month-to-month,Fiber optic,Electronic check,3,0-6m,79.1,246.5,2,1,0.596758922085578,2
7297-DVYGA,One year,No,Bank transfer (automatic),51,48-72m,19.85,996.95,0,0,0.025439788473054403,9
2239-CGBUZ,One year,DSL,Bank transfer (automatic),51,48-72m,60.5,3145.15,3,0,0.0240037056961221,9
0854-UYHZD,Two year,No,Mailed check,13,12-24m,19.55,265.3,0,0,0.028702700581005082,9
7243-LCGGZ,Month-to-month,No,Mailed check,1,0-6m,20.9,20.9,0,0,0.16369649393344252,6
8267-KFGYD,Month-to-month,No,Mailed check,1,0-6m,21.05,21.05,0,0,0.19230312649390183,5
4890-VMUAV,One year,DSL,Electronic check,63,48-72m,71.5,4576.3,4,0,0.02406108224877643,9
9261-WDCAF,Month-to-month,DSL,Mailed check,3,0-6m,54.65,189.1,1,0,0.3572309914867018,4
3764-MNMOI,Two year,No,Credit card (automatic),46,24-48m,19.2,908.15,0,0,0.012431344809145938,10
7442-YGZFK,Month-to-month,DSL,Credit card (automatic),1,0-6m,49.8,49.8,0,0,0.47394261723424885,3
0420-BWTPW,Month-to-month,DSL,Mailed check,8,6-12m,25.5,215.2,0,1,0.3361059349526542,4
8229-BUJHX,Two year,No,Bank transfer (automatic),71,48-72m,20.5,1500.95,0,0,0.004104409253068907,10
7449-HVPIV,Month-to-month,Fiber optic,Credit card (automatic),55,48-72m,90.4,5099.15,2,0,0.26977627224738904,5
5504-WSIUR,One year,Fiber optic,Bank transfer (automatic),70,48-72m,90.25,6385.95,3,0,0.059448467867425456,8
8183-ONMXC,Month-to-month,Fiber optic,Electronic check,2,0-6m,80.75,159.45,1,1,0.6753101254740624,1
8466-PZBLH,Two year,Fiber optic,Bank transfer (automatic),67,48-72m,104.6,6885.75,4,0,0.029220751135837185,9
9614-RMGHA,Month-to-month,Fiber optic,Bank transfer (automatic),65,48-72m,91.85,5940.85,2,1,0.21312606857383268,5
8735-IJJEG,Month-to-month,DSL,Credit card (automatic),14,12-24m,50.2,668.85,1,0,0.21689388200590698,5
0564-MUUQK,Month-to-month,Fiber optic,Bank transfer (automatic),20,12-24m,95.5,1916.2,3,0,0.4327783821376706,3
5054-IEXZT,Month-to-month,Fiber optic,Electronic check,1,0-6m,75.35,75.35,1,1,0.6563937200009647,2
5834-ASPWA,Month-to-month,Fiber optic,Electronic check,1,0-6m,75.45,75.45,0,1,0.7623648378382966,1
0701-RFGFI,Month-to-month,Fiber optic,Bank transfer (automatic),49,48-72m,95.4,4613.95,2,0,0.36554164758092844,4
0019-EFAEP,Two year,Fiber optic,Bank transfer (automatic),72,72m+,101.3,7261.25,4,0,0.04152102073264729,8
5619-PTMIK,Month-to-month,DSL,Electronic check,46,24-48m,53.1,2459.8,1,0,0.1246200776520108,6
3737-XBQDD,Month-to-month,Fiber optic,Bank transfer (automatic),24,24-48m,84.85,2048.8,2,0,0.4653479458576672,3
5882-CMAZQ,Month-to-month,DSL,Electronic check,5,0-6m,34.25,163.55,2,0,0.34820414566187463,4
5846-QFDFI,Month-to-month,Fiber optic,Credit card (automatic),33,24-48m,88.6,2888.7,3,0,0.2119246040472758,5
4445-KWOKW,One year,DSL,Bank transfer (automatic),42,24-48m,60.15,2421.6,2,0,0.06454321648966886,7
3511-APPBJ,One year,Fiber optic,Credit card (automatic),23,12-24m,99.95,2292.75,4,0,0.30871343072590096,4
7967-HYCDE,Month-to-month,Fiber optic,Bank transfer (automatic),8,6-12m,70.7,553.4,0,0,0.4635109982271927,3
2430-RRYUW,One year,DSL,Mailed check,66,48-72m,54.8,3465.7,2,0,0.022629972364809573,9
3948-XHGNA,Month-to-month,DSL,Bank transfer (automatic),24,24-48m,49.55,1210.4,1,1,0.1754352299517683,6
3723-BFBGR,Month-to-month,DSL,Credit card (automatic),24,24-48m,54.8,1291.3,1,0,0.25087835072723147,5
0565-IYCGT,One year,DSL,Credit card (automatic),69,48-72m,78.6,5356.45,5,1,0.025077575221601468,9
5447-WZAFP,One year,Fiber optic,Mailed check,53,48-72m,100.3,5200.8,4,0,0.17189425397388042,6
5110-CHOPY,Two year,DSL,Electronic check,60,48-72m,53.6,3237.05,4,0,0.05074704602411575,8
5445-UTODQ,Month-to-month,Fiber optic,Electronic check,7,6-12m,81.1,576.65,1,1,0.7103692671708258,1
4425-OWHWB,One year,No,Credit card (automatic),20,12-24m,19.35,433.75,0,0,0.07121772330131512,7
7892-QVYKW,Month-to-month,Fiber optic,Electronic check,23,12-24m,85.6,1868.4,1,0,0.5240196377685185,3
9675-ICXCT,Two year,DSL,Electronic check,72,72m+,80.8,5728.55,5,0,0.01627022589865924,9
1024-VRZHF,Month-to-month,Fiber optic,Electronic check,11,6-12m,74.95,825.7,0,1,0.6827091371953493,1
4703-MQYKT,Two year,No,Mailed check,21,12-24m,19.6,390.4,0,0,0.027372086794960986,9
9497-QCMMS,Month-to-month,Fiber optic,Electronic check,1,0-6m,93.55,93.55,2,1,0.878916217266342,1
5692-ICXLW,Month-to-month,Fiber optic,Electronic check,31,24-48m,90.7,2845.15,2,0,0.6440453561714437,2
0602-DDUML,Two year,DSL,Mailed check,57,48-72m,69.75,3894.4,4,0,0.016301698623603287,9
2208-MPXIO,Two year,No,Bank transfer (automatic),45,24-48m,20.0,886.4,0,0,0.013943164096618678,10
1960-UYCNN,Month-to-month,Fiber optic,Electronic check,10,6-12m,95.25,1021.55,3,0,0.7311351728065818,1
0348-SDKOL,Month-to-month,Fiber optic,Credit card (automatic),58,48-72m,102.1,5885.4,4,1,0.27181065003371707,4
3190-FZATL,Month-to-month,No,Mailed check,14,12-24m,19.95,268.4,0,0,0.10048313816198554,7
7336-RLLRH,One year,DSL,Mailed check,27,24-48m,80.85,2204.35,4,0,0.08882969206680354,7
4373-MAVJG,Month-to-month,Fiber optic,Bank transfer (automatic),14,12-24m,90.9,1259.0,2,1,0.5536908450397608,2
8901-HJXTF,Month-to-month,DSL,Mailed check,12,12-24m,29.2,309.1,1,1,0.2799022454306861,4
7710-JSYOA,Two year,Fiber optic,Bank transfer (automatic),69,48-72m,93.3,6398.05,3,0,0.038164464873424876,8
5419-KLXBN,Month-to-month,Fiber optic,Bank transfer (automatic),25,24-48m,89.15,2257.75,3,1,0.4126731223470549,3
3424-NMNBO,One year,Fiber optic,Electronic check,58,48-72m,108.85,6287.25,5,1,0.23146667328802562,5
9885-MFVSU,Two year,DSL,Credit card (automatic),35,24-48m,46.35,1662.05,3,0,0.04657599660009517,8
4514-GFCFI,Month-to-month,Fiber optic,Electronic check,16,12-24m,84.75,1350.15,1,1,0.769710440627435,1
0607-MVMGC,One year,DSL,Credit card (automatic),45,24-48m,78.75,3600.65,4,0,0.08394219761572999,7
3365-SAIGS,Month-to-month,Fiber optic,Electronic check,17,12-24m,83.55,1329.15,2,0,0.648267149215929,2
9828-AOQLM,Month-to-month,DSL,Electronic check,1,0-6m,45.7,45.7,0,1,0.4446415254029652,3
8022-BECSI,One year,No,Mailed check,22,12-24m,19.6,422.5,0,0,0.04678112182815452,8
8000-REIQB,Month-to-month,Fiber optic,Electronic check,1,0-6m,69.95,69.95,0,1,0.7513272029571175,1
9993-LHIEB,Two year,DSL,Mailed check,67,48-72m,67.85,4627.65,4,0,0.006954154836815384,10
0266-CLZKZ,Two year,Fiber optic,Bank transfer (automatic),67,48-72m,105.65,6717.9,4,0,0.0551458159796753,8
7615-ESMYF,Month-to-month,DSL,Electronic check,2,0-6m,44.6,97.1,2,1,0.6477604031813043,2
3858-VOBET,Month-to-month,Fiber optic,Electronic check,23,12-24m,74.95,1710.45,0,1,0.6076794558165184,2
7020-OZKXZ,Month-to-month,Fiber optic,Credit card (automatic),9,6-12m,75.5,637.4,1,0,0.5101362961179459,3
3977-QCRSL,Month-to-month,No,Mailed check,5,0-6m,20.15,117.95,0,0,0.14837286676957975,6
0017-DINOC,Two year,DSL,Credit card (automatic),54,48-72m,45.2,2460.55,3,0,0.022868660383937096,9
1447-PJGGA,Two year,Fiber optic,Electronic check,57,48-72m,95.25,5464.65,3,1,0.14569146744660158,6
8565-CLBZW,Month-to-month,Fiber optic,Mailed check,24,24-48m,89.85,2165.05,2,1,0.5634528938117505,2
9139-WQQDY,One year,Fiber optic,Mailed check,49,48-72m,100.45,4941.8,3,1,0.15480741542415105,6
0224-HJAPT,Month-to-month,DSL,Electronic check,5,0-6m,47.15,223.15,0,1,0.4732391522472221,3
8086-OVPWV,Month-to-month,Fiber optic,Electronic check,2,0-6m,80.2,181.1,1,1,0.7486767952060261,1
9430-FRQOC,Month-to-month,Fiber optic,Mailed check,4,0-6m,87.1,341.45,2,1,0.5144600277314737,3
7639-OPLNG,Two year,DSL,Bank transfer (automatic),70,48-72m,79.25,5731.85,5,0,0.01128662971922048,10
3074-GQWYX,Month-to-month,Fiber optic,Bank transfer (automatic),5,0-6m,75.9,357.75,0,1,0.6420287009317197,2
1492-QGCLU,Month-to-month,DSL,Electronic check,53,48-72m,85.7,4616.1,5,0,0.09797548403273264,7
6845-RGTYS,Month-to-month,Fiber optic,Electronic check,47,24-48m,98.75,4533.7,4,1,0.35954897060949303,4
7328-OWMOM,One year,No,Credit card (automatic),31,24-48m,20.1,589.25,0,0,0.030804245463512684,9
4418-LZMSV,Month-to-month,DSL,Bank transfer (automatic),13,12-24m,61.8,750.1,3,0,0.1300287178552672,6
5155-AZQPB,Month-to-month,DSL,Mailed check,28,24-48m,49.9,1410.25,0,0,0.16664094424154163,6
8861-HGGKB,Month-to-month,Fiber optic,Electronic check,10,6-12m,86.45,830.85,1,1,0.6757993613188209,1
1087-GRUYI,Two year,No,Bank transfer (automatic),38,24-48m,20.4,743.5,0,0,0.014310198034917421,10
7065-YUNRY,Month-to-month,DSL,Mailed check,1,0-6m,45.3,45.3,0,1,0.39372464009062486,3
7694-VLBWQ,One year,Fiber optic,Electronic check,67,48-72m,104.1,7040.85,4,1,0.15362781797458433,6
2546-KZAAT,One year,DSL,Mailed check,52,48-72m,75.4,3865.45,4,0,0.0557336644958169,8
0181-RITDD,Two year,Fiber optic,Mailed check,62,48-72m,108.15,6825.65,6,0,0.024082385914928502,9
5989-PGKJB,Month-to-month,Fiber optic,Electronic check,16,12-24m,86.25,1340.1,2,0,0.6245916574375003,2
4795-KTRTH,Month-to-month,Fiber optic,Electronic check,5,0-6m,81.0,371.65,1,1,0.7451560542840616,1
8272-ONJLV,One year,Fiber optic,Electronic check,12,12-24m,95.7,1184.0,3,0,0.4945468493001608,3
1488-PBLJN,Two year,Fiber optic,Bank transfer (automatic),72,72m+,116.85,8477.7,6,0,0.029625499990158892,9
0308-GIQJT,One year,Fiber optic,Bank transfer (automatic),71,48-72m,105.75,7382.85,4,0,0.08632096208080112,7
3778-FOAQW,One year,No,Mailed check,24,24-48m,20.15,456.85,0,0,0.04030914468288632,8
4452-ROHMO,Two year,No,Mailed check,15,12-24m,19.6,331.6,0,0,0.03329130154121797,8
6481-OGDOO,One year,Fiber optic,Credit card (automatic),67,48-72m,90.6,6056.15,3,1,0.0599283693140574,8
3090-LETTY,Month-to-month,DSL,Bank transfer (automatic),2,0-6m,60.95,134.6,2,0,0.24390761930700125,5
5349-AZPEW,Month-to-month,DSL,Mailed check,5,0-6m,25.05,125.5,0,0,0.34435539455402286,4
3753-TSEMP,Month-to-month,Fiber optic,Electronic check,15,12-24m,88.15,1390.6,2,1,0.644560967125023,2
8305-VHZBZ,Month-to-month,No,Mailed check,1,0-6m,20.2,20.2,0,1,0.21958556665846976,5
9720-JJJOR,One year,DSL,Bank transfer (automatic),41,24-48m,60.3,2511.3,3,0,0.04005390778984507,8
8100-HZZLJ,Month-to-month,DSL,Electronic check,43,24-48m,63.95,2737.05,3,0,0.15097062432717784,6
8775-ERLNB,Month-to-month,Fiber optic,Electronic check,1,0-6m,74.3,74.3,0,0,0.7288361207922782,1
8309-IEYJD,Month-to-month,Fiber optic,Mailed check,1,0-6m,70.6,70.6,0,0,0.6568810466482528,2
9172-JITSM,Month-to-month,Fiber optic,Electronic check,26,24-48m,90.8,2361.8,2,1,0.5891613320034389,2
6298-QDFNH,Month-to-month,Fiber optic,Electronic check,22,12-24m,79.35,1730.35,1,1,0.598612740173353,2
7398-HPYZQ,Two year,DSL,Bank transfer (automatic),71,48-72m,90.55,6404.0,6,0,0.01103531376232971,10
3546-GHEAE,Two year,No,Mailed check,7,6-12m,19.45,165.35,0,0,0.04328068112503747,8
7361-YPXFS,Month-to-month,DSL,Bank transfer (automatic),28,24-48m,64.45,1867.6,3,0,0.16487087940614786,6
6557-BZXLQ,Month-to-month,Fiber optic,Electronic check,16,12-24m,69.65,1043.3,0,0,0.5652030504685079,2
2550-QHZGP,One year,No,Mailed check,7,6-12m,19.5,128.6,0,0,0.07535121121491367,7
7519-JTWQH,Two year,Fiber optic,Bank transfer (automatic),69,48-72m,110.5,7455.45,5,0,0.05901079604068437,8
2538-OIMXF,Month-to-month,DSL,Mailed check,1,0-6m,24.7,24.7,0,0,0.39512440854614844,3
8543-MSDMF,Month-to-month,DSL,Electronic check,3,0-6m,77.4,206.15,4,0,0.5143199833783436,3
9961-JBNMK,Month-to-month,Fiber optic,Bank transfer (automatic),21,12-24m,96.8,2030.3,3,1,0.6185042856291044,2
1170-SASML,Month-to-month,Fiber optic,Bank transfer (automatic),69,48-72m,85.4,5869.4,2,0,0.14915012470783806,6
4872-JCVCA,Two year,DSL,Bank transfer (automatic),71,48-72m,47.6,3377.8,4,0,0.010373807921486138,10
5346-BZCHP,Two year,No,Mailed check,69,48-72m,19.4,1346.2,0,0,0.004486453271086427,10
2038-LLMLM,Month-to-month,Fiber optic,Electronic check,48,48-72m,103.85,4946.05,4,0,0.4495154126524367,3
6173-ITPWD,Month-to-month,Fiber optic,Bank transfer (automatic),47,24-48m,83.35,4065.0,2,1,0.27858725074994195,4
9734-UYXQI,Month-to-month,DSL,Electronic check,2,0-6m,49.4,106.55,0,1,0.5708523512827888,2
1216-BGTSP,Month-to-month,Fiber optic,Credit card (automatic),45,24-48m,108.45,4964.7,5,0,0.2951838038910251,4
4138-NAXED,Month-to-month,Fiber optic,Bank transfer (automatic),51,48-72m,81.0,4085.75,1,0,0.19813964719126154,5
2189-UXTKY,Month-to-month,DSL,Electronic check,22,12-24m,79.2,1742.75,4,1,0.34862574903574195,4
0744-BIKKF,Two year,DSL,Bank transfer (automatic),72,72m+,86.65,6224.8,6,0,0.012619708998287139,10
7483-IQWIB,Month-to-month,Fiber optic,Electronic check,37,24-48m,92.95,3415.25,3,0,0.49917995911294727,3
5248-KWLAR,Two year,DSL,Electronic check,71,48-72m,90.35,6325.25,6,0,0.014757278387729961,10
4958-GZWIY,Month-to-month,DSL,Electronic check,7,6-12m,48.7,340.25,1,1,0.3219336498586227,4
7996-MHXLW,Two year,No,Credit card (automatic),66,48-72m,25.15,1683.6,0,0,0.011697294317303396,10
7833-PKIHD,One year,DSL,Bank transfer (automatic),51,48-72m,76.4,3966.3,4,0,0.037937272622598675,8
7061-OVMIM,One year,No,Bank transfer (automatic),30,24-48m,19.55,608.5,0,0,0.02933071252227372,9
5153-RTHKF,Month-to-month,Fiber optic,Electronic check,34,24-48m,85.35,2896.6,1,0,0.5060790850476244,3
1852-QSWCD,Two year,No,Mailed check,64,48-72m,24.8,1514.85,0,0,0.009860141836473426,10
4832-VRBMR,One year,Fiber optic,Bank transfer (automatic),65,48-72m,103.15,6792.45,4,0,0.1839250677449094,5
9079-LWTFD,Month-to-month,Fiber optic,Mailed check,47,24-48m,100.75,4669.2,4,0,0.1583020961657997,6
6356-ELRKD,Month-to-month,Fiber optic,Electronic check,1,0-6m,95.6,95.6,3,1,0.7433269079873219,1
8624-GIOUT,Month-to-month,DSL,Credit card (automatic),49,48-72m,59.75,2934.3,2,1,0.10258117356349636,7
3392-EHMNK,Two year,Fiber optic,Credit card (automatic),67,48-72m,94.1,6302.8,3,0,0.031314407778921305,9
5986-WWXDV,One year,No,Bank transfer (automatic),39,24-48m,19.35,779.2,0,0,0.023608515127713132,9
3061-BCKYI,Month-to-month,No,Mailed check,14,12-24m,19.9,283.75,0,0,0.11464094605579181,7
6179-GJPSO,Month-to-month,Fiber optic,Credit card (automatic),43,24-48m,108.15,4600.7,5,1,0.2588871007667005,5
7901-TBKJX,Month-to-month,Fiber optic,Electronic check,56,48-72m,101.05,5594.0,3,0,0.5120236956052465,3
7228-PAQPD,One year,DSL,Credit card (automatic),14,12-24m,59.1,772.85,2,0,0.12106279717069111,6
3177-LASXD,Month-to-month,Fiber optic,Electronic check,1,0-6m,71.35,71.35,0,1,0.6247181038389418,2
7746-QYVCO,One year,DSL,Mailed check,16,12-24m,55.85,857.8,2,0,0.08865055788325847,7
5804-HYIEZ,Month-to-month,Fiber optic,Electronic check,70,48-72m,106.05,7554.05,4,0,0.21612654504200193,5
9919-FZDED,Two year,DSL,Credit card (automatic),72,72m+,84.1,5981.65,5,0,0.02785112048398894,9
5934-TSSAU,Month-to-month,Fiber optic,Credit card (automatic),23,12-24m,75.3,1702.9,1,0,0.37343917229902696,4
3486-KHMLI,Month-to-month,No,Mailed check,21,12-24m,24.7,467.15,0,0,0.1059295707194665,7
4897-QSUYC,Month-to-month,No,Mailed check,1,0-6m,20.15,20.15,0,1,0.21979289736489357,5
1084-UQCHV,Month-to-month,Fiber optic,Bank transfer (automatic),1,0-6m,69.75,69.75,0,1,0.491454904791417,3
8290-YWKHZ,Month-to-month,Fiber optic,Electronic check,32,24-48m,93.2,2931.0,2,1,0.7052804172517101,1
2955-BJZHG,Month-to-month,Fiber optic,Electronic check,17,12-24m,80.85,1400.85,1,1,0.5185743975111393,3
3806-DXQOM,Month-to-month,DSL,Electronic check,4,0-6m,33.65,137.85,2,1,0.495221505386475,3
6784-XYJAE,One year,DSL,Electronic check,36,24-48m,55.8,1941.5,1,0,0.12240789770466987,6
3933-DQPWX,Two year,DSL,Credit card (automatic),50,48-72m,39.7,1932.75,3,0,0.024962478654801907,9
6661-EIPZC,Month-to-month,DSL,Credit card (automatic),48,48-72m,29.5,1423.05,1,0,0.11290596903667155,7
8957-THMOA,Two year,No,Credit card (automatic),50,48-72m,20.15,970.85,0,0,0.009202279793695565,10
2251-PYLPB,Two year,DSL,Credit card (automatic),72,72m+,79.55,5810.9,5,0,0.008202378421332646,10
5555-RNPGT,Month-to-month,No,Credit card (automatic),10,6-12m,24.8,223.9,0,0,0.14951741734872898,6
1057-FOGLZ,Month-to-month,No,Mailed check,18,12-24m,19.65,391.7,0,0,0.1022266245994826,7
9300-RENDD,Month-to-month,Fiber optic,Electronic check,1,0-6m,79.95,79.95,1,1,0.7688704452979436,1
0761-AETCS,Month-to-month,No,Electronic check,1,0-6m,19.3,19.3,0,1,0.2401749698569483,5
8087-LGYHQ,Month-to-month,Fiber optic,Electronic check,9,6-12m,94.05,811.65,3,0,0.7637343242316084,1
4137-BTIKL,Month-to-month,Fiber optic,Mailed check,2,0-6m,90.75,174.75,2,0,0.5536379182607157,2
2190-BCXEC,Month-to-month,Fiber optic,Credit card (automatic),40,24-48m,78.85,3126.85,1,0,0.2782079748783369,4
6227-FBDXH,One year,Fiber optic,Bank transfer (automatic),69,48-72m,99.5,6841.45,3,0,0.10589327402580634,7
2153-MREFK,One year,Fiber optic,Electronic check,37,24-48m,99.2,3754.6,4,1,0.21390968385978917,5
2911-WDXMV,Month-to-month,Fiber optic,Credit card (automatic),18,12-24m,80.55,1406.65,1,0,0.5020244757917828,3
7206-PQBBZ,Month-to-month,Fiber optic,Electronic check,11,6-12m,70.2,834.7,0,0,0.6655492265553418,2
3106-ULWFW,Month-to-month,Fiber optic,Credit card (automatic),8,6-12m,85.2,627.4,1,1,0.6658174724786152,2
0925-VYDLG,Month-to-month,Fiber optic,Electronic check,3,0-6m,75.25,242.0,0,1,0.6807611781050004,1
4547-FZJWE,One year,DSL,Credit card (automatic),55,48-72m,59.45,3157.0,2,0,0.026603744660854765,9
7422-WNBTY,Month-to-month,Fiber optic,Electronic check,33,24-48m,93.35,3092.0,3,0,0.54919428821581,2
0842-IWYCP,Month-to-month,DSL,Bank transfer (automatic),46,24-48m,44.95,2168.9,0,0,0.09289920336226858,7
3521-HTQTV,Two year,No,Bank transfer (automatic),34,24-48m,26.1,980.35,0,0,0.022947940146405946,9
3744-ZBHON,Month-to-month,No,Electronic check,3,0-6m,20.2,65.95,0,0,0.22429975564277405,5
3373-DIUUN,Two year,No,Mailed check,30,24-48m,21.25,711.9,0,0,0.01575453881289931,9
8383-SGHJU,One year,DSL,Electronic check,33,24-48m,59.4,1952.8,2,0,0.07354345508591945,7
7607-QKKTJ,One year,Fiber optic,Credit card (automatic),45,24-48m,95.0,4368.85,3,0,0.18025687943023866,5
7707-PYBBH,Month-to-month,DSL,Mailed check,40,24-48m,61.9,2647.1,3,0,0.06977261902825992,7
8984-HPEMB,Two year,Fiber optic,Electronic check,71,48-72m,118.65,8477.6,6,0,0.055129669794718554,8
4349-GFQHK,Month-to-month,DSL,Electronic check,1,0-6m,54.35,54.35,1,1,0.48778486136156607,3
4139-DETXS,Two year,DSL,Bank transfer (automatic),72,72m+,64.45,4528.0,6,0,0.011502511167345771,10
9779-DPNEJ,Month-to-month,Fiber optic,Electronic check,22,12-24m,80.15,1790.65,1,0,0.5494162619307541,2
9805-FILKB,One year,No,Bank transfer (automatic),46,24-48m,20.2,845.6,0,0,0.023952246249085714,9
5793-YOLJN,Two year,No,Mailed check,55,48-72m,21.0,1210.3,0,0,0.006896281207487385,10
0673-IGUQO,Month-to-month,No,Mailed check,1,0-6m,20.45,20.45,0,0,0.16519211478497728,6
4123-FCVCB,One year,DSL,Mailed check,12,12-24m,75.85,854.45,3,0,0.2616166017665872,5
8819-IMISP,Month-to-month,Fiber optic,Electronic check,31,24-48m,80.45,2429.1,1,0,0.5175590664082931,3
7802-EFKNY,Month-to-month,DSL,Electronic check,5,0-6m,24.95,100.4,0,1,0.5723538381744302,2
8311-UEUAB,Two year,DSL,Electronic check,67,48-72m,75.5,5229.45,3,0,0.0370320521899001,8
5858-EAFCZ,Month-to-month,DSL,Mailed check,1,0-6m,44.45,44.45,0,0,0.3192796959261956,4
8035-BUYVG,One year,DSL,Electronic check,40,24-48m,42.35,1716.45,3,1,0.10656640070917503,7
1163-ONYEY,Month-to-month,DSL,Credit card (automatic),41,24-48m,74.55,3023.55,4,0,0.13859576112040714,6
9787-XVQIU,Month-to-month,Fiber optic,Electronic check,1,0-6m,75.3,75.3,0,1,0.7630215399167408,1
8945-MUQUF,One year,Fiber optic,Electronic check,51,48-72m,94.8,4837.6,3,1,0.20629506322036603,5
5656-MJEFC,Two year,DSL,Credit card (automatic),42,24-48m,48.15,2032.3,4,0,0.02802731737987277,9
6082-OQFBA,One year,No,Mailed check,23,12-24m,19.65,436.9,0,0,0.036587944151020374,8
8051-HJRLT,Month-to-month,Fiber optic,Electronic check,1,0-6m,70.55,70.55,0,1,0.748605721987059,1
8974-OVACP,Month-to-month,No,Mailed check,1,0-6m,20.15,20.15,0,0,0.16619527181814417,6
4010-YLMVT,Month-to-month,Fiber optic,Credit card (automatic),56,48-72m,106.6,5893.95,4,0,0.26449718549728585,5
1379-FRVEB,Month-to-month,Fiber optic,Electronic check,15,12-24m,91.0,1430.05,2,0,0.681641005241998,1
8612-GXIDD,Two year,No,Bank transfer (automatic),12,12-24m,25.4,313.0,0,0,0.053669624731281,8
6288-CHQJB,Two year,DSL,Bank transfer (automatic),54,48-72m,69.95,3871.85,4,0,0.010248536964199561,10
8160-HOWOX,Month-to-month,DSL,Electronic check,7,6-12m,66.85,458.1,2,0,0.5802520432990903,2
3023-GFLBR,Month-to-month,Fiber optic,Credit card (automatic),33,24-48m,86.15,2745.7,1,1,0.339115840297172,4
6648-INWPS,Month-to-month,No,Electronic check,16,12-24m,20.15,341.35,0,0,0.13027663154510608,6
4223-BKEOR,One year,DSL,Mailed check,21,12-24m,64.85,1336.8,3,0,0.08014353296904587,7
4079-VTGLK,Two year,DSL,Electronic check,30,24-48m,74.85,2181.75,3,0,0.1625686957508409,6
1763-WQFUK,Month-to-month,DSL,Mailed check,3,0-6m,50.5,147.75,1,0,0.2971980013895063,4
1391-UBDAR,Month-to-month,Fiber optic,Electronic check,11,6-12m,72.9,818.45,1,0,0.5581162392503142,2
8894-JVDCV,One year,Fiber optic,Credit card (automatic),62,48-72m,115.05,7133.45,6,0,0.09318689850625075,7
2023-VQFDL,Month-to-month,No,Electronic check,18,12-24m,19.0,348.8,0,0,0.1523292513768584,6
1345-GKDZZ,Month-to-month,No,Mailed check,6,6-12m,19.55,128.6,0,0,0.1286415867903116,6
2014-MKGMH,One year,Fiber optic,Electronic check,46,24-48m,101.1,4674.4,3,0,0.3679173392483928,4
5628-FCGYG,Month-to-month,Fiber optic,Electronic check,21,12-24m,84.1,1737.45,1,0,0.6829219085091547,1
2560-WBWXF,Two year,No,Bank transfer (automatic),68,48-72m,24.15,1498.85,0,0,0.010963609877923958,10
0248-IPDFW,Month-to-month,DSL,Electronic check,1,0-6m,50.1,50.1,0,0,0.5749419720401795,2
7978-DKUQH,Month-to-month,Fiber optic,Electronic check,25,24-48m,74.6,1797.75,1,0,0.4980609160111503,3
4335-UPJSI,Two year,No,Mailed check,24,24-48m,19.75,498.1,0,0,0.0214255078749468,9
0524-IAVZO,Month-to-month,Fiber optic,Electronic check,30,24-48m,85.0,2624.25,1,1,0.5908729673453462,2
2737-YNGYW,Month-to-month,Fiber optic,Electronic check,2,0-6m,80.55,184.1,1,1,0.6763699897626289,1
1784-EZDKJ,One year,Fiber optic,Bank transfer (automatic),51,48-72m,106.8,5498.8,4,0,0.21024068912215965,5
9297-FVVDH,Two year,DSL,Electronic check,57,48-72m,84.5,4845.4,5,0,0.03634966821389242,8
8007-YYPWD,Two year,No,Bank transfer (automatic),15,12-24m,25.05,369.1,0,0,0.043661847718140974,8
7101-HRBLJ,Two year,DSL,Bank transfer (automatic),72,72m+,83.7,6096.9,6,0,0.0102183810822836,10
5159-YFPKQ,Month-to-month,Fiber optic,Electronic check,2,0-6m,75.8,160.75,1,1,0.6925673997665691,1
6635-CPNUN,Month-to-month,Fiber optic,Credit card (automatic),28,24-48m,96.6,2684.35,3,0,0.40086293506004195,3
4021-RQSNY,Month-to-month,Fiber optic,Electronic check,29,24-48m,98.5,3004.15,3,1,0.7197374286876626,1
5453-YBTWV,Two year,Fiber optic,Credit card (automatic),70,48-72m,101.1,6994.8,5,0,0.0196209287025407,9
5039-LZRQT,One year,No,Mailed check,13,12-24m,20.2,273.25,0,0,0.06145284155599458,8
2931-VUVJN,One year,Fiber optic,Electronic check,59,48-72m,94.05,5483.9,4,0,0.10435910922804027,7
9061-TIHDA,Month-to-month,Fiber optic,Electronic check,13,12-24m,95.25,1233.65,2,1,0.8118781251372797,1
8699-ASUFO,Month-to-month,Fiber optic,Mailed check,7,6-12m,74.4,527.9,0,1,0.6659307344530907,2
6418-PIQSP,Two year,DSL,Mailed check,62,48-72m,81.0,4985.9,5,0,0.012004013462296593,10
8220-OCUFY,One year,DSL,Electronic check,21,12-24m,60.25,1258.35,3,0,0.10757421804962453,7
3995-WFCSM,Month-to-month,DSL,Electronic check,2,0-6m,60.85,111.4,2,0,0.45876336937388007,3
1895-QTKDO,Month-to-month,DSL,Credit card (automatic),1,0-6m,43.95,43.95,0,0,0.3278205527965117,4
2038-OEQZH,Month-to-month,Fiber optic,Electronic check,4,0-6m,86.05,308.1,2,0,0.6535451911246568,2
1178-PZGAB,One year,No,Credit card (automatic),19,12-24m,20.25,383.65,0,0,0.05204399340204034,8
7927-AUXBZ,Month-to-month,Fiber optic,Electronic check,30,24-48m,85.15,2555.9,2,1,0.38190798283440985,4
2626-VEEWG,Two year,No,Credit card (automatic),67,48-72m,19.4,1284.2,0,0,0.006950193427058816,10
2878-RMWXY,Two year,Fiber optic,Credit card (automatic),72,72m+,102.65,7550.3,4,0,0.04398648739812885,8
1657-DYMBM,Two year,No,Credit card (automatic),53,48-72m,19.9,1110.05,0,0,0.008990532952502055,10
7311-MQJCH,One year,No,Electronic check,5,0-6m,19.55,99.6,0,0,0.11913821180763018,6
7375-WMVMT,Two year,Fiber optic,Credit card (automatic),71,48-72m,95.5,6707.15,4,0,0.03648331306571173,8
1136-XGEQU,One year,DSL,Credit card (automatic),50,48-72m,84.15,4164.4,5,0,0.07051801612430739,7
2530-FMFXO,Two year,Fiber optic,Electronic check,56,48-72m,103.2,5873.75,4,0,0.12178433783376587,6
6844-DZKRF,Month-to-month,DSL,Credit card (automatic),2,0-6m,50.2,109.25,1,0,0.31155849434068034,4
4695-WJZUE,Month-to-month,Fiber optic,Electronic check,2,0-6m,88.55,179.25,2,1,0.8338237488652364,1
7619-ODSGN,Month-to-month,DSL,Electronic check,24,24-48m,54.75,1338.15,1,1,0.19852235072171773,5
5970-GHJAW,Two year,No,Credit card (automatic),46,24-48m,19.95,862.4,0,0,0.009807920378864028,10
8879-XUAHX,Two year,Fiber optic,Electronic check,71,48-72m,116.25,8564.75,6,0,0.05424986022949452,8
3689-MOZGR,Month-to-month,DSL,Electronic check,29,24-48m,31.2,926.2,1,0,0.30405241391068205,4
4195-PNGZS,Two year,No,Bank transfer (automatic),69,48-72m,24.45,1718.2,0,0,0.005996549192455157,10
5003-XZWWO,Two year,DSL,Credit card (automatic),71,48-72m,84.2,5956.85,5,0,0.016695354835725724,9
3988-RQIXO,Month-to-month,Fiber optic,Electronic check,1,0-6m,91.3,91.3,2,1,0.8358068104777556,1
7622-FWGEW,Two year,DSL,Bank transfer (automatic),56,48-72m,85.65,4824.45,6,0,0.023674376685874063,9
6922-NCEDI,One year,No,Mailed check,56,48-72m,21.2,1238.65,0,0,0.018029648320713135,9
2514-GINMM,Month-to-month,Fiber optic,Electronic check,1,0-6m,79.5,79.5,1,1,0.7707991466661487,1
9891-NQDBD,One year,No,Mailed check,28,24-48m,25.55,672.2,0,0,0.04626679104104864,8
6131-IUNXN,Month-to-month,No,Mailed check,19,12-24m,20.2,382.2,0,0,0.08008316569145661,7
8548-AWOFC,Month-to-month,DSL,Electronic check,66,48-72m,63.85,4264.6,2,0,0.08387651046486658,7
9798-DRYDS,One year,DSL,Mailed check,17,12-24m,61.95,1070.7,2,0,0.1159491809077446,6
8532-UEFWH,Two year,No,Mailed check,52,48-72m,25.75,1345.85,0,0,0.010205871794626089,10
6296-DDOOR,One year,DSL,Electronic check,19,12-24m,58.2,1045.25,2,0,0.2020174061482155,5
7951-VRDVK,One year,DSL,Bank transfer (automatic),36,24-48m,85.85,3003.55,6,0,0.049797859321943756,8
5931-FLJJF,Month-to-month,Fiber optic,Mailed check,7,6-12m,70.1,467.55,0,1,0.5949752457086743,2
4815-YOSUK,One year,Fiber optic,Credit card (automatic),72,72m+,104.9,7537.5,5,0,0.04139977940251208,8
2659-VXMWZ,One year,Fiber optic,Electronic check,67,48-72m,111.3,7482.1,5,1,0.12732171685054108,6
0380-NEAVX,One year,Fiber optic,Electronic check,34,24-48m,99.85,3343.15,4,0,0.43406335446589417,3
3207-OYBWH,Month-to-month,Fiber optic,Bank transfer (automatic),57,48-72m,95.25,5427.05,3,1,0.29404147284174786,4
4285-GYRQC,Month-to-month,Fiber optic,Electronic check,7,6-12m,86.25,587.1,2,1,0.7048406802182898,1
7216-EWTRS,Month-to-month,Fiber optic,Electronic check,1,0-6m,100.8,100.8,3,1,0.8617160389832574,1
4365-MSDYN,Month-to-month,No,Bank transfer (automatic),8,6-12m,19.55,161.15,0,0,0.17387071556276038,6
7036-TYDEC,Two year,Fiber optic,Electronic check,69,48-72m,104.0,7028.5,4,0,0.07197022133949045,7
5802-ADBRC,One year,Fiber optic,Mailed check,50,48-72m,104.4,5232.9,4,0,0.18020613418611325,5
8076-FEZKJ,One year,No,Mailed check,10,6-12m,19.5,225.85,0,0,0.06861303111747448,7
5197-YPYBZ,Two year,No,Credit card (automatic),12,12-24m,25.25,274.7,0,0,0.039556559204990335,8
8337-MSSXB,Month-to-month,Fiber optic,Electronic check,14,12-24m,86.3,1180.95,2,1,0.6399544730297285,2
4312-GVYNH,Two year,DSL,Bank transfer (automatic),70,48-72m,49.85,3370.2,4,0,0.01582790162591652,9
8495-LJDFO,Month-to-month,Fiber optic,Bank transfer (automatic),64,48-72m,108.95,7111.3,5,0,0.2095117501021549,5
0839-JTCUD,Two year,DSL,Credit card (automatic),66,48-72m,89.9,5958.85,6,0,0.011708529220651345,10
5494-WOZRZ,Two year,DSL,Credit card (automatic),71,48-72m,82.0,5999.85,5,0,0.010867848212772136,10
1302-UHBDD,Month-to-month,Fiber optic,Electronic check,20,12-24m,89.95,1648.45,2,0,0.6625704853818396,2
2234-EOFPT,Two year,DSL,Bank transfer (automatic),72,72m+,79.35,5753.25,5,0,0.011897530839380072,10
8619-IJNDK,Two year,DSL,Credit card (automatic),71,48-72m,64.05,4492.9,4,0,0.00438151693006408,10
8378-LKJAF,Month-to-month,Fiber optic,Credit card (automatic),38,24-48m,101.15,3956.7,3,0,0.4501401960983135,3
8182-BJDSI,Month-to-month,Fiber optic,Electronic check,28,24-48m,89.95,2625.55,2,1,0.6047052041955153,2
2528-HFYZX,Month-to-month,Fiber optic,Electronic check,17,12-24m,76.45,1233.4,1,1,0.5914517979016938,2
1153-GNOLC,One year,DSL,Electronic check,33,24-48m,39.1,1309.0,2,0,0.26176648274278363,5
3298-QEICA,Two year,DSL,Mailed check,23,12-24m,34.6,813.45,2,0,0.03703059415802219,8
0788-DXBFY,One year,No,Electronic check,58,48-72m,19.55,1108.8,0,0,0.025100632592088244,9
3597-YASZG,Two year,Fiber optic,Bank transfer (automatic),70,48-72m,104.45,7349.35,4,0,0.0682947269544967,7
3496-LFSZU,Month-to-month,Fiber optic,Electronic check,4,0-6m,70.5,294.2,0,0,0.587629257331455,2
5242-UOWHD,Two year,No,Mailed check,45,24-48m,20.35,929.2,0,0,0.00977921535688503,10
2482-CZGBB,Month-to-month,Fiber optic,Electronic check,10,6-12m,70.0,740.0,0,1,0.6423147684583103,2
6479-SZPLM,Two year,No,Credit card (automatic),36,24-48m,19.45,754.5,0,0,0.013841402469143161,10
8097-VBQTZ,Month-to-month,DSL,Mailed check,54,48-72m,69.9,3883.3,4,0,0.06295206281282131,7
4500-HKANN,Two year,DSL,Mailed check,23,12-24m,59.7,1414.2,2,0,0.0400219725540713,8
9917-KWRBE,One year,DSL,Credit card (automatic),41,24-48m,78.35,3211.2,4,0,0.06740922058099094,7
3420-ZDBMA,Month-to-month,Fiber optic,Mailed check,5,0-6m,71.45,371.6,0,0,0.6211143176368787,2
2212-LYASK,One year,DSL,Credit card (automatic),27,24-48m,45.85,1246.4,3,0,0.16711632044977817,6
1393-IMKZG,Month-to-month,Fiber optic,Electronic check,1,0-6m,95.85,95.85,3,0,0.7436679938094377,1
8069-RHUXK,Two year,DSL,Credit card (automatic),67,48-72m,35.7,2545.7,2,0,0.008676831192223587,10
3398-GCPMU,Two year,DSL,Credit card (automatic),72,72m+,89.55,6448.85,6,0,0.01684264621812913,9
2908-WGAXL,Two year,No,Credit card (automatic),56,48-72m,24.95,1468.9,0,0,0.013165865756372441,10
3378-AJRAO,One year,No,Electronic check,44,24-48m,24.85,1013.6,0,0,0.037209175282719234,8
1013-QCWAM,Month-to-month,Fiber optic,Electronic check,66,48-72m,100.8,6690.75,3,0,0.39643822057833883,3
0866-QLSIR,One year,DSL,Mailed check,34,24-48m,64.4,2088.75,3,1,0.060212771259144975,8
6050-FFXES,Two year,Fiber optic,Bank transfer (automatic),69,48-72m,105.35,7240.65,4,0,0.04308345001777709,8
7181-BQYBV,Month-to-month,Fiber optic,Electronic check,1,0-6m,102.45,102.45,4,1,0.7655273522926919,1
0362-RAOQO,Two year,No,Credit card (automatic),40,24-48m,19.65,830.25,0,0,0.01500825039439682,9
9554-DFKIC,Month-to-month,DSL,Bank transfer (automatic),30,24-48m,54.45,1588.7,1,0,0.15706206722583202,6
5527-ACHSO,Month-to-month,DSL,Mailed check,11,6-12m,70.5,829.3,3,0,0.2846519148715288,4
0829-DDVLK,One year,No,Credit card (automatic),15,12-24m,20.1,302.45,0,0,0.05930050911192996,8
1399-UBQIU,Month-to-month,DSL,Electronic check,11,6-12m,69.35,712.25,3,0,0.5564095112997766,2
1813-JLKWR,One year,No,Bank transfer (automatic),64,48-72m,19.8,1336.65,0,0,0.009476990680345425,10
0336-PIKEI,Two year,DSL,Bank transfer (automatic),72,72m+,74.4,5360.75,5,0,0.008039805604270695,10
7322-OCWHC,Two year,Fiber optic,Bank transfer (automatic),72,72m+,93.05,6735.05,4,0,0.02689084405037479,9
9537-VHDTA,Month-to-month,DSL,Mailed check,1,0-6m,51.2,51.2,1,0,0.2123890200613647,5
4957-TIALW,One year,DSL,Credit card (automatic),15,12-24m,65.6,1010.0,4,0,0.05144396002572966,8
2054-PJOCK,One year,DSL,Credit card (automatic),60,48-72m,80.55,4847.05,4,0,0.047995363170871344,8
9150-HEPMB,One year,DSL,Mailed check,56,48-72m,52.7,3019.7,2,0,0.025054020454550633,9
9030-QGZNL,Two year,No,Mailed check,8,6-12m,20.85,161.65,0,0,0.04056984889505306,8
6204-IEUXJ,Month-to-month,Fiber optic,Credit card (automatic),3,0-6m,80.1,217.55,2,1,0.4204285198659587,3
3126-WQMGH,Month-to-month,DSL,Credit card (automatic),49,48-72m,52.15,2583.75,0,0,0.1357257124207972,6
4529-CKBCL,Month-to-month,Fiber optic,Electronic check,2,0-6m,80.2,146.05,1,1,0.7617414413521213,1
2506-CLAKW,Month-to-month,Fiber optic,Bank transfer (automatic),6,6-12m,98.15,567.45,5,1,0.43532307605162845,3
7176-WRTNX,Two year,Fiber optic,Bank transfer (automatic),70,48-72m,114.95,7711.25,6,0,0.04092401380643524,8
1583-IHQZE,Month-to-month,Fiber optic,Mailed check,12,12-24m,112.95,1384.75,5,1,0.5945633735538217,2
5732-IKGQH,One year,Fiber optic,Bank transfer (automatic),52,48-72m,104.45,5481.25,5,0,0.11837790541397399,6
9239-GZHZE,Two year,Fiber optic,Credit card (automatic),72,72m+,113.65,8124.2,6,0,0.03758802929466215,8
7205-BAIAD,Two year,No,Bank transfer (automatic),40,24-48m,20.6,827.3,0,0,0.020164415599904426,9
0151-ONTOV,Month-to-month,Fiber optic,Mailed check,1,0-6m,70.9,70.9,0,1,0.5199777045393511,3
4140-MUHUG,Month-to-month,Fiber optic,Electronic check,3,0-6m,86.85,220.95,2,1,0.7827650427773998,1
0093-EXYQL,Month-to-month,Fiber optic,Electronic check,40,24-48m,91.55,3673.6,2,0,0.5766673995922544,2
8064-RAVOH,Month-to-month,DSL,Electronic check,1,0-6m,49.85,49.85,1,0,0.46261832575801126,3
0219-QAERP,One year,No,Credit card (automatic),30,24-48m,19.8,576.65,0,0,0.03433960231513059,8
0320-JDNQG,Month-to-month,Fiber optic,Electronic check,23,12-24m,99.85,2331.3,4,1,0.44098965975073195,3
7180-PISOG,Month-to-month,Fiber optic,Electronic check,1,0-6m,74.5,74.5,0,1,0.7245463082110475,1
9168-INPSZ,Month-to-month,Fiber optic,Electronic check,44,24-48m,104.15,4495.65,4,0,0.4304338158083502,3
3571-RFHAR,Month-to-month,Fiber optic,Electronic check,65,48-72m,109.15,6941.2,5,1,0.2956895120967736,4
0015-UOCOJ,Month-to-month,DSL,Electronic check,7,6-12m,48.2,340.35,1,0,0.42784376169674515,3
5334-AFQJB,Two year,No,Credit card (automatic),72,72m+,25.1,1789.9,0,0,0.011878856579707156,10
2754-SDJRD,Month-to-month,Fiber optic,Credit card (automatic),8,6-12m,100.15,908.55,3,0,0.7185930535712388,1
9578-VRMNM,Month-to-month,DSL,Credit card (automatic),16,12-24m,65.2,1043.35,2,1,0.4013186778158865,3
1587-FKLZB,Month-to-month,Fiber optic,Credit card (automatic),66,48-72m,99.5,6822.15,3,1,0.2919296663200299,4
6140-QNRQQ,Month-to-month,Fiber optic,Mailed check,1,0-6m,71.55,71.55,0,1,0.601134080350626,2
8963-JLGJT,Month-to-month,DSL,Mailed check,3,0-6m,55.9,157.55,2,0,0.19881557037863595,5
4307-KTUMW,Month-to-month,Fiber optic,Electronic check,53,48-72m,93.9,5029.2,3,1,0.2472314241112224,5
1465-LNTLJ,Month-to-month,DSL,Credit card (automatic),8,6-12m,64.4,581.7,3,0,0.3508126097981826,4
5440-FLBQG,Two year,Fiber optic,Bank transfer (automatic),69,48-72m,108.4,7318.2,5,1,0.07061813471571604,7
2135-DQWAQ,Month-to-month,Fiber optic,Mailed check,5,0-6m,85.3,420.45,2,0,0.6300191803482273,2
4056-QHXHZ,Two year,Fiber optic,Mailed check,72,72m+,107.45,7576.7,5,0,0.025405558736377353,9
7470-MCQTK,Month-to-month,DSL,Bank transfer (automatic),13,12-24m,48.75,633.4,3,1,0.536557740816875,3
7488-MXJIV,Month-to-month,Fiber optic,Electronic check,4,0-6m,85.65,321.65,1,1,0.7977687374253594,1
7401-JIXNM,Two year,DSL,Credit card (automatic),54,48-72m,91.3,4965.0,6,0,0.016860604684290847,9
9339-FIIJL,Two year,DSL,Bank transfer (automatic),72,72m+,85.95,6151.9,5,0,0.015154607744736445,9
2027-FECZV,Month-to-month,Fiber optic,Electronic check,12,12-24m,106.7,1253.9,4,1,0.7703905388872521,1
2672-DZUOY,Month-to-month,DSL,Electronic check,1,0-6m,25.15,25.15,0,1,0.6215846832763621,2
4706-DGAHW,Month-to-month,DSL,Electronic check,1,0-6m,45.2,45.2,0,0,0.47043017851587526,3
3870-MQAMG,One year,Fiber optic,Electronic check,54,48-72m,110.35,5893.15,5,1,0.16028260202151434,6
6670-MFRPK,Two year,Fiber optic,Credit card (automatic),69,48-72m,79.2,5420.65,1,0,0.04529115070792011,8
6177-PEVRA,Two year,DSL,Credit card (automatic),48,48-72m,55.5,2627.35,2,0,0.01653369793164864,9
4800-CZMPC,One year,Fiber optic,Credit card (automatic),48,48-72m,103.25,5037.55,4,1,0.16765650265146903,6
4813-HQMGZ,Month-to-month,Fiber optic,Electronic check,8,6-12m,90.25,743.75,2,0,0.6780618085419803,1
7579-KKLOE,Two year,DSL,Mailed check,71,48-72m,91.25,6589.6,6,0,0.013157555305409387,10
7377-DMMRI,Month-to-month,DSL,Electronic check,2,0-6m,47.8,92.45,1,1,0.4184836332182955,3
8402-EIVQS,One year,Fiber optic,Credit card (automatic),67,48-72m,100.9,6733.15,4,0,0.07961654931541057,7
4947-DSMXK,Month-to-month,Fiber optic,Bank transfer (automatic),34,24-48m,97.7,3410.0,3,0,0.48314915249512985,3
7245-NIIWQ,Month-to-month,Fiber optic,Electronic check,3,0-6m,69.85,199.85,0,0,0.6952069111593223,1
0002-ORFBO,One year,DSL,Mailed check,9,6-12m,65.6,593.3,3,0,0.14575090223531306,6
3324-OIRTO,One year,Fiber optic,Bank transfer (automatic),71,48-72m,104.65,7288.4,5,0,0.06043236803480149,8
5414-OFQCB,Two year,Fiber optic,Credit card (automatic),57,48-72m,90.45,5229.8,2,0,0.07766442613661596,7
4967-WPNCF,Two year,DSL,Bank transfer (automatic),72,72m+,63.7,4464.8,6,0,0.0204727596167405,9
8552-OBVRU,Month-to-month,Fiber optic,Electronic check,48,48-72m,104.5,5068.05,5,0,0.2938676129529486,4
8499-BRXTD,One year,No,Mailed check,18,12-24m,20.1,401.85,0,0,0.052556686642874675,8
9154-QDGTH,One year,Fiber optic,Credit card (automatic),43,24-48m,104.3,4451.85,4,0,0.19961319906614955,5
8197-BFWVU,Two year,DSL,Bank transfer (automatic),72,72m+,93.25,6688.95,6,0,0.012188216716229782,10
2577-GVSIL,One year,DSL,Bank transfer (automatic),35,24-48m,73.45,2661.1,3,0,0.1223441229869773,6
9367-OIUXP,Month-to-month,No,Mailed check,4,0-6m,20.7,73.05,0,0,0.15096170190852592,6
6770-UAYGJ,Two year,No,Mailed check,49,48-72m,25.25,1211.65,0,0,0.011413256278148346,10
6463-HHXJR,Two year,Fiber optic,Bank transfer (automatic),71,48-72m,100.5,7030.65,4,0,0.025242622321562255,9
7928-VJYAB,Month-to-month,Fiber optic,Electronic check,11,6-12m,90.6,1020.2,2,0,0.6280982856413216,2
1187-WILMM,Two year,DSL,Credit card (automatic),63,48-72m,89.4,5597.65,6,0,0.01840303694482841,9
9776-OJUZI,Month-to-month,Fiber optic,Bank transfer (automatic),65,48-72m,95.45,6223.3,3,0,0.26813852522720505,5
1306-RPWXZ,Two year,No,Credit card (automatic),49,48-72m,20.45,1024.65,0,0,0.009446030980449507,10
8949-JTMAY,Month-to-month,Fiber optic,Credit card (automatic),29,24-48m,98.6,2933.2,3,1,0.5953037005234696,2
2774-LVQUS,Month-to-month,Fiber optic,Electronic check,15,12-24m,83.05,1258.3,2,1,0.6257251305483028,2
3097-PYWXL,Month-to-month,No,Electronic check,4,0-6m,19.95,82.9,0,0,0.24159374918865398,5
2266-SJNAT,One year,Fiber optic,Credit card (automatic),72,72m+,109.15,7789.6,5,0,0.06621404729529093,7
0869-PAPRP,Month-to-month,Fiber optic,Credit card (automatic),26,24-48m,85.7,2067.0,2,0,0.5117761702129233,3
4238-JSSWH,Month-to-month,Fiber optic,Bank transfer (automatic),35,24-48m,102.05,3452.55,3,0,0.46839491839443387,3
2972-YDYUW,One year,Fiber optic,Electronic check,57,48-72m,94.7,5468.95,3,0,0.12393623734298742,6
1104-FEJAM,Month-to-month,DSL,Electronic check,28,24-48m,64.4,1802.15,2,0,0.26870509200940884,5
2809-ILCYT,One year,No,Mailed check,25,24-48m,26.8,733.55,0,0,0.06854258643615543,7
5499-ECUTN,One year,DSL,Credit card (automatic),47,24-48m,66.05,3021.45,3,0,0.055763852116478406,8
4981-FLTMF,Month-to-month,DSL,Bank transfer (automatic),57,48-72m,65.2,3687.85,3,0,0.032429954266283124,9
9121-PHQSR,Month-to-month,Fiber optic,Credit card (automatic),16,12-24m,85.05,1391.15,1,0,0.6705611671153557,1
3113-IWHLC,Month-to-month,DSL,Mailed check,5,0-6m,55.8,274.35,2,0,0.27564763328119624,4
3211-ILJTT,Month-to-month,Fiber optic,Bank transfer (automatic),17,12-24m,70.4,1214.05,0,1,0.4573826213593756,3
4612-THJBS,One year,Fiber optic,Bank transfer (automatic),56,48-72m,104.75,5510.65,4,1,0.24034425419335428,5
4277-BWBML,Two year,No,Bank transfer (automatic),72,72m+,19.95,1322.85,0,0,0.004022092452011146,10
4094-NSEDU,Month-to-month,Fiber optic,Electronic check,21,12-24m,94.25,1973.75,2,1,0.7845450232634356,1
0234-TEVTT,One year,DSL,Credit card (automatic),48,48-72m,45.0,2196.3,3,0,0.05132762996604869,8
4304-TSPVK,Two year,Fiber optic,Bank transfer (automatic),68,48-72m,114.9,7843.55,6,0,0.02911977656301243,9
1552-AAGRX,Month-to-month,Fiber optic,Bank transfer (automatic),30,24-48m,106.4,3211.9,4,0,0.31382699247187434,4
2637-FKFSY,Month-to-month,DSL,Mailed check,3,0-6m,46.1,130.15,0,0,0.35585562806583493,4
9796-MVYXX,Two year,DSL,Mailed check,14,12-24m,39.7,692.35,3,0,0.07288608872242434,7
7874-ECPQJ,Month-to-month,No,Bank transfer (automatic),4,0-6m,20.05,85.5,0,0,0.18133221659354495,5
0020-INWCK,Two year,Fiber optic,Credit card (automatic),71,48-72m,95.75,6849.4,3,0,0.04754762293886908,8
7089-RKVSZ,One year,No,Mailed check,8,6-12m,24.4,203.95,0,0,0.07786681332923187,7
2683-JXWQQ,Month-to-month,DSL,Bank transfer (automatic),61,48-72m,33.6,2117.2,2,0,0.053336075845865416,8
9548-ZMVTX,Two year,Fiber optic,Bank transfer (automatic),72,72m+,90.45,6565.85,3,0,0.018150321357458497,9
8739-XNIKG,Month-to-month,Fiber optic,Electronic check,5,0-6m,84.0,424.75,1,0,0.7987777146825694,1
9755-JHNMN,Two year,DSL,Bank transfer (automatic),49,48-72m,67.4,3306.85,4,0,0.010275542033501844,10
3981-QSVQI,Month-to-month,No,Bank transfer (automatic),8,6-12m,19.7,168.9,0,0,0.18437307508433531,5
2789-HQBOU,Month-to-month,Fiber optic,Electronic check,3,0-6m,80.35,253.8,1,0,0.7415984439797348,1
9424-CMPOG,Two year,No,Mailed check,9,6-12m,19.6,197.4,0,0,0.03266419053405838,9
5067-WJEUN,Two year,DSL,Bank transfer (automatic),67,48-72m,54.2,3838.2,2,0,0.010035818310955768,10
3450-WXOAT,Month-to-month,DSL,Credit card (automatic),46,24-48m,45.2,2065.15,0,0,0.1282625613026676,6
9251-WNSOD,One year,DSL,Mailed check,67,48-72m,75.1,5064.45,4,0,0.023649595883587414,9
6974-DAFLI,One year,No,Electronic check,55,48-72m,19.7,1140.05,0,0,0.02271787955634364,9
2616-UUTFK,Month-to-month,DSL,Bank transfer (automatic),33,24-48m,72.75,2447.45,4,0,0.19936979489572731,5
7064-JHXCE,Two year,No,Credit card (automatic),62,48-72m,20.05,1263.9,0,0,0.005734717057777893,10
5103-MHMHY,Month-to-month,DSL,Mailed check,1,0-6m,45.95,45.95,0,1,0.28093314253635626,4
7989-AWGEH,Month-to-month,DSL,Electronic check,49,48-72m,39.2,1838.15,2,0,0.19151663266843622,5
4373-VVHQL,Month-to-month,DSL,Electronic check,1,0-6m,44.75,44.75,0,0,0.5055438074923857,3
4559-UWIHT,Month-to-month,Fiber optic,Electronic check,14,12-24m,82.65,1185.0,2,0,0.6483543308851045,2
7268-IGMFD,Month-to-month,Fiber optic,Bank transfer (automatic),18,12-24m,93.9,1743.9,3,0,0.4994967173754553,3
1846-XWOQN,Month-to-month,Fiber optic,Electronic check,1,0-6m,70.15,70.15,0,1,0.7504222371196407,1
0235-KGSLC,Month-to-month,Fiber optic,Credit card (automatic),1,0-6m,85.55,85.55,2,1,0.6793340946481109,1
6650-BWFRT,Two year,Fiber optic,Credit card (automatic),72,72m+,117.15,8529.5,6,0,0.034642463147759386,8
9570-KYEUA,Two year,Fiber optic,Credit card (automatic),64,48-72m,99.25,6549.45,4,0,0.0297291757434702,9
6993-YGFJV,Two year,Fiber optic,Bank transfer (automatic),69,48-72m,112.55,7806.5,6,0,0.04158164682282773,8
2712-SYWAY,Month-to-month,No,Electronic check,1,0-6m,25.7,25.7,0,0,0.3655652904045741,4
0730-BGQGF,Two year,DSL,Credit card (automatic),71,48-72m,90.3,6287.3,6,0,0.009819020849342228,10
5498-IBWPI,One year,DSL,Credit card (automatic),66,48-72m,49.4,3251.85,1,0,0.020701089412656488,9
9101-NTIXF,Month-to-month,No,Mailed check,2,0-6m,19.4,50.6,0,0,0.16405786293235206,6
0013-SMEOE,Two year,Fiber optic,Bank transfer (automatic),71,48-72m,109.7,7904.25,6,0,0.034589478142716006,8
9314-QDMDW,One year,DSL,Electronic check,11,6-12m,61.25,729.95,2,0,0.30314246766149533,4
9308-ANMVE,Month-to-month,DSL,Electronic check,47,24-48m,55.3,2654.05,2,0,0.10564112675261159,7
2884-GBPFB,Month-to-month,Fiber optic,Electronic check,35,24-48m,70.3,2416.55,0,1,0.4162816183119255,3
3757-NJYBX,Month-to-month,Fiber optic,Bank transfer (automatic),32,24-48m,106.35,3520.75,4,1,0.4763281903304907,3
3413-DHLPB,Month-to-month,Fiber optic,Bank transfer (automatic),60,48-72m,103.75,5969.95,4,0,0.2100721179727305,5
7649-PHJVR,One year,No,Mailed check,11,6-12m,19.5,226.8,0,0,0.06649382486633895,7
6114-TCFID,One year,DSL,Credit card (automatic),29,24-48m,39.5,1082.75,3,0,0.06264706818532428,7
3787-TRIAL,Month-to-month,DSL,Electronic check,21,12-24m,26.05,565.75,0,0,0.39652755812555074,3
2573-GYRUU,Month-to-month,Fiber optic,Credit card (automatic),48,48-72m,91.05,4370.75,2,0,0.38132754399647334,4
5156-UMKOW,Month-to-month,DSL,Mailed check,3,0-6m,29.65,90.05,1,0,0.3594056836484995,4
1247-QBVSH,Month-to-month,DSL,Mailed check,43,24-48m,50.2,2169.4,1,0,0.0761429535957871,7
6734-GMPVK,Month-to-month,Fiber optic,Electronic check,5,0-6m,105.3,550.6,4,0,0.7565658374779154,1
9822-OAOVB,Month-to-month,DSL,Electronic check,1,0-6m,55.45,55.45,1,0,0.5614515289559459,2
6161-ERDGD,One year,DSL,Electronic check,71,48-72m,85.45,6300.85,5,0,0.028532286665409894,9
1226-JZNKR,One year,No,Electronic check,8,6-12m,19.8,160.05,0,0,0.08873784755882182,7
7318-EIVKO,Month-to-month,DSL,Electronic check,8,6-12m,59.25,436.6,1,0,0.598585664947245,2
3771-PZOBW,Month-to-month,Fiber optic,Credit card (automatic),20,12-24m,90.7,1781.35,2,0,0.5977603544501122,2
5136-KCKGI,One year,Fiber optic,Mailed check,33,24-48m,103.7,3467.0,4,1,0.2549269464219809,5
8231-BSWXX,One year,Fiber optic,Credit card (automatic),71,48-72m,79.05,5552.5,1,0,0.08599052431496984,7
6486-LHTMA,One year,Fiber optic,Electronic check,31,24-48m,90.7,2835.5,2,0,0.46818705785121734,3
4083-BFNYK,One year,Fiber optic,Credit card (automatic),38,24-48m,95.0,3591.25,3,0,0.1674330445900826,6
3722-WPXTK,Month-to-month,Fiber optic,Electronic check,1,0-6m,88.35,88.35,2,1,0.8149435101989371,1
7389-KBFIT,Month-to-month,DSL,Mailed check,2,0-6m,30.25,63.75,1,0,0.4285127823991278,3
7176-WIONM,Month-to-month,DSL,Bank transfer (automatic),12,12-24m,49.85,617.15,3,0,0.5383074439426082,2
5141-ZUVBH,Month-to-month,Fiber optic,Bank transfer (automatic),9,6-12m,93.0,870.25,4,0,0.31780706994550234,4
1089-HDMKP,Month-to-month,DSL,Electronic check,11,6-12m,54.55,601.25,2,0,0.33568846187106716,4
7623-HKYRK,Month-to-month,No,Mailed check,6,6-12m,19.7,111.65,0,0,0.12823542272527888,6
0310-SUCIN,One year,DSL,Bank transfer (automatic),71,48-72m,84.8,6046.1,6,0,0.021247728648019673,9
5197-PYEPU,One year,Fiber optic,Credit card (automatic),42,24-48m,94.45,3923.8,3,0,0.15825237383534396,6
2929-ERCFZ,Month-to-month,Fiber optic,Electronic check,8,6-12m,94.2,777.3,3,1,0.7274531003386224,1
7548-SEPYI,Month-to-month,Fiber optic,Electronic check,5,0-6m,96.25,512.45,3,1,0.7670423824554206,1
8835-VSDSE,Month-to-month,Fiber optic,Electronic check,2,0-6m,70.7,141.45,0,1,0.681915791534646,1
6619-RPLQZ,Two year,No,Mailed check,45,24-48m,20.85,892.15,0,0,0.00966278914863303,10
3275-RHRNE,One year,DSL,Credit card (automatic),28,24-48m,60.0,1682.05,5,0,0.15927141593656274,6
3503-TYDAY,Month-to-month,Fiber optic,Electronic check,43,24-48m,80.45,3398.9,1,0,0.31983669908169665,4
6901-GOGZG,Two year,DSL,Electronic check,60,48-72m,84.95,4984.85,5,0,0.03508402944775154,8
1623-NLDOT,One year,DSL,Mailed check,42,24-48m,33.55,1445.3,2,1,0.05430695607378248,8
7021-XSNYE,Two year,DSL,Credit card (automatic),7,6-12m,49.65,305.55,4,0,0.07759366133316334,7
9621-OUPYD,One year,No,Bank transfer (automatic),25,24-48m,20.2,507.9,0,0,0.05445377919780399,8
9898-KZQDZ,Month-to-month,Fiber optic,Credit card (automatic),40,24-48m,94.55,3640.45,2,1,0.5026631427918843,3
8982-NHAVY,One year,Fiber optic,Bank transfer (automatic),27,24-48m,100.5,2673.45,3,0,0.4198446917651587,3
4307-KWMXE,Month-to-month,DSL,Electronic check,10,6-12m,35.75,389.8,2,0,0.3520786943440348,4
0141-YEAYS,Month-to-month,Fiber optic,Bank transfer (automatic),27,24-48m,86.45,2401.05,2,0,0.48445052881238093,3
2450-ZKEED,One year,DSL,Bank transfer (automatic),11,6-12m,53.8,651.55,2,0,0.1032588524758815,7
3694-DELSO,Month-to-month,DSL,Credit card (automatic),4,0-6m,38.55,156.1,2,0,0.35450615106194416,4
3893-JRNFS,Month-to-month,DSL,Bank transfer (automatic),68,48-72m,39.9,2796.35,2,0,0.12246575633817493,6
9603-OAIHC,Month-to-month,Fiber optic,Electronic check,1,0-6m,70.05,70.05,0,0,0.7508749946232671,1
1133-KXCGE,One year,No,Mailed check,18,12-24m,20.1,407.05,0,0,0.052556686642874675,8
5236-PERKL,Two year,Fiber optic,Bank transfer (automatic),57,48-72m,112.95,6465.0,5,1,0.08072355824365246,7
0142-GVYSN,Month-to-month,No,Electronic check,26,24-48m,20.3,511.25,0,0,0.15827750314282327,6
1049-FYSYG,Month-to-month,DSL,Credit card (automatic),17,12-24m,35.65,646.05,2,0,0.34254311811740085,4
7854-FOKSF,Month-to-month,DSL,Electronic check,1,0-6m,35.9,35.9,1,1,0.5924220812170695,2
2519-FAKOD,Month-to-month,Fiber optic,Bank transfer (automatic),38,24-48m,99.25,3777.15,3,1,0.4746497194370014,3
8406-LNMHF,One year,Fiber optic,Credit card (automatic),59,48-72m,82.95,4903.15,3,0,0.07811868179492508,7
1821-BUCWY,Two year,DSL,Mailed check,30,24-48m,55.65,1653.85,2,0,0.04303706784830187,8
8263-JQAIK,Month-to-month,DSL,Mailed check,2,0-6m,24.45,47.5,0,1,0.5634719320708433,2
0023-UYUPN,One year,No,Electronic check,50,48-72m,25.2,1306.3,0,0,0.04307014713312519,8
8314-DPQHL,One year,DSL,Mailed check,9,6-12m,50.8,463.6,4,0,0.14353444930505688,6
1465-WCZVT,Month-to-month,No,Mailed check,3,0-6m,19.65,60.65,0,0,0.13129286573880264,6
9481-SFCQY,Month-to-month,DSL,Credit card (automatic),14,12-24m,59.8,824.85,2,0,0.33467265666428464,4
6360-SVNWV,Month-to-month,Fiber optic,Credit card (automatic),31,24-48m,73.55,2094.65,1,0,0.3434088022420138,4
0567-GGCAC,Month-to-month,DSL,Electronic check,7,6-12m,61.4,438.9,3,0,0.26126436920087387,5
7089-IVVAZ,Month-to-month,Fiber optic,Bank transfer (automatic),8,6-12m,103.35,847.3,4,1,0.5933098950625312,2
8884-MRNSU,One year,No,Bank transfer (automatic),17,12-24m,19.9,329.75,0,0,0.044344148199958563,8
2171-UDMFD,Month-to-month,No,Credit card (automatic),32,24-48m,19.45,674.55,0,0,0.0767332635026889,7
9050-IKDZA,Month-to-month,Fiber optic,Mailed check,2,0-6m,81.5,162.55,1,0,0.6365778908822597,2
2205-YMZZJ,Month-to-month,Fiber optic,Electronic check,7,6-12m,84.8,546.95,1,1,0.8188065538348982,1
9802-CAQUT,Two year,Fiber optic,Credit card (automatic),72,72m+,109.55,7887.25,5,0,0.03229248712987177,9
1254-IZEYF,Month-to-month,Fiber optic,Electronic check,31,24-48m,99.95,3186.65,3,1,0.7011790680496023,1
0187-WZNAB,Month-to-month,Fiber optic,Mailed check,27,24-48m,74.4,1972.35,1,0,0.2067210902131733,5
9492-TOKRI,Month-to-month,Fiber optic,Credit card (automatic),18,12-24m,90.0,1527.35,2,1,0.6028657317199037,2
1475-VWVDO,Month-to-month,Fiber optic,Electronic check,7,6-12m,74.9,490.55,1,0,0.6605372073570241,2
9221-OTIVJ,Month-to-month,Fiber optic,Electronic check,14,12-24m,104.85,1531.4,4,1,0.8028540447039177,1
1357-MVDOZ,Month-to-month,DSL,Bank transfer (automatic),11,6-12m,59.65,683.25,2,0,0.336251004779928,4
7602-MVRMB,Two year,Fiber optic,Bank transfer (automatic),72,72m+,110.45,8058.85,5,0,0.0332738835051992,8
3325-FUYCG,One year,Fiber optic,Electronic check,28,24-48m,106.1,2847.4,4,1,0.282786392797545,4
5908-QMGOE,Month-to-month,Fiber optic,Credit card (automatic),15,12-24m,74.2,1133.9,0,1,0.6289018136766771,2
1197-BVMVG,Month-to-month,Fiber optic,Electronic check,4,0-6m,74.45,294.45,0,0,0.78670762528013,1
5406-KGRMX,Two year,No,Electronic check,71,48-72m,24.55,1719.15,0,0,0.010743138850584425,10
8481-YYXWG,Month-to-month,Fiber optic,Electronic check,5,0-6m,89.35,461.7,3,1,0.6383676124493052,2
5968-HYJRZ,Two year,No,Mailed check,47,24-48m,24.55,1160.45,0,0,0.012403734892881196,10
5198-EFNBM,One year,Fiber optic,Electronic check,57,48-72m,90.65,5199.8,3,0,0.20175091161066813,5
7516-GMHUV,Two year,Fiber optic,Credit card (automatic),50,48-72m,105.05,5163.3,4,0,0.13270512995691233,6
7140-ADSMJ,Month-to-month,No,Credit card (automatic),8,6-12m,20.45,162.3,0,0,0.1850165202140017,5
2230-XTUWL,Two year,No,Mailed check,48,48-72m,19.55,883.35,0,0,0.009019947456521201,10
7706-YLMQA,One year,No,Bank transfer (automatic),70,48-72m,19.7,1341.5,0,0,0.009686560256807874,10
2585-KTFRE,Month-to-month,DSL,Bank transfer (automatic),1,0-6m,70.45,70.45,4,0,0.24175943657079493,5
7994-UYIVZ,Month-to-month,Fiber optic,Bank transfer (automatic),8,6-12m,85.65,659.45,1,0,0.6583676683016962,2
2609-IAICY,Month-to-month,Fiber optic,Electronic check,1,0-6m,77.15,77.15,0,1,0.7548349438672156,1
1740-CSDJP,Month-to-month,DSL,Bank transfer (automatic),1,0-6m,35.25,35.25,1,1,0.5743528631011632,2
7717-BICXI,Two year,No,Mailed check,60,48-72m,20.55,1205.05,0,0,0.005898164749982045,10
6559-RAKOZ,One year,Fiber optic,Electronic check,49,48-72m,97.95,4917.9,3,0,0.24578545601601093,5
2636-OHFMN,Month-to-month,DSL,Electronic check,4,0-6m,48.55,201.0,3,1,0.6957705838838001,1
4716-MRVEN,One year,No,Mailed check,29,24-48m,20.0,599.3,0,0,0.03698476017256811,8
2143-LJULT,Two year,No,Credit card (automatic),67,48-72m,25.25,1733.15,0,0,0.010479823169068161,10
1323-OOEPC,Month-to-month,Fiber optic,Credit card (automatic),53,48-72m,98.4,5149.5,3,1,0.36476244904759975,4
3200-MNQTF,Two year,DSL,Credit card (automatic),67,48-72m,70.9,4677.1,4,0,0.007381785189392266,10
6164-HXUGH,Month-to-month,No,Mailed check,6,6-12m,19.85,119.3,0,0,0.11969181881992506,6
5630-IXDXV,Month-to-month,Fiber optic,Electronic check,47,24-48m,106.35,4849.1,4,0,0.5103408589450027,3
0320-DWVTU,Two year,Fiber optic,Mailed check,53,48-72m,99.5,5424.25,5,0,0.02867348797526426,9
9135-MGVPY,Two year,DSL,Mailed check,69,48-72m,84.7,5878.9,6,0,0.01268470695976367,10
1212-GLHMD,Month-to-month,Fiber optic,Mailed check,3,0-6m,86.05,244.85,2,0,0.5577674690854504,2
7878-JGDKK,Month-to-month,DSL,Mailed check,4,0-6m,44.55,220.75,0,0,0.2972471572237174,4
1088-AUUZZ,Two year,DSL,Credit card (automatic),56,48-72m,75.85,4261.2,4,0,0.016863154970992625,9
0397-GZBBC,Month-to-month,Fiber optic,Bank transfer (automatic),59,48-72m,93.85,5574.75,2,1,0.3804506031020835,4
6614-YWYSC,Two year,No,Bank transfer (automatic),61,48-72m,25.0,1501.75,0,0,0.011074567441391235,10
9588-OZDMQ,Month-to-month,DSL,Electronic check,2,0-6m,45.0,89.75,0,0,0.47686925133296937,3
7641-EUYET,Month-to-month,Fiber optic,Electronic check,46,24-48m,100.7,4541.2,4,1,0.37260411113312936,4
6476-EPYZR,Month-to-month,No,Mailed check,12,12-24m,20.5,255.5,0,0,0.09859346401568332,7
9921-ZVRHG,Month-to-month,Fiber optic,Electronic check,14,12-24m,80.45,1072.0,1,1,0.669338716416119,1
1174-FGIFN,One year,Fiber optic,Electronic check,28,24-48m,90.45,2509.25,2,0,0.3126808093835373,4
6620-HVDUJ,Month-to-month,DSL,Bank transfer (automatic),24,24-48m,60.45,1440.75,3,0,0.08641448378021378,7
4701-MLJPN,Month-to-month,DSL,Electronic check,31,24-48m,55.25,1715.65,2,1,0.20112794140424356,5
1032-MAELW,One year,DSL,Electronic check,68,48-72m,78.45,5333.35,5,0,0.0313397316729051,9
7641-TQFHN,Two year,Fiber optic,Mailed check,39,24-48m,100.55,3895.35,3,0,0.10443854888202195,7
1552-TKMXS,Month-to-month,No,Credit card (automatic),42,24-48m,20.35,869.9,0,0,0.04542055173349786,8
9206-GVPEQ,Month-to-month,DSL,Electronic check,13,12-24m,54.45,706.85,4,1,0.46683089053576904,3
8622-ZLFKO,Month-to-month,Fiber optic,Electronic check,6,6-12m,90.75,512.25,2,0,0.7447682387422558,1
1596-BBVTG,Month-to-month,Fiber optic,Credit card (automatic),35,24-48m,75.35,2636.05,0,1,0.3240005372581223,4
6188-UXBBR,One year,No,Credit card (automatic),38,24-48m,20.25,814.75,0,0,0.03659349766205217,8
2333-KWEWW,Two year,No,Credit card (automatic),18,12-24m,20.05,388.6,0,0,0.030664833292859878,9
5702-SKUOB,Month-to-month,No,Mailed check,4,0-6m,19.6,93.45,0,0,0.1448544663862016,6
1134-YWTYF,Month-to-month,DSL,Electronic check,27,24-48m,53.8,1389.85,2,0,0.2062598667016299,5
6061-GWWAV,One year,DSL,Mailed check,41,24-48m,70.2,2894.55,4,0,0.04160085216716435,8
0679-TDGAK,One year,DSL,Electronic check,50,48-72m,75.5,4025.6,4,0,0.04361945653182242,8
6585-WCEWR,Two year,No,Electronic check,72,72m+,20.35,1354.4,0,0,0.006147401307363135,10
9067-YGSCA,One year,No,Credit card (automatic),70,48-72m,26.05,1856.4,0,0,0.01275255545309879,10
9067-SQTNS,One year,No,Bank transfer (automatic),44,24-48m,20.6,926.0,0,0,0.018060634820186067,9
8433-WXGNA,Month-to-month,Fiber optic,Electronic check,2,0-6m,75.7,189.2,1,1,0.6160845933751449,2
1776-SPBWV,One year,No,Bank transfer (automatic),34,24-48m,20.1,682.1,0,0,0.035527407963049096,8
8735-SDUFN,Two year,No,Bank transfer (automatic),72,72m+,24.3,1778.7,0,0,0.007805095173251583,10
9668-PUGNU,Two year,No,Electronic check,71,48-72m,24.5,1816.2,0,0,0.014055490313581396,10
9405-GPBBG,Two year,Fiber optic,Credit card (automatic),64,48-72m,110.5,7069.25,5,0,0.0705306904833981,7
1926-QUZNN,Two year,No,Bank transfer (automatic),72,72m+,25.25,1841.2,0,0,0.008676576885188997,10
3707-GNWHM,Month-to-month,Fiber optic,Mailed check,1,0-6m,74.25,74.25,0,1,0.6800846235288669,1
7016-NVRIC,One year,Fiber optic,Bank transfer (automatic),29,24-48m,90.1,2656.7,3,0,0.1748934374447943,6
5829-NVSQN,One year,DSL,Bank transfer (automatic),23,12-24m,68.75,1689.45,4,0,0.08195540668087464,7
9565-AXSMR,Two year,No,Mailed check,52,48-72m,19.2,1054.75,0,0,0.007959685360431462,10
8922-LIEGH,Month-to-month,Fiber optic,Electronic check,25,24-48m,89.7,2187.55,2,1,0.6788187285394868,1
8869-LIHMK,Two year,Fiber optic,Bank transfer (automatic),64,48-72m,115.1,7334.05,6,0,0.04945347159906862,8
8245-UMPYT,Month-to-month,Fiber optic,Electronic check,16,12-24m,96.4,1581.2,2,1,0.8035413025863027,1
5186-SAMNZ,Month-to-month,Fiber optic,Bank transfer (automatic),1,0-6m,69.5,69.5,0,1,0.6638613058253254,2
0447-RXSGD,Month-to-month,Fiber optic,Bank transfer (automatic),24,24-48m,99.65,2404.85,3,0,0.609070291719465,2
4927-WWOOZ,Month-to-month,Fiber optic,Electronic check,2,0-6m,91.45,171.45,2,0,0.7895446360281871,1
5788-YPOEG,Two year,DSL,Mailed check,34,24-48m,84.75,2839.45,6,0,0.024828538208361124,9
5373-SFODM,Month-to-month,Fiber optic,Credit card (automatic),36,24-48m,85.25,3132.75,1,1,0.49057130075297956,3
0661-KBKPA,One year,DSL,Mailed check,53,48-72m,78.75,3942.45,4,0,0.06843937816491988,7
9081-WWXKP,Two year,No,Credit card (automatic),47,24-48m,20.25,873.4,0,0,0.009418544810778171,10
0784-ZQJZX,Two year,No,Credit card (automatic),72,72m+,19.9,1529.65,0,0,0.004437455887153799,10
3133-PZNSR,Two year,Fiber optic,Credit card (automatic),72,72m+,97.75,6991.6,4,0,0.02516391904016641,9
5766-ZJYBB,Month-to-month,No,Mailed check,1,0-6m,19.4,19.4,0,1,0.1687244974163294,6
8931-GJJIQ,Month-to-month,Fiber optic,Electronic check,9,6-12m,83.3,803.3,1,1,0.7668013572193269,1
4277-PVRAN,Month-to-month,Fiber optic,Bank transfer (automatic),8,6-12m,80.1,679.3,1,1,0.6287256976201431,2
0022-TCJCI,One year,DSL,Credit card (automatic),45,24-48m,62.7,2791.5,3,1,0.056987639399145765,8
0722-SVSFK,Month-to-month,Fiber optic,Electronic check,7,6-12m,100.4,715.0,4,0,0.700784454126173,1
3612-YVGSJ,Two year,No,Credit card (automatic),71,48-72m,24.45,1681.6,0,0,0.009349844907173529,10
9825-YCXWZ,One year,Fiber optic,Bank transfer (automatic),41,24-48m,101.1,4016.2,4,0,0.22479927565066252,5
5397-NSKQG,Two year,DSL,Credit card (automatic),67,48-72m,50.9,3281.65,3,0,0.021205682953732447,9
8565-HBFNN,One year,Fiber optic,Credit card (automatic),69,48-72m,107.2,7317.1,5,0,0.04971644681586903,8
2000-DHJUY,Two year,DSL,Bank transfer (automatic),70,48-72m,92.2,6474.45,6,0,0.019084531864341107,9
0203-HHYIJ,One year,No,Bank transfer (automatic),25,24-48m,25.3,676.35,0,1,0.055232554550346306,8
8670-ERCJH,Two year,Fiber optic,Bank transfer (automatic),72,72m+,113.4,8164.1,6,0,0.028470179058382,9
7758-UJWYS,Two year,DSL,Electronic check,34,24-48m,40.55,1325.85,2,0,0.1008647352057329,7
2050-ONYDQ,Two year,No,Credit card (automatic),65,48-72m,26.0,1654.85,0,0,0.006752613658589707,10
7055-JCGNI,Two year,Fiber optic,Credit card (automatic),70,48-72m,111.95,7795.95,6,0,0.044818874609204744,8
0739-UUAJR,Two year,DSL,Credit card (automatic),72,72m+,53.8,3952.45,4,0,0.02591649742461775,9
4826-DXMUP,One year,DSL,Mailed check,35,24-48m,72.1,2495.15,3,0,0.09308937188177385,7
0952-KMEEH,Month-to-month,Fiber optic,Mailed check,13,12-24m,98.15,1230.25,3,1,0.5549419228691064,2
7285-KLOTR,One year,DSL,Electronic check,12,12-24m,78.85,876.75,4,0,0.2688208124451659,5
0654-PQKDW,One year,DSL,Bank transfer (automatic),62,48-72m,70.75,4263.45,4,0,0.020786729165415855,9
7175-NTIXE,Month-to-month,DSL,Credit card (automatic),25,24-48m,76.15,1992.95,4,0,0.1978037403955679,5
7963-SHNDT,Two year,DSL,Mailed check,52,48-72m,39.1,1982.1,3,0,0.01652174616714745,9
9796-BPKIW,Month-to-month,Fiber optic,Credit card (automatic),8,6-12m,69.95,562.7,0,0,0.6121968992991822,2
0188-GWFLE,Month-to-month,No,Mailed check,2,0-6m,20.05,33.7,0,0,0.16191296261676044,6
8129-GMVGI,Two year,No,Mailed check,56,48-72m,20.05,1090.1,0,0,0.006823611451229388,10
2882-DDZPG,Month-to-month,No,Bank transfer (automatic),12,12-24m,19.45,227.45,0,0,0.12330532719456808,6
3547-LQRIK,One year,No,Electronic check,47,24-48m,26.9,1250.85,0,0,0.037064157748852765,8
9137-NOQKA,Month-to-month,No,Electronic check,2,0-6m,19.2,37.2,0,0,0.2755399159934398,4
5843-TTHGI,Month-to-month,DSL,Mailed check,18,12-24m,50.0,892.7,1,0,0.26512416561256225,5
1849-RJYIG,Month-to-month,DSL,Electronic check,8,6-12m,60.0,487.75,2,0,0.432514469264709,3
8868-GAGIO,Month-to-month,Fiber optic,Mailed check,45,24-48m,84.55,3713.95,2,0,0.23211792914197843,5
4061-UKJWL,Month-to-month,DSL,Mailed check,3,0-6m,45.45,141.7,0,0,0.29973392148913436,4
5380-XPJNZ,One year,No,Mailed check,38,24-48m,20.05,678.2,0,0,0.02755611489516679,9
8263-QMNTJ,Two year,Fiber optic,Electronic check,72,72m+,115.55,8425.3,6,0,0.053398686892304204,8
8178-EYZUO,Month-to-month,Fiber optic,Electronic check,46,24-48m,93.7,4154.8,3,1,0.3740257306591966,4
3230-JCNZS,Two year,Fiber optic,Credit card (automatic),71,48-72m,99.0,7061.65,4,0,0.03736304154611428,8
0277-ORXQS,Two year,DSL,Bank transfer (automatic),66,48-72m,50.55,3364.55,3,0,0.0217847605877991,9
5130-IEKQT,Month-to-month,Fiber optic,Mailed check,25,24-48m,105.95,2655.25,4,1,0.5550253523556212,2
3230-WYKIR,One year,DSL,Credit card (automatic),18,12-24m,82.0,1425.45,4,1,0.22038229162086395,5
7996-BPXHY,Two year,No,Bank transfer (automatic),13,12-24m,25.0,332.5,0,0,0.05246512447603798,8
3227-WLKLI,Two year,DSL,Bank transfer (automatic),65,48-72m,91.55,5963.95,6,0,0.011381261029286242,10
0407-BDJKB,Month-to-month,Fiber optic,Electronic check,60,48-72m,95.75,5742.9,3,1,0.33216705211280695,4
2266-FUBDZ,Two year,No,Mailed check,15,12-24m,19.35,278.85,0,0,0.027011860380783834,9
8237-ULIXL,Two year,No,Credit card (automatic),72,72m+,24.85,1871.85,0,0,0.0063540690215160905,10
9600-UDOPK,Month-to-month,Fiber optic,Credit card (automatic),30,24-48m,94.05,2866.45,2,1,0.5718553741490754,2
8216-AZUUZ,Two year,Fiber optic,Electronic check,42,24-48m,100.4,4303.65,4,0,0.1363262984004167,6
9153-BTBVV,Two year,No,Bank transfer (automatic),71,48-72m,25.0,1753.0,0,0,0.006402252783047716,10
4074-SJFFA,Month-to-month,DSL,Mailed check,1,0-6m,54.75,54.75,1,1,0.4559724938856701,3
3269-ATYWD,Month-to-month,Fiber optic,Bank transfer (automatic),39,24-48m,95.65,3759.05,2,1,0.5539931983635121,2
5186-PEIZU,Month-to-month,No,Bank transfer (automatic),35,24-48m,19.25,617.65,0,0,0.06119637670772951,8
1074-AMIOH,Month-to-month,Fiber optic,Bank transfer (automatic),53,48-72m,108.25,5935.1,5,0,0.18105072372696784,5
4910-GMJOT,Month-to-month,Fiber optic,Electronic check,1,0-6m,94.6,94.6,2,1,0.8507575323529041,1
0354-WYROK,Month-to-month,Fiber optic,Electronic check,31,24-48m,98.9,2911.3,4,1,0.5186223895458515,3
4361-FEBGN,Two year,No,Credit card (automatic),48,48-72m,20.15,982.95,0,0,0.011370507373737425,10
7748-UMTRK,Month-to-month,Fiber optic,Electronic check,30,24-48m,101.3,2974.5,3,0,0.6074522082891108,2
0380-ZCSBI,Month-to-month,No,Credit card (automatic),10,6-12m,20.0,198.7,0,0,0.13180508120113094,6
7145-FEJWU,Month-to-month,Fiber optic,Electronic check,12,12-24m,105.3,1275.65,4,0,0.749868687920283,1
6463-MVYRY,Two year,DSL,Bank transfer (automatic),57,48-72m,69.85,4003.0,4,0,0.015362263901205977,9
3969-JQABI,Month-to-month,DSL,Credit card (automatic),58,48-72m,65.25,3791.6,3,0,0.07346186314036061,7
9624-EGDEQ,Two year,No,Mailed check,37,24-48m,19.8,813.3,0,0,0.016084978823236482,9
1051-EQPZR,Month-to-month,No,Mailed check,44,24-48m,19.6,780.25,0,0,0.03669048017216647,8
5849-ASHZJ,One year,No,Credit card (automatic),27,24-48m,20.05,552.9,0,0,0.035127213406762,8
5780-INQIK,Month-to-month,DSL,Electronic check,8,6-12m,49.4,408.25,1,0,0.28746932054559954,4
7576-OYWBN,Month-to-month,Fiber optic,Electronic check,3,0-6m,76.05,231.8,0,1,0.7858579689925219,1
4526-ZJJTM,Month-to-month,Fiber optic,Bank transfer (automatic),25,24-48m,88.4,2191.15,3,0,0.4040289613227113,3
8384-FZBJK,Month-to-month,Fiber optic,Electronic check,57,48-72m,100.6,5611.7,3,0,0.3833391789393588,4
3750-RNQKR,Month-to-month,No,Mailed check,12,12-24m,19.45,246.25,0,0,0.12281799634601416,6
0962-CQPWQ,Two year,No,Bank transfer (automatic),62,48-72m,20.3,1296.15,0,0,0.00557469352022607,10
3096-YXENJ,Two year,Fiber optic,Bank transfer (automatic),65,48-72m,107.65,7082.85,5,0,0.06656079820099814,7
1265-BCFEO,Two year,DSL,Bank transfer (automatic),71,48-72m,80.45,5662.25,4,0,0.024211038695002633,9
5837-LXSDN,One year,DSL,Credit card (automatic),21,12-24m,58.85,1215.45,2,0,0.14855848861162502,6
5945-AZYHT,One year,Fiber optic,Electronic check,71,48-72m,109.6,7854.15,5,0,0.13332861850489516,6
8325-QRPZR,Month-to-month,Fiber optic,Electronic check,7,6-12m,75.15,525.0,1,0,0.6591799342356052,2
6384-VMJHP,Two year,DSL,Credit card (automatic),72,72m+,73.0,5265.2,5,0,0.009709423948283767,10
2262-SLNVK,Month-to-month,Fiber optic,Electronic check,1,0-6m,70.1,70.1,0,0,0.6317796758265372,2
7730-CLDSV,Two year,Fiber optic,Bank transfer (automatic),72,72m+,98.65,7129.45,4,0,0.03358751098656097,8
1135-HIORI,One year,Fiber optic,Electronic check,64,48-72m,111.45,7266.95,5,0,0.13946938428606334,6
0164-APGRB,Two year,Fiber optic,Electronic check,72,72m+,114.9,8496.7,6,0,0.05817864932982599,8
6481-ESCNL,Month-to-month,Fiber optic,Bank transfer (automatic),29,24-48m,100.55,2878.75,3,0,0.49259789436258106,3
1790-NESIO,Two year,No,Mailed check,13,12-24m,20.4,261.3,0,0,0.04858211867201466,8
1550-EENBN,Month-to-month,Fiber optic,Electronic check,31,24-48m,104.35,3205.6,4,0,0.4851335491783438,3
5539-TMZLF,Month-to-month,Fiber optic,Electronic check,1,0-6m,69.75,69.75,0,1,0.7522299708315714,1
4323-SADQS,Month-to-month,DSL,Electronic check,7,6-12m,34.5,279.25,2,1,0.34683513202976746,4
4446-BZKHU,Month-to-month,Fiber optic,Electronic check,61,48-72m,105.55,6281.45,4,1,0.3809784793065582,4
5202-IVJNU,Month-to-month,DSL,Credit card (automatic),39,24-48m,30.1,1131.3,1,1,0.15313604325608715,6
5976-JCJRH,Month-to-month,Fiber optic,Electronic check,10,6-12m,70.3,738.2,0,1,0.6231867620322783,2
8198-RKSZG,Month-to-month,DSL,Credit card (automatic),14,12-24m,80.45,1137.05,4,0,0.26628591572856136,5
0137-OCGAB,Month-to-month,Fiber optic,Mailed check,1,0-6m,80.2,80.2,1,1,0.6559147931035986,2
3351-NQLDI,One year,Fiber optic,Credit card (automatic),67,48-72m,94.35,6341.45,3,1,0.05460222882371854,8
9297-EONCV,Two year,DSL,Bank transfer (automatic),72,72m+,91.35,6697.2,6,0,0.015866970313082377,9
7593-JNWRU,Month-to-month,DSL,Bank transfer (automatic),6,6-12m,44.6,260.8,0,1,0.31002399735354447,4
4588-YBNIB,Month-to-month,No,Mailed check,1,0-6m,19.6,19.6,0,1,0.22208281100534125,5
1069-QJOEE,One year,No,Electronic check,25,24-48m,19.9,505.45,0,0,0.05197848978269291,8
3336-JORSO,Month-to-month,Fiber optic,Electronic check,33,24-48m,110.45,3655.45,5,1,0.5971429365083457,2
7799-DSEWS,Month-to-month,DSL,Electronic check,18,12-24m,68.35,1299.8,4,0,0.27926581280641116,4
8766-PAFNE,Two year,DSL,Credit card (automatic),71,48-72m,79.1,5564.85,5,0,0.01771028313829129,9
5315-CKEQK,One year,DSL,Electronic check,28,24-48m,51.0,1381.8,0,0,0.20722655362849504,5
3130-ICDUP,Month-to-month,Fiber optic,Credit card (automatic),2,0-6m,80.55,188.1,1,0,0.46477528586141664,3
0820-FNRNX,Month-to-month,DSL,Mailed check,17,12-24m,66.7,1077.05,3,0,0.19732611942436062,5
0880-FVFWF,Month-to-month,Fiber optic,Electronic check,56,48-72m,86.4,4922.4,2,0,0.23892769250083767,5
4611-ANLQC,One year,DSL,Electronic check,60,48-72m,50.05,2911.5,4,0,0.054798122697010176,8
4213-HKBJO,Two year,No,Credit card (automatic),33,24-48m,25.7,826.1,0,0,0.024468991620258562,9
2792-LSHWX,Month-to-month,Fiber optic,Mailed check,1,0-6m,83.4,83.4,3,0,0.420379522578434,3
5028-GZLDO,Month-to-month,Fiber optic,Credit card (automatic),2,0-6m,70.7,140.7,0,1,0.5195089879695349,3
0014-BMAQU,Two year,Fiber optic,Credit card (automatic),63,48-72m,84.65,5377.8,2,0,0.032005970843739,9
6861-XWTWQ,Month-to-month,Fiber optic,Electronic check,7,6-12m,99.25,665.45,3,1,0.8409391751072387,1
9018-PCIOK,Two year,DSL,Mailed check,55,48-72m,64.75,3617.1,3,0,0.032276262568634036,9
4837-QUSFT,One year,Fiber optic,Bank transfer (automatic),65,48-72m,100.15,6643.5,4,0,0.06327549613761177,7
6877-TJMBR,Month-to-month,Fiber optic,Electronic check,1,0-6m,84.8,84.8,2,1,0.6843070181895976,1
9953-ZMKSM,Two year,No,Mailed check,63,48-72m,25.25,1559.3,0,0,0.008915533657897988,10
0907-HQNTS,Two year,Fiber optic,Credit card (automatic),70,48-72m,113.0,7987.6,6,0,0.050045174999196786,8
7665-NKLAV,Two year,DSL,Credit card (automatic),36,24-48m,40.65,1547.35,3,0,0.023724465470554585,9
6769-DCQLI,One year,Fiber optic,Bank transfer (automatic),52,48-72m,105.0,5426.85,5,1,0.13196367717614751,6
2433-KMEAS,Month-to-month,DSL,Electronic check,22,12-24m,54.45,1127.35,1,1,0.3200586496639305,4
4391-LNRXK,Month-to-month,Fiber optic,Bank transfer (automatic),22,12-24m,94.95,2142.8,4,0,0.38287957611906254,4
8250-ZNGGW,Month-to-month,DSL,Credit card (automatic),5,0-6m,59.9,287.85,3,0,0.18740314086029833,5
2195-ZRVAX,Month-to-month,Fiber optic,Electronic check,47,24-48m,85.3,4045.65,2,1,0.3721294475814829,4
3550-SAHFP,Month-to-month,Fiber optic,Electronic check,33,24-48m,83.35,2757.85,1,1,0.5942639135122125,2
2011-TRQYE,Month-to-month,DSL,Credit card (automatic),18,12-24m,33.5,600.0,2,1,0.3638831104388069,4
8562-GHPPI,Month-to-month,No,Credit card (automatic),1,0-6m,19.8,19.8,0,0,0.17115847040484497,6
5893-PYOLZ,Two year,DSL,Credit card (automatic),56,48-72m,81.8,4534.45,5,0,0.02927562615980135,9
4986-MXSFP,Month-to-month,No,Mailed check,2,0-6m,20.0,40.9,0,0,0.21468864440676722,5
6131-FOYAS,Month-to-month,DSL,Electronic check,35,24-48m,59.6,2094.9,2,0,0.22835492312998054,5
3027-YNWZU,Two year,No,Credit card (automatic),64,48-72m,25.0,1584.8,0,0,0.008270586697364442,10
5609-IMCGG,Month-to-month,Fiber optic,Credit card (automatic),15,12-24m,84.35,1302.65,2,0,0.4799690874940603,3
4873-ILOLJ,Month-to-month,Fiber optic,Electronic check,24,24-48m,90.35,2238.5,2,1,0.6593095315965227,2
4727-MCYZG,Month-to-month,DSL,Mailed check,1,0-6m,55.55,55.55,1,0,0.3677502101601712,4
9481-WHGWY,Two year,DSL,Credit card (automatic),70,48-72m,75.35,5437.75,4,0,0.008490083329309764,10
2725-KXXWT,Month-to-month,Fiber optic,Electronic check,1,0-6m,90.75,90.75,2,1,0.7940204464166376,1
9565-DJPIB,Month-to-month,Fiber optic,Mailed check,4,0-6m,89.6,365.65,2,1,0.5935784857464307,2
4328-VUFWD,One year,DSL,Electronic check,39,24-48m,59.3,2209.15,2,0,0.0820532529384233,7
3301-LSLWQ,Month-to-month,DSL,Electronic check,29,24-48m,66.1,1912.15,2,0,0.31278616151465977,4
7473-ZBDSN,Two year,No,Mailed check,14,12-24m,18.8,255.55,0,0,0.028273599615340282,9
3166-PNEOF,Two year,DSL,Credit card (automatic),61,48-72m,86.45,5175.3,5,0,0.018033241050102213,9
5639-NTUPK,Month-to-month,DSL,Credit card (automatic),13,12-24m,52.1,670.65,1,0,0.2037181738718245,5
8780-YRMTT,Two year,DSL,Mailed check,66,48-72m,47.4,3177.25,4,0,0.013197811054900716,10
8348-HFYIV,Month-to-month,DSL,Electronic check,2,0-6m,49.25,90.35,3,1,0.7341177873607246,1
5140-FOMCQ,One year,Fiber optic,Credit card (automatic),59,48-72m,109.15,6557.75,5,0,0.1334458809636997,6
6242-SGYTS,One year,Fiber optic,Credit card (automatic),62,48-72m,94.95,5791.85,3,0,0.08656582271025956,7
8166-ORCHU,One year,Fiber optic,Electronic check,33,24-48m,93.55,3055.5,4,0,0.21649047458089876,5
8414-OOEEL,Two year,DSL,Credit card (automatic),66,48-72m,79.5,5196.1,5,0,0.019292002569784875,9
8454-AATJP,Two year,Fiber optic,Credit card (automatic),72,72m+,115.05,8405.0,6,0,0.02799019011521713,9
6849-WLEYG,Month-to-month,No,Mailed check,1,0-6m,19.75,19.75,0,1,0.14809382192309206,6
4659-NZRUF,Month-to-month,Fiber optic,Electronic check,19,12-24m,95.15,1789.25,3,1,0.5886498699030174,2
4531-AUZNK,One year,Fiber optic,Mailed check,51,48-72m,95.15,5000.05,3,0,0.09205550083923555,7
4191-XOVOM,Month-to-month,Fiber optic,Electronic check,63,48-72m,105.4,6713.2,4,0,0.2398098798377329,5
2150-OEGBV,One year,No,Bank transfer (automatic),27,24-48m,20.1,562.6,0,0,0.039537165577275615,8
8429-XIBUM,Month-to-month,Fiber optic,Bank transfer (automatic),22,12-24m,101.35,2317.1,3,1,0.5475847375902116,2
1855-CFULU,Month-to-month,No,Mailed check,4,0-6m,20.05,91.45,0,0,0.1831572189240048,5
4878-BUNFV,Two year,No,Mailed check,42,24-48m,20.7,828.85,0,0,0.01071649895563332,10
1872-EBWSC,One year,No,Mailed check,29,24-48m,20.35,617.35,0,0,0.036684401884462,8
2608-BHKFN,Month-to-month,Fiber optic,Credit card (automatic),4,0-6m,70.05,266.9,0,1,0.5920552687913928,2
7026-YMSBE,One year,No,Mailed check,30,24-48m,19.7,625.05,0,0,0.036056249556726185,8
7341-LXCAF,Month-to-month,Fiber optic,Electronic check,4,0-6m,74.65,301.4,0,1,0.7328301971694059,1
6997-UVGOX,Two year,DSL,Bank transfer (automatic),71,48-72m,85.45,6029.9,6,0,0.007189323888581499,10
9674-EHPPG,Two year,DSL,Credit card (automatic),46,24-48m,40.4,1842.7,3,0,0.019817334539090854,9
9462-MJUAW,Month-to-month,DSL,Mailed check,4,0-6m,50.4,206.6,0,1,0.3560228150087747,4
8128-YVJRG,Month-to-month,Fiber optic,Mailed check,7,6-12m,79.65,604.7,1,1,0.5443601908472956,2
5440-VHLUL,One year,Fiber optic,Bank transfer (automatic),69,48-72m,105.2,7386.05,4,0,0.10441515656457247,7
5781-BKHOP,Two year,Fiber optic,Bank transfer (automatic),72,72m+,100.65,7334.05,4,0,0.028073367674096433,9
4283-FUTGF,Month-to-month,Fiber optic,Electronic check,19,12-24m,79.85,1471.75,1,1,0.6830300724023062,1
5213-TWWJU,Month-to-month,Fiber optic,Electronic check,28,24-48m,91.0,2626.15,3,0,0.3708662419909787,4
1569-TTNYJ,Month-to-month,Fiber optic,Electronic check,5,0-6m,78.75,412.1,1,1,0.7132280471181045,1
8628-MFKAX,Two year,Fiber optic,Credit card (automatic),72,72m+,116.75,8277.05,6,0,0.043045868341105534,8
2397-BRLOM,Month-to-month,Fiber optic,Credit card (automatic),8,6-12m,80.45,583.45,1,1,0.6307449701303078,2
7629-WIXZF,One year,DSL,Electronic check,7,6-12m,59.1,369.25,2,0,0.26989987507006735,5
5445-GLVOT,Month-to-month,DSL,Electronic check,22,12-24m,49.8,1049.05,1,0,0.2591671427505308,5
3976-HXHCE,Two year,No,Bank transfer (automatic),72,72m+,19.3,1414.8,0,0,0.005093629758981556,10
2466-NEJOJ,Month-to-month,No,Credit card (automatic),8,6-12m,19.65,169.75,0,0,0.11599909342757281,6
0254-KCJGT,One year,DSL,Credit card (automatic),52,48-72m,81.4,4354.45,5,0,0.03800832305496427,8
5472-CVMDX,Two year,DSL,Mailed check,68,48-72m,38.9,2719.2,3,0,0.010384810193448335,10
6461-SZMCV,Two year,DSL,Bank transfer (automatic),71,48-72m,87.95,6365.35,6,0,0.01174321612455903,10
8150-QUDFX,Month-to-month,No,Mailed check,2,0-6m,19.85,51.6,0,0,0.16257051155330862,6
9508-ILZDG,Month-to-month,Fiber optic,Electronic check,34,24-48m,96.35,3190.25,3,0,0.5298246892013518,3
2346-DJQTB,Month-to-month,DSL,Electronic check,35,24-48m,24.15,812.5,0,0,0.2749878090291078,4
1697-LYYYX,One year,No,Credit card (automatic),61,48-72m,19.1,1143.8,0,0,0.010888705018514742,10
1942-OQFRW,Month-to-month,DSL,Electronic check,1,0-6m,44.0,44.0,0,0,0.4241782782822523,3
4749-VFKVB,Month-to-month,DSL,Mailed check,1,0-6m,50.1,50.1,0,1,0.465427437067719,3
9640-ZSLDC,One year,DSL,Credit card (automatic),53,48-72m,60.6,3297.0,2,0,0.03846960283404617,8
4231-LZUYM,Two year,No,Bank transfer (automatic),72,72m+,25.65,1887.0,0,0,0.006095735417173866,10
7598-UAASY,Month-to-month,Fiber optic,Electronic check,2,0-6m,76.4,151.8,1,1,0.593053364222506,2
7938-OUHIO,Month-to-month,Fiber optic,Electronic check,3,0-6m,98.7,293.65,4,1,0.7362837595204245,1
8510-AWCXC,Month-to-month,Fiber optic,Electronic check,13,12-24m,100.8,1308.1,3,1,0.7612106434135284,1
6128-AQBMT,Month-to-month,DSL,Electronic check,41,24-48m,53.95,2215.4,4,0,0.4417200608872722,3
3594-BDSOA,One year,No,Credit card (automatic),24,24-48m,20.4,482.8,0,0,0.04112480146398123,8
0431-APWVY,One year,Fiber optic,Bank transfer (automatic),28,24-48m,90.1,2598.95,2,1,0.30276540244197553,4
5133-VRSAB,Month-to-month,DSL,Mailed check,8,6-12m,29.35,216.45,1,0,0.29502368987117855,4
5996-DAOQL,Month-to-month,No,Mailed check,1,0-6m,20.45,20.45,0,0,0.2185510220425151,5
6838-YAUVY,Two year,Fiber optic,Bank transfer (automatic),54,48-72m,95.1,5064.85,3,0,0.07717967125038361,7
0484-JPBRU,Month-to-month,No,Bank transfer (automatic),41,24-48m,25.25,996.45,0,0,0.08929378032022316,7
7883-ROJOC,Month-to-month,DSL,Mailed check,19,12-24m,44.9,839.65,0,0,0.19020615291738738,5
0244-LGNFY,Two year,DSL,Bank transfer (automatic),72,72m+,92.65,6733.0,6,0,0.008779902653749354,10
7274-CGTOD,Two year,DSL,Bank transfer (automatic),62,48-72m,43.7,2618.3,4,0,0.01653148054172405,9
4295-YURET,Two year,DSL,Credit card (automatic),56,48-72m,72.6,4084.35,4,0,0.025073538610115163,9
3426-NIYYL,Month-to-month,DSL,Electronic check,15,12-24m,51.55,765.5,0,1,0.3658554741068081,4
8225-BTJAU,Month-to-month,Fiber optic,Electronic check,10,6-12m,79.25,793.55,1,1,0.7430022295757867,1
4635-EJYPD,Two year,No,Mailed check,32,24-48m,18.95,613.95,0,0,0.015574788327167698,9
1866-ZSLJM,Month-to-month,No,Credit card (automatic),21,12-24m,20.5,402.85,0,0,0.09386812536049029,7
4636-TVXVG,One year,No,Bank transfer (automatic),62,48-72m,19.95,1244.8,0,0,0.010093664725853494,10
4236-UJPWO,Month-to-month,DSL,Electronic check,2,0-6m,24.5,46.4,0,0,0.5330503409201642,3
9392-XBGTD,Two year,No,Mailed check,27,24-48m,20.6,581.85,0,0,0.019020881891046153,9
3387-VATUS,Month-to-month,Fiber optic,Bank transfer (automatic),5,0-6m,94.85,462.8,2,1,0.7620377788842825,1
6402-SSEJG,One year,DSL,Electronic check,25,24-48m,61.05,1540.2,5,0,0.2130310547206081,5
1143-NMNQJ,Month-to-month,Fiber optic,Electronic check,2,0-6m,85.7,169.8,1,1,0.7970255349834283,1
1169-SAOCL,One year,Fiber optic,Bank transfer (automatic),49,48-72m,106.65,5168.1,4,0,0.1807530930555965,5
1110-KYLGQ,Month-to-month,Fiber optic,Credit card (automatic),63,48-72m,108.25,6780.1,5,0,0.17562578650449792,6
9929-PLVPA,Month-to-month,No,Credit card (automatic),4,0-6m,20.4,94.5,0,0,0.13712687542834498,6
3518-PZXZQ,Month-to-month,DSL,Mailed check,1,0-6m,55.3,55.3,1,0,0.4515871548938087,3
2371-JUNGC,Month-to-month,No,Mailed check,11,6-12m,20.25,208.0,0,0,0.12436636764268587,6
7693-QPEFS,Month-to-month,Fiber optic,Bank transfer (automatic),52,48-72m,72.95,3829.75,0,0,0.32969234469543535,4
0924-BJCRC,Month-to-month,Fiber optic,Electronic check,60,48-72m,89.45,5294.6,2,0,0.30063985168511953,4
5074-FBGHB,One year,Fiber optic,Credit card (automatic),64,48-72m,104.65,6889.8,4,0,0.13213564323184426,6
2351-BKRZW,Two year,DSL,Bank transfer (automatic),43,24-48m,75.2,3254.35,4,0,0.02828034516038495,9
4455-BFSPD,One year,Fiber optic,Bank transfer (automatic),61,48-72m,101.15,6383.9,3,0,0.09639770348654086,7
0415-MOSGF,Month-to-month,DSL,Mailed check,1,0-6m,44.4,44.4,0,1,0.3195426150463236,4
1724-BQUHA,Month-to-month,Fiber optic,Electronic check,5,0-6m,89.5,477.7,2,1,0.8229275799010365,1
3948-KXDUF,Two year,DSL,Bank transfer (automatic),66,48-72m,68.75,4447.55,4,0,0.008467460559881235,10
2323-ARSVR,Two year,Fiber optic,Electronic check,67,48-72m,111.05,7321.05,6,0,0.04709765984849566,8
0815-MFZGM,Two year,Fiber optic,Credit card (automatic),42,24-48m,99.0,4135.0,4,0,0.11111193505903716,7
4826-XTSOH,Month-to-month,Fiber optic,Electronic check,1,0-6m,86.05,86.05,1,1,0.8326953364826363,1
5480-XTFFL,Two year,No,Mailed check,31,24-48m,21.0,697.7,0,0,0.015332251776707731,9
8295-FHIVV,Month-to-month,No,Mailed check,7,6-12m,19.4,168.65,0,0,0.18990790058249926,5
2495-INZWQ,Month-to-month,DSL,Electronic check,4,0-6m,44.55,174.3,2,1,0.7239540197493658,1
9086-YJYXS,One year,DSL,Bank transfer (automatic),34,24-48m,77.2,2753.8,3,0,0.11510027143800455,7
1179-INLAT,One year,No,Mailed check,3,0-6m,19.45,69.25,0,0,0.11655169347676961,6
7909-FIOIY,Month-to-month,DSL,Mailed check,19,12-24m,24.85,434.8,0,0,0.3177371519089412,4
4139-SUGLD,Month-to-month,DSL,Bank transfer (automatic),31,24-48m,35.4,1077.5,2,1,0.09584588899679664,7
6857-VWJDT,Month-to-month,Fiber optic,Mailed check,1,0-6m,95.65,95.65,2,1,0.7167992171484314,1
6351-SCJKT,Month-to-month,DSL,Mailed check,3,0-6m,41.35,107.25,3,0,0.24393728019320562,5
5468-BPMMO,Month-to-month,No,Electronic check,46,24-48m,19.6,851.2,0,0,0.06019264032053022,8
5624-BQSSA,Month-to-month,No,Mailed check,1,0-6m,20.95,20.95,0,1,0.16353098786775108,6
0197-PNKNK,One year,Fiber optic,Bank transfer (automatic),69,48-72m,84.45,5848.6,2,0,0.03925389247662347,8
2439-QKJUL,Month-to-month,No,Mailed check,5,0-6m,20.25,109.8,0,0,0.14806747887892618,6
1194-SPVSP,Month-to-month,No,Bank transfer (automatic),1,0-6m,19.65,19.65,0,0,0.16850980863536805,6
9534-NSXEM,One year,No,Credit card (automatic),26,24-48m,20.65,595.5,0,0,0.057245597533634486,8
2408-WITXK,Month-to-month,DSL,Electronic check,10,6-12m,34.7,329.8,1,1,0.6598025662168232,2
8929-KSWIH,Two year,Fiber optic,Bank transfer (automatic),25,24-48m,99.3,2513.5,4,0,0.14087871787072773,6
2250-IVBWA,Month-to-month,Fiber optic,Electronic check,64,48-72m,81.05,5135.35,2,0,0.093205604823109,7
1810-MVMAI,Month-to-month,DSL,Electronic check,30,24-48m,67.6,2000.2,4,0,0.11800879841160934,6
9506-UXUSK,Month-to-month,Fiber optic,Electronic check,13,12-24m,70.15,931.75,0,0,0.6179505499872224,2
1229-RCALF,One year,Fiber optic,Electronic check,64,48-72m,115.0,7396.15,6,0,0.11890299516840941,6
3572-UOLYZ,Month-to-month,Fiber optic,Bank transfer (automatic),46,24-48m,84.8,3958.85,2,0,0.21498564029374656,5
1429-UYJSV,One year,No,Mailed check,12,12-24m,19.7,260.9,0,0,0.06414451907567459,7
5577-OTWWW,Month-to-month,No,Bank transfer (automatic),15,12-24m,19.75,297.3,0,1,0.11207786067184417,7
6100-QQHEB,Month-to-month,Fiber optic,Electronic check,17,12-24m,92.55,1515.1,2,1,0.7369667193548938,1
6366-XIVKZ,Month-to-month,DSL,Mailed check,13,12-24m,63.15,816.8,3,0,0.24031493315752017,5
3470-OBUET,Two year,DSL,Credit card (automatic),67,48-72m,74.0,4868.4,4,0,0.0093197677542855,10
2770-NSVDG,Month-to-month,DSL,Electronic check,24,24-48m,29.1,688.0,1,0,0.3326308590836651,4
9375-MHRRS,Month-to-month,DSL,Mailed check,6,6-12m,50.05,288.35,1,0,0.21472225844457168,5
2634-HCZGT,One year,DSL,Electronic check,53,48-72m,60.05,3229.65,2,1,0.06093984799500557,8
7503-QQRVF,Month-to-month,Fiber optic,Credit card (automatic),16,12-24m,74.3,1178.25,1,1,0.5104980893488728,3
4860-YZGZM,Month-to-month,No,Electronic check,10,6-12m,20.0,185.4,0,0,0.1867195999041416,5
6599-GZWCM,One year,Fiber optic,Mailed check,13,12-24m,74.65,966.25,1,0,0.3225875614010642,4
2691-NZETQ,Month-to-month,Fiber optic,Electronic check,9,6-12m,85.35,758.6,1,1,0.7705523843558759,1
4404-HIBDJ,One year,DSL,Mailed check,25,24-48m,74.3,1863.8,5,1,0.058007256990688615,8
5533-NHFRF,Month-to-month,DSL,Electronic check,7,6-12m,44.4,265.8,3,0,0.5812010774077551,2
7037-MTYVW,Two year,DSL,Bank transfer (automatic),38,24-48m,85.4,3297.0,5,0,0.043269408030182706,8
4760-THGOT,Month-to-month,Fiber optic,Electronic check,43,24-48m,94.1,4107.3,3,0,0.3778241899075371,4
7295-JOMMD,Month-to-month,Fiber optic,Bank transfer (automatic),4,0-6m,98.1,396.3,4,1,0.6047030027352545,2
4016-BJKTZ,Two year,Fiber optic,Electronic check,25,24-48m,108.9,2809.05,5,0,0.23866684011689218,5
6584-VQMYT,One year,DSL,Mailed check,27,24-48m,56.2,1567.55,2,0,0.0483519871267442,8
9838-BFCQT,Two year,No,Mailed check,72,72m+,26.1,1851.45,0,0,0.005189461013058979,10
2790-XUYMV,One year,Fiber optic,Credit card (automatic),71,48-72m,85.45,6028.95,2,0,0.05172818503845896,8
0581-MDMPW,Month-to-month,Fiber optic,Credit card (automatic),24,24-48m,88.95,2072.75,2,0,0.5753927083654674,2
5013-SBUIH,Two year,Fiber optic,Electronic check,50,48-72m,109.65,5551.15,5,1,0.11764303344423138,6
1023-BQXZE,Two year,DSL,Bank transfer (automatic),57,48-72m,74.35,4317.35,4,0,0.03167986883439081,9
9163-GHAYE,Month-to-month,DSL,Electronic check,15,12-24m,48.85,736.8,1,0,0.2975271304803144,4
3904-UKFRE,Month-to-month,Fiber optic,Electronic check,4,0-6m,80.1,336.15,1,0,0.6700732974413381,1
5353-WILCI,Month-to-month,DSL,Electronic check,28,24-48m,56.05,1522.65,2,0,0.15259174088624292,6
0709-TVGUR,Month-to-month,Fiber optic,Electronic check,9,6-12m,74.55,622.9,0,1,0.7566763662662915,1
0058-EVZWM,Month-to-month,Fiber optic,Bank transfer (automatic),55,48-72m,89.8,4959.6,2,0,0.23168952259322065,5
6023-YEBUP,Month-to-month,Fiber optic,Electronic check,3,0-6m,100.95,329.95,3,1,0.8344520264001819,1
7209-JCUDS,Month-to-month,Fiber optic,Electronic check,10,6-12m,94.9,1048.85,3,1,0.7538136315698009,1
7009-PCARS,One year,No,Bank transfer (automatic),55,48-72m,19.1,1001.5,0,0,0.014000718426115583,10
0519-DRGTI,Month-to-month,No,Mailed check,20,12-24m,20.35,442.6,0,0,0.07737978748385889,7
1017-FBQMM,One year,Fiber optic,Credit card (automatic),62,48-72m,106.05,6703.5,4,0,0.10590523334769011,7
3001-CBHLQ,Month-to-month,Fiber optic,Electronic check,32,24-48m,104.9,3351.55,4,1,0.6109940392056284,2
1985-MBRYP,Two year,No,Bank transfer (automatic),43,24-48m,19.65,779.25,0,0,0.01868038424754799,9
6158-DWPZT,One year,DSL,Bank transfer (automatic),9,6-12m,24.1,259.8,0,1,0.21201401798106523,5
9372-TXXPS,Two year,DSL,Bank transfer (automatic),60,48-72m,59.85,3483.45,3,0,0.007188457940497282,10
3259-QMXUN,Two year,DSL,Electronic check,58,48-72m,86.1,4890.5,5,0,0.05056548720301449,8
1015-JPFYW,One year,No,Mailed check,7,6-12m,19.45,136.75,0,0,0.06583418580205959,7
6645-MXQJT,Month-to-month,Fiber optic,Electronic check,2,0-6m,97.1,184.15,3,0,0.6048939481125644,2
4360-QRAVE,Month-to-month,DSL,Electronic check,37,24-48m,36.65,1315.0,2,0,0.27089119061804734,4
8433-WPJTV,One year,Fiber optic,Bank transfer (automatic),65,48-72m,103.9,6767.1,4,0,0.12725904131976187,6
5804-JMYIO,Two year,No,Mailed check,39,24-48m,19.75,757.95,0,0,0.012113126045206962,10
3763-GCZHZ,One year,Fiber optic,Electronic check,66,48-72m,104.05,6890.0,4,1,0.15984532890514777,6
6484-LATFU,Two year,No,Mailed check,68,48-72m,24.55,1657.4,0,0,0.007673319750792915,10
7599-NTMDP,Two year,DSL,Bank transfer (automatic),62,48-72m,48.7,3008.55,4,0,0.013154680786416103,10
0772-GYEQQ,Month-to-month,Fiber optic,Mailed check,3,0-6m,88.35,262.05,3,1,0.5873066129308606,2
0536-ACXIP,Two year,Fiber optic,Electronic check,72,72m+,109.55,8165.1,5,0,0.07627713941259624,7
0936-NQLJU,Two year,No,Credit card (automatic),41,24-48m,20.65,875.55,0,0,0.013165012017405052,10
4831-EOBFE,Month-to-month,Fiber optic,Credit card (automatic),29,24-48m,94.65,2649.15,3,1,0.3021864494159771,4
1575-KRZZE,Month-to-month,DSL,Electronic check,4,0-6m,55.2,220.65,2,0,0.2918638654975545,4
3251-YMVWZ,One year,No,Bank transfer (automatic),53,48-72m,24.05,1301.9,0,0,0.022949511525568383,9
4102-OQUPX,Month-to-month,Fiber optic,Electronic check,1,0-6m,74.4,74.4,0,1,0.7912156701976963,1
9170-GYZJC,Month-to-month,DSL,Credit card (automatic),41,24-48m,79.9,3326.2,5,1,0.06856285144501859,7
4884-LEVMQ,Two year,No,Bank transfer (automatic),39,24-48m,20.45,790.0,0,0,0.01943101083565355,9
8857-CUPFQ,Two year,No,Mailed check,63,48-72m,19.25,1237.65,0,0,0.006367117423400364,10
7610-TVOPG,Month-to-month,No,Electronic check,15,12-24m,26.35,378.6,0,0,0.261524855366082,5
3638-DIMPH,One year,DSL,Electronic check,13,12-24m,43.8,592.65,0,0,0.1842377209936788,5
1845-ZLLIG,Month-to-month,DSL,Mailed check,1,0-6m,50.15,50.15,1,0,0.374234338667194,4
8559-WNQZS,Two year,No,Mailed check,1,0-6m,20.45,20.45,0,0,0.05126526193126662,8
3999-QGRJH,Month-to-month,Fiber optic,Electronic check,8,6-12m,69.7,560.85,0,1,0.706039882042274,1
1699-UOTXU,Two year,DSL,Electronic check,60,48-72m,61.4,3638.25,3,0,0.015974226191746373,9
2454-RPBRZ,Month-to-month,Fiber optic,Electronic check,12,12-24m,98.1,1060.2,3,1,0.7457407536451715,1
0635-WKOLD,One year,DSL,Credit card (automatic),40,24-48m,70.75,2921.75,3,0,0.0630199794884449,7
5993-JSUWV,Two year,DSL,Bank transfer (automatic),66,48-72m,61.15,4017.45,3,0,0.012049828294120296,10
4518-FZBSX,One year,No,Mailed check,42,24-48m,20.25,854.9,0,0,0.019368432994541204,9
5387-ASZNZ,One year,DSL,Credit card (automatic),66,48-72m,63.85,4174.35,3,0,0.027439275434164734,9
6988-CJEYV,Month-to-month,Fiber optic,Electronic check,49,48-72m,98.7,4920.55,3,0,0.42930409150582527,3
2002-MZHWP,Month-to-month,No,Mailed check,1,0-6m,20.5,20.5,0,1,0.16502539495426605,6
3097-FQTVJ,Two year,No,Mailed check,41,24-48m,20.0,810.3,0,0,0.014021039445440336,10
5465-BUBFA,Two year,No,Bank transfer (automatic),41,24-48m,19.3,772.4,0,0,0.011507637449537355,10
7299-GNVPL,Month-to-month,Fiber optic,Mailed check,23,12-24m,84.4,1936.85,3,0,0.1606872365162679,6
9743-DQKQW,Month-to-month,DSL,Electronic check,3,0-6m,25.1,79.8,0,0,0.5210462831615992,3
1215-VFYVK,Month-to-month,DSL,Mailed check,4,0-6m,48.25,202.25,4,0,0.2998394939725498,4
9371-BITHB,Two year,No,Mailed check,52,48-72m,19.85,1070.5,0,0,0.007836488372011436,10
2265-CYWIV,Month-to-month,Fiber optic,Electronic check,4,0-6m,99.6,347.65,3,1,0.8047260356879847,1
9093-FPDLG,Month-to-month,Fiber optic,Electronic check,11,6-12m,94.2,999.9,4,0,0.5858764077468089,2
0541-FITGH,Month-to-month,DSL,Mailed check,2,0-6m,62.15,113.1,2,0,0.33003237296092164,4
6985-HAYWX,Month-to-month,Fiber optic,Bank transfer (automatic),26,24-48m,79.3,2015.8,1,0,0.3564605427819503,4
7508-KBIMB,One year,DSL,Credit card (automatic),24,24-48m,56.25,1454.25,2,0,0.07452366671002074,7
6838-HVLXG,Month-to-month,No,Mailed check,12,12-24m,20.3,246.7,0,0,0.1206200466899808,6
2277-DJJDL,Month-to-month,Fiber optic,Electronic check,60,48-72m,99.0,6017.9,3,0,0.39037511602404357,3
1897-OKVMW,Two year,DSL,Mailed check,64,48-72m,90.6,5817.45,6,0,0.016852361168713845,9
5485-ITNPC,Two year,DSL,Bank transfer (automatic),66,48-72m,85.9,5595.3,6,0,0.013678394411900772,10
0233-FTHAV,One year,Fiber optic,Bank transfer (automatic),60,48-72m,79.2,4765.0,1,0,0.12383621704184149,6
4644-PIZRT,One year,DSL,Bank transfer (automatic),17,12-24m,70.35,1201.65,3,0,0.15663443988640485,6
8922-NPKBJ,Two year,No,Mailed check,42,24-48m,19.35,867.3,0,0,0.011068286564683737,10
2740-TVLFN,Month-to-month,DSL,Electronic check,1,0-6m,50.15,50.15,0,0,0.5746463758499998,2
7771-CFQRQ,Two year,DSL,Bank transfer (automatic),47,24-48m,63.8,3007.25,3,0,0.017894150710023853,9
9512-PHSMG,Month-to-month,No,Mailed check,10,6-12m,20.55,252.75,0,0,0.16051027589434777,6
6963-EZQEE,Two year,DSL,Credit card (automatic),70,48-72m,88.55,6306.5,6,0,0.021271135385008542,9
2452-KDRRH,Month-to-month,Fiber optic,Credit card (automatic),67,48-72m,101.4,6841.05,3,0,0.3221096232902759,4
2004-OCQXK,Month-to-month,Fiber optic,Electronic check,1,0-6m,81.95,81.95,1,1,0.7470391834904353,1
5027-QPKTE,Month-to-month,Fiber optic,Electronic check,7,6-12m,69.35,451.1,0,1,0.6518121969424854,2
4146-SVFUD,Month-to-month,DSL,Mailed check,1,0-6m,44.6,44.6,0,0,0.3184916284824696,4
1564-HJUVY,Month-to-month,DSL,Bank transfer (automatic),4,0-6m,63.75,226.2,3,0,0.3495491509414775,4
3617-XLSGQ,Two year,Fiber optic,Bank transfer (automatic),66,48-72m,109.25,7082.5,5,0,0.038665429889433535,8
7517-LDMPS,Month-to-month,Fiber optic,Electronic check,12,12-24m,84.6,1017.35,2,0,0.6645372581141792,2
7244-KXYZN,One year,No,Credit card (automatic),24,24-48m,20.45,527.35,0,0,0.04413822434517587,8
5226-NOZFC,Month-to-month,Fiber optic,Electronic check,26,24-48m,85.75,2146.5,2,0,0.5635051892900022,2
2672-HUYVI,Month-to-month,Fiber optic,Electronic check,6,6-12m,91.1,455.3,2,1,0.7769027440671109,1
1400-WIVLL,Two year,Fiber optic,Electronic check,57,48-72m,107.95,5969.85,4,0,0.08918100706906487,7
7508-MYBOG,Month-to-month,Fiber optic,Electronic check,14,12-24m,86.1,1235.55,1,1,0.7211128996474394,1
8148-NLEGT,Two year,No,Electronic check,42,24-48m,22.95,1014.25,0,0,0.023435503948212765,9
0148-DCDOS,Month-to-month,Fiber optic,Bank transfer (automatic),25,24-48m,94.7,2362.1,2,1,0.6211871150804356,2
8347-GDTMP,Two year,No,Credit card (automatic),64,48-72m,19.45,1225.65,0,0,0.006294439372538581,10
9992-RRAMN,Month-to-month,Fiber optic,Electronic check,22,12-24m,85.1,1873.7,1,1,0.6534696042551165,2
6746-WAUWT,One year,No,Credit card (automatic),19,12-24m,19.7,386.5,0,0,0.07290136178446122,7
0310-MVLET,Month-to-month,Fiber optic,Electronic check,61,48-72m,99.15,6010.05,3,1,0.36010476029438077,4
0428-IKYCP,Month-to-month,Fiber optic,Bank transfer (automatic),22,12-24m,87.0,1850.65,2,0,0.47791037253643404,3
4550-VBOFE,Month-to-month,Fiber optic,Electronic check,70,48-72m,102.95,7101.5,4,1,0.3754121630229069,4
2187-PKZAY,Month-to-month,Fiber optic,Bank transfer (automatic),12,12-24m,79.95,1043.4,1,0,0.5805702178308503,2
4003-OCTMP,One year,DSL,Electronic check,31,24-48m,64.0,1910.75,3,0,0.0968999146707662,7
6652-YFFJO,Month-to-month,DSL,Electronic check,11,6-12m,64.9,716.1,2,0,0.558824349324115,2
7225-IILWY,Two year,No,Mailed check,68,48-72m,25.75,1686.15,0,0,0.005982764392714822,10
5248-RPYWW,Two year,DSL,Bank transfer (automatic),72,72m+,90.15,6716.45,6,0,0.01624194027850828,9
7923-IYJWY,Two year,Fiber optic,Credit card (automatic),67,48-72m,116.1,7839.85,6,0,0.05507217845487943,8
3170-GWYKC,Month-to-month,Fiber optic,Bank transfer (automatic),60,48-72m,104.95,6236.75,5,0,0.15160570517299568,6
5696-QURRL,Month-to-month,DSL,Mailed check,1,0-6m,45.05,45.05,0,1,0.3951690739961666,3
7409-KIUTL,Month-to-month,Fiber optic,Electronic check,1,0-6m,71.0,71.0,0,1,0.7178526129956151,1
9830-ECLEN,One year,DSL,Mailed check,58,48-72m,50.0,2919.85,4,0,0.0357230417823382,8
1732-VHUBQ,Month-to-month,Fiber optic,Bank transfer (automatic),47,24-48m,70.55,3309.25,0,1,0.18845583797052043,5
0495-RVCBF,Month-to-month,Fiber optic,Electronic check,1,0-6m,79.7,79.7,1,1,0.7571850798675676,1
2668-TZSPS,Month-to-month,No,Mailed check,1,0-6m,20.45,20.45,0,0,0.16519211478497728,6
7854-EDSSA,Month-to-month,DSL,Electronic check,22,12-24m,59.0,1254.7,2,1,0.2360210900019167,5
8869-TORSS,One year,DSL,Credit card (automatic),48,48-72m,60.35,2896.4,3,1,0.031060932848910313,9
7446-SFAOA,One year,No,Bank transfer (automatic),37,24-48m,19.85,717.5,0,0,0.03733774340897792,8
9522-ZSINC,One year,No,Electronic check,13,12-24m,19.95,253.8,0,0,0.12636380396118216,6
8234-GSZYK,Two year,No,Bank transfer (automatic),43,24-48m,26.45,1110.05,0,0,0.016913365937988485,9
6505-OZNPG,Two year,DSL,Mailed check,6,6-12m,63.4,348.8,6,0,0.16184154580037094,6
6164-HAQTX,Two year,DSL,Bank transfer (automatic),71,48-72m,53.95,3888.65,5,0,0.011795759155483832,10
0679-IDSTG,Month-to-month,Fiber optic,Electronic check,1,0-6m,69.25,69.25,0,1,0.7111741707750905,1
7765-LWVVH,Two year,Fiber optic,Electronic check,72,72m+,95.1,6843.15,3,0,0.05352828565120617,8
1658-TJVOA,Month-to-month,Fiber optic,Electronic check,6,6-12m,74.1,450.9,1,0,0.6441296234023023,2
0953-LGOVU,Month-to-month,DSL,Mailed check,12,12-24m,35.5,432.25,2,0,0.2086212485351758,5
2115-BFTIW,Month-to-month,Fiber optic,Mailed check,25,24-48m,70.95,1767.35,0,1,0.3254662023167509,4
4692-NNQRU,One year,Fiber optic,Electronic check,21,12-24m,79.2,1742.45,2,0,0.2184730953129564,5
7742-MYPGI,Month-to-month,DSL,Mailed check,6,6-12m,48.8,297.35,1,0,0.24194678355488547,5
0611-DFXKO,Month-to-month,Fiber optic,Mailed check,20,12-24m,89.0,1820.45,2,1,0.5773323301059922,2
7780-OTDSO,Month-to-month,Fiber optic,Electronic check,18,12-24m,99.4,1742.95,3,1,0.6756028368391903,1
9619-GSATL,One year,DSL,Electronic check,43,24-48m,55.45,2444.25,2,0,0.051905785704074496,8
5622-UEJFI,Two year,No,Credit card (automatic),35,24-48m,25.4,949.8,0,0,0.02605384278324633,9
9747-DDZOS,Month-to-month,Fiber optic,Bank transfer (automatic),1,0-6m,73.5,73.5,1,1,0.529821907111494,3
0674-DGMAQ,Month-to-month,Fiber optic,Electronic check,32,24-48m,93.5,2970.8,3,0,0.6091372557161012,2
6203-HBZPA,Two year,DSL,Credit card (automatic),52,48-72m,63.9,3334.95,6,0,0.0286526714101305,9
0484-FFVBJ,One year,DSL,Bank transfer (automatic),32,24-48m,64.85,2010.95,2,0,0.16613506972574082,6
0301-FIDRB,Two year,DSL,Bank transfer (automatic),72,72m+,63.8,4684.3,6,0,0.016432328919935284,9
4139-JPIAM,Month-to-month,DSL,Credit card (automatic),51,48-72m,44.45,2181.55,3,0,0.11279829414577147,7
2181-TIDSV,Two year,No,Bank transfer (automatic),68,48-72m,19.95,1303.25,0,0,0.0064874564412646055,10
2761-XECQW,Month-to-month,DSL,Mailed check,8,6-12m,43.35,371.4,3,0,0.534346420392569,3
1936-CZAKF,Two year,DSL,Credit card (automatic),49,48-72m,49.65,2409.9,3,0,0.05890847552009238,8
9453-PATOS,Two year,DSL,Mailed check,72,72m+,85.1,6155.4,6,0,0.008072646947196574,10
0564-JJHGS,Month-to-month,Fiber optic,Electronic check,9,6-12m,95.5,829.1,2,1,0.8099392958435186,1
3348-CFRNX,Month-to-month,Fiber optic,Mailed check,28,24-48m,92.35,2602.9,3,1,0.42993282627332896,3
4402-FTBXC,Month-to-month,Fiber optic,Mailed check,54,48-72m,89.8,4667.0,3,0,0.1477973402595977,6
1428-GTBJJ,Month-to-month,Fiber optic,Electronic check,11,6-12m,74.55,824.75,1,1,0.61695045664776,2
2931-XIQBR,One year,Fiber optic,Mailed check,50,48-72m,103.05,5153.5,4,0,0.08500790032704976,7
0106-UGRDO,Two year,Fiber optic,Electronic check,69,48-72m,116.0,8182.85,6,0,0.0581380424854566,8
5542-TBBWB,Month-to-month,Fiber optic,Electronic check,1,0-6m,69.9,69.9,0,0,0.7090261845372703,1
1930-QPBVZ,Two year,Fiber optic,Bank transfer (automatic),68,48-72m,95.1,6683.4,4,0,0.014261492864898513,10
2606-PKWJB,One year,DSL,Mailed check,40,24-48m,40.25,1564.05,3,0,0.036713977040311076,8
5322-ZSMZY,Two year,No,Mailed check,31,24-48m,25.75,755.6,0,0,0.020472956181410186,9
8059-UDZFY,Month-to-month,Fiber optic,Bank transfer (automatic),33,24-48m,105.35,3465.05,4,0,0.5424844527238128,2
7740-BTPUX,Two year,Fiber optic,Electronic check,55,48-72m,113.6,6292.7,5,0,0.1423471504999475,6
5220-AGAAX,Two year,No,Bank transfer (automatic),68,48-72m,24.0,1664.3,0,0,0.008835846806567692,10
0208-BPQEJ,Month-to-month,No,Bank transfer (automatic),12,12-24m,19.4,198.1,0,0,0.10139427380584047,7
9435-JMLSX,Two year,DSL,Bank transfer (automatic),71,48-72m,86.1,6045.9,6,0,0.011529687562113096,10
3352-ALMCK,Month-to-month,Fiber optic,Mailed check,40,24-48m,102.65,4108.15,4,0,0.48146767040058636,3
5312-IRCFR,One year,Fiber optic,Electronic check,64,48-72m,92.85,5980.75,3,0,0.15600558085065466,6
5294-IMHHT,One year,Fiber optic,Bank transfer (automatic),53,48-72m,97.75,5043.2,3,0,0.08271826252795525,7
8802-UNOJF,Month-to-month,Fiber optic,Mailed check,12,12-24m,83.8,1029.75,3,1,0.464276341404525,3
6313-GIDIT,Month-to-month,DSL,Electronic check,53,48-72m,54.45,2854.55,4,1,0.3600930368628894,4
6176-YJWAS,Two year,Fiber optic,Credit card (automatic),72,72m+,97.95,7114.25,4,0,0.04266510640052472,8
5310-NOOVA,Two year,No,Electronic check,46,24-48m,19.95,907.05,0,0,0.018351130544126435,9
4526-EXKKN,Two year,No,Mailed check,40,24-48m,24.6,973.95,0,0,0.027239792737896295,9
5311-IHLEI,Month-to-month,DSL,Bank transfer (automatic),12,12-24m,50.95,605.75,4,0,0.30484596416756127,4
3987-KQDDU,Month-to-month,Fiber optic,Electronic check,9,6-12m,75.6,661.55,1,0,0.47349883613774696,3
3404-JNXAX,Month-to-month,Fiber optic,Electronic check,51,48-72m,80.75,4116.9,1,0,0.24931282787565498,5
5131-PONJI,Month-to-month,Fiber optic,Credit card (automatic),49,48-72m,90.4,4494.65,3,0,0.23717068107255954,5
2845-AFFTX,Month-to-month,Fiber optic,Electronic check,41,24-48m,99.8,4259.3,3,1,0.6243282098658499,2
3489-VSFRD,One year,DSL,Credit card (automatic),56,48-72m,60.25,3282.75,3,0,0.023962731262825696,9
3345-JHUEO,Month-to-month,No,Electronic check,4,0-6m,20.2,55.7,0,0,0.2832358690589437,4
5815-HGGHV,One year,DSL,Mailed check,20,12-24m,64.15,1274.45,3,0,0.09060827722316792,7
5260-UMPWX,Month-to-month,No,Credit card (automatic),26,24-48m,20.25,493.95,0,0,0.09070498429733911,7
2249-YPRNG,Month-to-month,Fiber optic,Bank transfer (automatic),20,12-24m,105.85,2239.65,4,1,0.5755002744669894,2
7410-YTJIK,Month-to-month,Fiber optic,Mailed check,7,6-12m,75.45,480.75,0,1,0.5442080254047766,2
4626-GYCZP,Month-to-month,Fiber optic,Electronic check,7,6-12m,93.85,635.6,2,1,0.8258965461644644,1
5649-RXQTV,Month-to-month,Fiber optic,Electronic check,51,48-72m,99.0,5038.15,4,0,0.41952964655635594,3
2674-MIAHT,Month-to-month,Fiber optic,Mailed check,4,0-6m,80.3,324.2,1,0,0.6322273907965443,2
2576-HXMPA,Month-to-month,No,Credit card (automatic),1,0-6m,19.55,19.55,0,0,0.17201805842013573,6
7587-AOVVU,Month-to-month,Fiber optic,Electronic check,27,24-48m,100.75,2793.55,4,0,0.3145396075669312,4
5590-BYNII,Month-to-month,Fiber optic,Electronic check,22,12-24m,100.75,2095.0,3,1,0.6550854637209725,2
6898-MDLZW,Month-to-month,DSL,Mailed check,12,12-24m,53.75,648.65,2,0,0.23019672572074837,5
3237-AJGEH,Month-to-month,DSL,Mailed check,3,0-6m,31.0,95.05,1,1,0.35193743267734645,4
4707-YNOQA,One year,No,Credit card (automatic),34,24-48m,25.6,917.15,0,0,0.0473075036826263,8
9357-UJRUN,One year,DSL,Electronic check,24,24-48m,58.35,1346.9,2,0,0.12626581844265727,6
1591-NFNLQ,Month-to-month,Fiber optic,Credit card (automatic),51,48-72m,80.0,4242.35,1,1,0.21612166229216048,5
8648-PFRMP,Month-to-month,DSL,Electronic check,14,12-24m,46.35,672.7,2,0,0.69006272574681,1
7663-CUXZB,Two year,Fiber optic,Electronic check,59,48-72m,113.75,6561.25,6,0,0.0606473990039526,8
0258-NOKBL,Month-to-month,Fiber optic,Electronic check,3,0-6m,90.4,268.45,3,0,0.6451959979197177,2
1163-VIPRI,Two year,Fiber optic,Electronic check,65,48-72m,109.3,7337.55,5,0,0.04672048628625592,8
2815-CPTUL,Month-to-month,Fiber optic,Mailed check,5,0-6m,70.25,331.9,0,1,0.627920816323248,2
9348-ROUAI,Two year,DSL,Credit card (automatic),59,48-72m,90.3,5194.05,6,0,0.014631877235107543,10
9443-JUBUO,Two year,DSL,Credit card (automatic),72,72m+,65.25,4478.85,6,0,0.01622897404781593,9
0596-BQCEQ,Month-to-month,Fiber optic,Electronic check,62,48-72m,100.15,6283.3,4,1,0.28005853141496034,4
1481-ZUWZA,Month-to-month,Fiber optic,Credit card (automatic),28,24-48m,94.5,2659.4,3,1,0.4152436808467045,3
3043-TYBNO,Month-to-month,DSL,Mailed check,3,0-6m,60.65,196.9,2,0,0.27518839150473234,4
4830-FAXFM,Month-to-month,No,Credit card (automatic),19,12-24m,24.1,439.2,0,0,0.15731914407277958,6
5906-BFOZT,Month-to-month,No,Mailed check,1,0-6m,19.5,19.5,0,0,0.22250098539703866,5
2960-NKRSO,Month-to-month,Fiber optic,Electronic check,24,24-48m,85.95,2107.15,3,0,0.4074306436484758,3
8996-ZROXE,One year,DSL,Electronic check,57,48-72m,53.5,3035.8,2,0,0.06275309148521359,7
5598-IKHQQ,Two year,No,Credit card (automatic),72,72m+,25.45,1866.45,0,0,0.006748074922398075,10
0397-ZXWQF,Two year,No,Bank transfer (automatic),67,48-72m,20.5,1430.95,0,0,0.0058499557200615004,10
5266-PFRQK,One year,No,Credit card (automatic),52,48-72m,20.85,1071.6,0,0,0.019789143262106474,9
4674-HGNUA,Two year,DSL,Credit card (automatic),71,48-72m,89.9,6457.15,6,0,0.009913540322799327,10
6765-MBQNU,One year,No,Mailed check,26,24-48m,26.0,684.05,0,0,0.048820508406342125,8
9786-IJYDL,Two year,Fiber optic,Mailed check,35,24-48m,113.2,3914.05,6,0,0.12577712480149433,6
1303-SRDOK,Two year,Fiber optic,Credit card (automatic),55,48-72m,69.05,3842.6,0,0,0.055259984423757666,8
3769-MHZNV,Two year,No,Mailed check,33,24-48m,20.1,670.35,0,0,0.014659944665383963,10
6295-OSINB,Two year,Fiber optic,Electronic check,72,72m+,109.65,7880.25,5,0,0.07610688112647233,7
3308-MHOOC,Month-to-month,No,Mailed check,1,0-6m,19.2,19.2,0,0,0.1993495990076759,5
2309-OSFEU,Month-to-month,DSL,Mailed check,10,6-12m,33.9,298.45,1,1,0.5062390335892455,3
2207-QPJED,Month-to-month,Fiber optic,Electronic check,37,24-48m,90.0,3371.75,3,0,0.35542800925398954,4
4177-JPDFU,Month-to-month,DSL,Mailed check,12,12-24m,34.0,442.45,2,0,0.25437166855708615,5
2239-CFOUJ,One year,No,Mailed check,1,0-6m,20.4,20.4,0,0,0.07251458844800063,7
8046-DNVTL,Two year,DSL,Credit card (automatic),62,48-72m,38.6,2345.55,3,0,0.01609589683968051,9
2209-XADXF,Month-to-month,DSL,Bank transfer (automatic),1,0-6m,25.25,25.25,0,0,0.4284592615989938,3
6620-JDYNW,Month-to-month,DSL,Mailed check,18,12-24m,60.6,1156.35,2,0,0.24779947902305913,5
1891-FZYSA,Month-to-month,Fiber optic,Electronic check,69,48-72m,89.95,6143.15,2,1,0.32245394851622794,4
4770-UEZOX,Month-to-month,Fiber optic,Electronic check,2,0-6m,74.75,144.8,1,0,0.6845155038106329,1
1038-RQOST,Month-to-month,No,Mailed check,19,12-24m,20.6,414.95,0,0,0.07937325657084716,7
7613-LLQFO,Month-to-month,Fiber optic,Electronic check,12,12-24m,84.45,1059.55,1,1,0.7562565756926659,1
4568-TTZRT,Month-to-month,No,Mailed check,9,6-12m,20.4,181.8,0,0,0.1314667301528288,6
9513-DXHDA,One year,DSL,Electronic check,27,24-48m,81.7,2212.55,5,0,0.10485853176083425,7
2640-PMGFL,Month-to-month,Fiber optic,Electronic check,27,24-48m,79.5,2180.55,1,1,0.45277483119752,3
3801-HMYNL,Month-to-month,Fiber optic,Mailed check,1,0-6m,89.15,89.15,2,1,0.6118386828623001,2
0516-QREYC,Month-to-month,No,Mailed check,24,24-48m,20.3,459.95,0,0,0.1384636481730472,6
9685-WKZGT,Month-to-month,Fiber optic,Electronic check,14,12-24m,74.95,1036.75,0,1,0.722447976906904,1
6022-UGGSO,Month-to-month,Fiber optic,Electronic check,32,24-48m,74.4,2276.95,1,1,0.4974844160294876,3
8084-OIVBS,One year,No,Mailed check,11,6-12m,20.0,211.95,0,0,0.06574701601819267,7
8896-BQTTI,Month-to-month,No,Mailed check,1,0-6m,25.0,25.0,0,0,0.27390253808093595,4
3865-QBWSJ,Month-to-month,Fiber optic,Mailed check,38,24-48m,80.45,3162.65,1,0,0.30689214526120934,4
3352-RICWQ,Two year,No,Mailed check,9,6-12m,19.75,210.65,0,0,0.032549739047828374,9
2160-GPFXD,Two year,DSL,Credit card (automatic),54,48-72m,65.65,3566.7,3,0,0.014268939498804827,10
2065-MMKGR,One year,DSL,Credit card (automatic),29,24-48m,71.0,2080.1,2,0,0.22628627443533986,5
5857-TYBCJ,Month-to-month,Fiber optic,Electronic check,44,24-48m,89.2,4040.2,2,0,0.5448104715123798,2
1498-NHTLT,Two year,DSL,Electronic check,59,48-72m,86.75,5186.0,6,0,0.022452741555719077,9
4484-CGXFK,Month-to-month,DSL,Electronic check,3,0-6m,55.3,196.15,1,1,0.5457197306286634,2
1402-PTHGN,One year,DSL,Mailed check,18,12-24m,61.5,1087.45,3,0,0.05896128523463376,8
4176-RELJR,Two year,No,Credit card (automatic),67,48-72m,25.1,1672.15,0,0,0.00996386170254711,10
6214-EDAKZ,Month-to-month,DSL,Electronic check,22,12-24m,55.15,1206.05,2,1,0.15388157441840628,6
5199-FPUSP,One year,DSL,Credit card (automatic),33,24-48m,34.05,1113.95,2,0,0.05266643031558318,8
6377-KSLXC,Month-to-month,No,Mailed check,5,0-6m,19.95,107.05,0,0,0.14898520279388847,6
1796-JANOW,Month-to-month,No,Mailed check,2,0-6m,19.95,38.15,0,0,0.1622414684754667,6
0238-WHBIQ,Two year,DSL,Credit card (automatic),72,72m+,89.7,6339.3,6,0,0.009634734577864101,10
8735-NBLWT,Month-to-month,No,Mailed check,9,6-12m,20.4,184.1,0,0,0.1156256882287341,6
6651-RLGGM,Two year,No,Mailed check,67,48-72m,26.3,1688.9,0,0,0.006104962660178584,10
6127-ISGTU,Month-to-month,Fiber optic,Electronic check,16,12-24m,84.95,1378.25,1,1,0.7131052747274634,1
1614-JBEBI,Month-to-month,No,Mailed check,8,6-12m,20.7,137.6,0,0,0.18009551449372663,5
8740-XLHDR,Month-to-month,DSL,Mailed check,5,0-6m,43.25,219.0,4,1,0.29658834263874667,4
1208-DNHLN,One year,DSL,Credit card (automatic),23,12-24m,48.35,1067.15,0,1,0.14940553654064986,6
1761-AEZZR,Month-to-month,Fiber optic,Electronic check,1,0-6m,79.55,79.55,1,1,0.7705854061040148,1
3923-CSIHK,Month-to-month,Fiber optic,Electronic check,50,48-72m,71.05,3444.85,0,1,0.34419914979367217,4
5696-EXCYS,Two year,No,Credit card (automatic),17,12-24m,19.45,369.05,0,0,0.03212916586411501,9
5795-KTGUD,Two year,Fiber optic,Bank transfer (automatic),68,48-72m,110.8,7553.6,5,0,0.055949538998436736,8
7120-RFMVS,Month-to-month,Fiber optic,Electronic check,1,0-6m,84.5,84.5,1,1,0.7604595111838395,1
7924-GJZFI,Month-to-month,Fiber optic,Electronic check,25,24-48m,69.3,1813.1,0,0,0.5594295313251865,2
4702-HDRKD,One year,DSL,Bank transfer (automatic),67,48-72m,49.35,3321.35,4,0,0.036212046197343556,8
8512-WIWYV,One year,No,Credit card (automatic),32,24-48m,20.35,707.5,0,0,0.034156883643534114,8
5897-ZYEKH,One year,Fiber optic,Electronic check,67,48-72m,105.6,7112.15,4,0,0.17915240675128516,5
5456-ITGIC,Two year,DSL,Credit card (automatic),72,72m+,64.45,4641.1,6,0,0.02360243175911819,9
7317-GGVPB,Two year,Fiber optic,Credit card (automatic),71,48-72m,108.6,7690.9,5,1,0.05503380254214931,8
1406-PUQVY,Month-to-month,DSL,Electronic check,1,0-6m,49.9,49.9,1,0,0.4467126295882859,3
1322-AGOQM,Month-to-month,DSL,Bank transfer (automatic),46,24-48m,30.3,1380.1,1,1,0.1313054830623104,6
3677-IYRBF,Month-to-month,DSL,Electronic check,2,0-6m,30.4,78.65,1,1,0.6569533876795522,2
5692-FPTAH,Month-to-month,DSL,Mailed check,1,0-6m,45.4,45.4,0,1,0.39314738476296357,3
9114-AAFQH,One year,DSL,Electronic check,48,48-72m,65.65,3094.65,3,0,0.09694674136903934,7
8715-KKTFG,One year,Fiber optic,Bank transfer (automatic),61,48-72m,103.3,6518.35,4,0,0.13633150373022657,6
1550-LOAHA,Month-to-month,Fiber optic,Bank transfer (automatic),32,24-48m,84.15,2585.95,2,1,0.30247696806061447,4
1728-BQDMA,Month-to-month,DSL,Electronic check,2,0-6m,44.45,82.7,0,0,0.4133398803302353,3
0268-QKIWO,Month-to-month,No,Electronic check,3,0-6m,19.75,58.85,0,1,0.22619931775940888,5
0876-WDUUZ,Month-to-month,Fiber optic,Credit card (automatic),5,0-6m,85.4,425.9,2,1,0.5536188298375788,2
5117-ZSMHQ,Two year,DSL,Bank transfer (automatic),71,48-72m,89.9,6342.7,6,0,0.009695933105445453,10
5151-HQRDG,Month-to-month,DSL,Mailed check,37,24-48m,55.05,2030.75,1,0,0.14327708320459628,6
0960-HUWBM,Two year,Fiber optic,Bank transfer (automatic),65,48-72m,104.1,6700.05,4,0,0.06086707830314186,8
6465-GSRCL,One year,Fiber optic,Bank transfer (automatic),67,48-72m,106.6,7244.7,4,0,0.09430703314849888,7
0617-FHSGK,Month-to-month,Fiber optic,Credit card (automatic),49,48-72m,75.2,3678.3,0,1,0.2059791538576642,5
0263-FJTQO,Two year,DSL,Credit card (automatic),50,48-72m,70.5,3486.65,3,0,0.02416114762453599,9
7319-ZNRTR,One year,No,Electronic check,25,24-48m,19.6,411.15,0,0,0.05233724045803182,8
2858-MOFSQ,One year,DSL,Mailed check,17,12-24m,55.85,937.5,1,1,0.1718149256750712,6
7503-EPSZW,Two year,No,Mailed check,64,48-72m,24.05,1559.15,0,0,0.010038842119159836,10
7089-XXAYG,One year,DSL,Credit card (automatic),25,24-48m,38.1,970.4,2,0,0.23699979135988036,5
8118-LSUEL,Month-to-month,Fiber optic,Electronic check,23,12-24m,106.4,2483.5,4,1,0.7434390515691187,1
8070-AAWZP,Month-to-month,DSL,Mailed check,24,24-48m,34.25,828.2,2,0,0.21736243470562452,5
1666-JXLKU,Month-to-month,Fiber optic,Electronic check,37,24-48m,100.05,3810.55,3,0,0.621357924128142,2
7855-DIWPO,Month-to-month,Fiber optic,Electronic check,21,12-24m,68.65,1493.2,0,0,0.5616774759012297,2
5133-POWUA,Month-to-month,DSL,Mailed check,1,0-6m,45.8,45.8,0,0,0.39084136122812074,3
5652-MSDEY,Month-to-month,Fiber optic,Mailed check,10,6-12m,75.75,777.3,0,0,0.60230105626004,2
7005-CCBKV,Month-to-month,Fiber optic,Electronic check,6,6-12m,84.4,556.35,2,1,0.7089509669378787,1
1810-BOHSY,One year,Fiber optic,Credit card (automatic),51,48-72m,96.4,4911.05,3,0,0.12504642497963042,6
1784-BXEFA,Month-to-month,No,Mailed check,10,6-12m,20.55,187.35,0,0,0.17088551458421125,6
7351-MHQVU,Month-to-month,DSL,Credit card (automatic),6,6-12m,50.95,307.6,4,0,0.26567449222395195,5
9224-VTYID,Two year,DSL,Mailed check,47,24-48m,90.5,4318.35,6,0,0.029544571973092598,9
9500-IWPXQ,One year,DSL,Electronic check,61,48-72m,79.4,4820.55,5,0,0.03847603575347483,8
5762-TJXGK,Two year,DSL,Bank transfer (automatic),52,48-72m,58.75,3038.55,5,0,0.05523196118730903,8
4504-YOULA,Month-to-month,DSL,Credit card (automatic),35,24-48m,59.45,2136.9,2,0,0.12874423839184893,6
5569-IDSEY,One year,Fiber optic,Bank transfer (automatic),71,48-72m,105.7,7472.15,4,0,0.12241145183451098,6
4250-FDVOU,Month-to-month,DSL,Electronic check,6,6-12m,56.25,389.1,2,1,0.2730824001557762,4
7284-ZZLOH,Two year,DSL,Credit card (automatic),45,24-48m,53.3,2296.25,2,0,0.019008935802958194,9
5277-ZLOOR,Month-to-month,Fiber optic,Electronic check,2,0-6m,85.55,187.45,1,1,0.8400192825829885,1
2141-RRYGO,Month-to-month,DSL,Bank transfer (automatic),4,0-6m,68.65,261.25,3,1,0.4950183283086873,3
1777-JYQPJ,Month-to-month,DSL,Mailed check,2,0-6m,24.3,38.45,0,0,0.4247454737368143,3
6376-GAHQE,Month-to-month,Fiber optic,Electronic check,4,0-6m,77.85,299.2,1,1,0.69122241047313,1
3401-URHDA,One year,DSL,Credit card (automatic),51,48-72m,59.9,3043.6,2,0,0.0275225921409096,9
1599-EAHXY,One year,No,Credit card (automatic),60,48-72m,23.95,1506.4,0,0,0.015016534673102995,9
8631-XVRZL,One year,No,Mailed check,9,6-12m,20.15,163.7,0,0,0.09584166968533529,7
5052-PNLOS,Month-to-month,Fiber optic,Bank transfer (automatic),3,0-6m,105.35,323.25,4,1,0.7521196128225813,1
3853-LYGAM,Month-to-month,Fiber optic,Bank transfer (automatic),17,12-24m,95.65,1640.0,3,0,0.5120795897517321,3
6979-ZNSFF,Month-to-month,Fiber optic,Electronic check,8,6-12m,87.05,762.1,1,1,0.7692281021674614,1
5751-USDBL,Two year,DSL,Mailed check,46,24-48m,81.0,3846.35,5,0,0.017661137764381586,9
5680-LQOGP,Two year,DSL,Credit card (automatic),68,48-72m,82.45,5646.6,6,0,0.015299480955185971,9
2386-LAHRK,Month-to-month,DSL,Mailed check,1,0-6m,53.5,53.5,1,1,0.48109701521316905,3
8189-DUKMV,One year,No,Bank transfer (automatic),4,0-6m,20.5,79.05,0,0,0.0757838593584397,7
6032-IGALN,Month-to-month,DSL,Mailed check,1,0-6m,25.1,25.1,0,1,0.5142298047671311,3
9931-DCEZH,One year,DSL,Credit card (automatic),28,24-48m,54.4,1516.6,2,0,0.06984547166422406,7
1898-JSNDC,One year,DSL,Credit card (automatic),39,24-48m,58.6,2224.5,2,0,0.106786596005052,7
0315-LVCRK,Month-to-month,Fiber optic,Electronic check,11,6-12m,84.8,888.75,2,0,0.6057238406864973,2
3911-RSNHI,Two year,DSL,Credit card (automatic),71,48-72m,61.4,4310.35,5,0,0.026920016071198986,9
2410-CIYFZ,Month-to-month,No,Mailed check,2,0-6m,20.4,42.9,0,0,0.1419729167585169,6
4248-HCETZ,Month-to-month,Fiber optic,Mailed check,30,24-48m,79.65,2365.15,2,1,0.3804739003412235,4
5505-OVWQW,One year,No,Mailed check,17,12-24m,20.15,353.65,0,0,0.05419549562689382,8
7271-AJDTL,Month-to-month,Fiber optic,Credit card (automatic),55,48-72m,94.45,5073.1,3,0,0.28651962239113066,4
1867-TJHTS,Month-to-month,Fiber optic,Bank transfer (automatic),58,48-72m,79.8,4526.85,1,0,0.17694900124175256,6
0516-WJVXC,Month-to-month,DSL,Electronic check,5,0-6m,54.2,308.25,2,1,0.23746458184463717,5
9174-FKWZE,Month-to-month,No,Electronic check,1,0-6m,19.45,19.45,0,1,0.35591628878791715,4
6860-YRJZP,Month-to-month,Fiber optic,Electronic check,9,6-12m,74.05,678.45,0,0,0.7588962506015468,1
4429-WYGFR,Month-to-month,DSL,Bank transfer (automatic),26,24-48m,49.15,1237.3,1,0,0.12528260555360027,6
2817-LVCPP,Two year,No,Credit card (automatic),50,48-72m,19.4,1023.95,0,0,0.010831059642836862,10
5038-ETMLM,Two year,Fiber optic,Bank transfer (automatic),72,72m+,113.65,8182.75,6,0,0.036785522878109315,8
5056-FIMPT,One year,Fiber optic,Credit card (automatic),43,24-48m,106.0,4532.3,5,0,0.1119731765706153,7
4521-WFJAI,Two year,No,Bank transfer (automatic),56,48-72m,25.95,1444.05,0,0,0.015643446313444075,9
6569-KTMDU,Month-to-month,No,Mailed check,1,0-6m,19.1,19.1,0,0,0.16974474372640022,6
8809-RIHDD,Two year,Fiber optic,Electronic check,72,72m+,103.4,7372.65,4,1,0.0955228240574193,7
8809-XKHMD,Two year,Fiber optic,Bank transfer (automatic),72,72m+,100.55,7325.1,4,0,0.026583228034348712,9
0396-YCHWO,Month-to-month,Fiber optic,Electronic check,36,24-48m,95.4,3474.2,2,0,0.6150327727443247,2
0867-LDTTC,Month-to-month,DSL,Bank transfer (automatic),5,0-6m,75.15,392.65,4,0,0.32525249205822077,4
4822-NGOCH,Month-to-month,Fiber optic,Electronic check,13,12-24m,84.45,1058.6,2,1,0.6630668231216997,2
9391-DXGGG,One year,Fiber optic,Credit card (automatic),44,24-48m,89.15,3990.75,3,0,0.16017839962185898,6
9844-FELAJ,One year,Fiber optic,Electronic check,70,48-72m,107.9,7475.85,5,0,0.1519411858874598,6
2122-SZZZD,One year,No,Credit card (automatic),44,24-48m,19.5,835.5,0,0,0.02354005697954486,9
5307-DZCVC,Month-to-month,Fiber optic,Credit card (automatic),32,24-48m,85.95,2628.6,1,1,0.5375830020294687,2
3148-AOIQT,Two year,No,Credit card (automatic),69,48-72m,24.95,1718.35,0,0,0.009875205019730781,10
8679-JOEVF,Month-to-month,DSL,Electronic check,16,12-24m,59.4,1023.9,2,1,0.3434115250275414,4
8395-ETZKQ,One year,No,Bank transfer (automatic),68,48-72m,19.5,1193.55,0,0,0.01034922449409659,10
6692-YQHXC,Month-to-month,Fiber optic,Credit card (automatic),16,12-24m,69.95,1205.5,0,0,0.49278391031788427,3
3889-VWBID,Two year,DSL,Bank transfer (automatic),68,48-72m,82.85,5776.45,5,0,0.0076758964051322764,10
5222-JCXZT,Month-to-month,No,Mailed check,4,0-6m,19.0,78.9,0,0,0.15630829000084917,6
9754-CLVZW,Month-to-month,DSL,Credit card (automatic),26,24-48m,38.85,1025.15,3,0,0.10888709878067854,7
1432-FPAXX,Month-to-month,DSL,Electronic check,29,24-48m,30.6,856.35,1,1,0.36755124720400983,4
2739-CCZMB,Month-to-month,No,Credit card (automatic),5,0-6m,20.35,122.0,0,0,0.1333338450075402,6
7080-TNUWP,One year,Fiber optic,Bank transfer (automatic),70,48-72m,95.0,6602.9,3,0,0.10330567032190581,7
0496-AHOOK,One year,DSL,Bank transfer (automatic),24,24-48m,74.4,1712.9,4,0,0.07757118913804899,7
8336-TAVKX,Two year,DSL,Bank transfer (automatic),72,72m+,78.45,5682.25,5,0,0.010204715103840818,10
2468-SJFLM,Month-to-month,Fiber optic,Mailed check,1,0-6m,74.3,74.3,1,0,0.5269124114996656,3
3181-VTHOE,One year,DSL,Bank transfer (automatic),70,48-72m,51.05,3635.15,4,0,0.03589390352948579,8
7168-HDQHG,Month-to-month,No,Bank transfer (automatic),36,24-48m,19.2,702.9,0,0,0.048131179062202156,8
4803-AXVYP,Month-to-month,Fiber optic,Electronic check,38,24-48m,99.55,3734.25,3,1,0.5881316472311878,2
3884-HCSWG,Month-to-month,Fiber optic,Electronic check,17,12-24m,70.0,1144.5,0,1,0.5865938664892933,2
4567-AKPIA,One year,Fiber optic,Bank transfer (automatic),41,24-48m,109.1,4454.25,5,0,0.19387300305939217,5
5077-DXTCG,Month-to-month,DSL,Electronic check,1,0-6m,45.3,45.3,0,1,0.5022180375098458,3
1142-WACZW,Month-to-month,DSL,Bank transfer (automatic),2,0-6m,29.85,75.6,1,1,0.3387264568591238,4
7901-HXJVA,Month-to-month,Fiber optic,Electronic check,14,12-24m,76.45,1117.55,1,0,0.5116756723885829,3
5649-ANRML,Month-to-month,Fiber optic,Credit card (automatic),2,0-6m,95.1,180.25,4,1,0.6060214435136044,2
4892-VLANZ,Month-to-month,No,Mailed check,1,0-6m,19.8,19.8,0,1,0.1673717796117069,6
5924-IFQTT,Month-to-month,DSL,Electronic check,13,12-24m,72.8,930.05,4,0,0.3962487318499022,3
7968-QUXNS,Month-to-month,No,Mailed check,6,6-12m,18.95,110.15,0,0,0.14779011816578783,6
2919-HBCJO,Month-to-month,Fiber optic,Bank transfer (automatic),4,0-6m,76.65,333.6,1,1,0.5560907974484914,2
4236-XPXAV,Month-to-month,Fiber optic,Mailed check,5,0-6m,99.15,465.05,4,1,0.5556488851213679,2
8903-WMRNW,Month-to-month,Fiber optic,Electronic check,15,12-24m,101.75,1669.4,4,0,0.5300493142322351,3
2452-SNHFZ,Month-to-month,Fiber optic,Credit card (automatic),47,24-48m,75.45,3545.1,1,0,0.14250322364389187,6
3629-WEAAM,Month-to-month,DSL,Mailed check,8,6-12m,64.1,504.05,3,0,0.24558733515395195,5
6029-CSMJE,Month-to-month,DSL,Mailed check,17,12-24m,25.65,440.2,0,0,0.3787852533524222,4
7993-NQLJE,Month-to-month,Fiber optic,Mailed check,15,12-24m,75.1,1151.55,1,0,0.2772821918531175,4
9909-DFRJA,One year,Fiber optic,Bank transfer (automatic),26,24-48m,95.85,2475.35,4,0,0.16511901476464386,6
9099-FTUHS,Month-to-month,DSL,Electronic check,23,12-24m,54.4,1249.25,1,0,0.24381043104260172,5
0581-BXBUB,Month-to-month,Fiber optic,Electronic check,4,0-6m,72.75,317.75,1,0,0.6515771205960784,2
4962-CHQPW,One year,No,Mailed check,29,24-48m,19.85,535.05,0,0,0.032220382911027336,9
9467-ROOLM,Month-to-month,No,Mailed check,25,24-48m,19.05,461.3,0,0,0.08365168060003873,7
3030-YZADT,Month-to-month,DSL,Mailed check,9,6-12m,44.95,431.0,0,1,0.26146896813880527,5
7410-KTVFV,Month-to-month,DSL,Mailed check,18,12-24m,49.55,878.35,1,1,0.2528083340917723,5
5150-ITWWB,Month-to-month,Fiber optic,Electronic check,3,0-6m,94.85,335.75,2,0,0.868009068207414,1
2253-KPMNB,Two year,DSL,Bank transfer (automatic),69,48-72m,46.25,3121.4,4,0,0.007029899966990152,10
1345-ZUKID,One year,No,Mailed check,14,12-24m,19.35,324.8,0,0,0.06070243364371697,8
6429-SHBCB,Month-to-month,DSL,Mailed check,19,12-24m,69.6,1394.55,2,0,0.3719866060578924,4
9281-OFDMF,Month-to-month,Fiber optic,Electronic check,39,24-48m,90.7,3413.25,2,0,0.4768045493985868,3
2603-HVKCG,Month-to-month,Fiber optic,Electronic check,31,24-48m,101.4,3143.65,4,0,0.5720364118203687,2
1834-WULEG,One year,No,Mailed check,24,24-48m,20.25,439.75,0,0,0.03492772986124785,8
9097-ZUBYC,Month-to-month,DSL,Bank transfer (automatic),14,12-24m,48.8,664.4,1,0,0.16711950768626305,6
5148-ORICT,Two year,DSL,Mailed check,64,48-72m,74.35,4759.55,5,0,0.01109186020721643,10
4893-GYUJU,One year,No,Mailed check,50,48-72m,19.35,1033.0,0,0,0.0264821033961741,9
4578-PHJYZ,One year,DSL,Electronic check,52,48-72m,68.75,3482.85,4,0,0.059923282134777475,8
7272-QDCKA,One year,Fiber optic,Electronic check,28,24-48m,100.2,2688.45,3,0,0.42002519364024343,3
8908-SLFCJ,Two year,No,Credit card (automatic),21,12-24m,20.85,435.25,0,0,0.03813207463761992,8
8393-DLHGA,Month-to-month,Fiber optic,Electronic check,25,24-48m,95.9,2448.75,3,1,0.5940561271590488,2
9766-HGEDE,One year,No,Mailed check,17,12-24m,19.35,307.0,0,0,0.0514092778150735,8
6968-MHOMU,One year,DSL,Credit card (automatic),58,48-72m,45.0,2689.35,2,0,0.11298810971188457,7
7395-IGJOS,Month-to-month,Fiber optic,Bank transfer (automatic),17,12-24m,81.5,1329.2,1,1,0.4786656267913337,3
5044-XDPYX,Two year,No,Mailed check,51,48-72m,25.5,1281.25,0,0,0.012268569046022559,10
1814-WFGVS,Two year,DSL,Mailed check,72,72m+,48.9,3527.0,4,0,0.009945850816313821,10
2834-SPCJV,Month-to-month,Fiber optic,Electronic check,52,48-72m,84.1,4348.65,2,1,0.21768955268758852,5
3721-WKIIL,Two year,No,Mailed check,27,24-48m,19.6,561.15,0,0,0.031480738834331765,9
6734-CKRSM,Month-to-month,No,Mailed check,3,0-6m,20.0,63.6,0,0,0.15755952069868054,6
1265-ZFOSD,Two year,DSL,Mailed check,64,48-72m,81.3,5129.3,5,0,0.014074377378512247,10
6568-POCUI,Two year,Fiber optic,Credit card (automatic),45,24-48m,95.2,4285.8,3,0,0.10098705899761976,7
7890-VYYWG,Month-to-month,DSL,Mailed check,3,0-6m,36.45,93.7,1,1,0.6012469143605694,2
5197-LQXXH,Two year,DSL,Credit card (automatic),71,48-72m,83.3,5894.5,5,0,0.023938062933957997,9
9907-SWKKF,Month-to-month,DSL,Mailed check,1,0-6m,25.05,25.05,0,1,0.48211649871211393,3
3457-PQBYH,Two year,No,Credit card (automatic),58,48-72m,20.3,1160.75,0,0,0.0065161870813524045,10
7682-AZNDK,Month-to-month,Fiber optic,Electronic check,34,24-48m,89.85,3091.75,3,0,0.44111595710446067,3
0587-DMGBH,Month-to-month,DSL,Electronic check,8,6-12m,49.85,365.55,1,1,0.3588254921020761,4
5384-ZTTWP,Month-to-month,No,Mailed check,15,12-24m,19.8,272.95,0,0,0.09137525310980572,7
3745-HRPHI,Two year,DSL,Bank transfer (automatic),66,48-72m,54.65,3632.0,4,0,0.021756580234015024,9
7636-OWBPG,Month-to-month,DSL,Credit card (automatic),12,12-24m,29.35,381.2,1,0,0.4655828526617051,3
1231-YNDEK,Two year,No,Bank transfer (automatic),58,48-72m,19.15,1035.5,0,0,0.011497953369672654,10
1407-DIGZV,Two year,No,Mailed check,3,0-6m,19.1,52.0,0,0,0.040144586543560234,8
6397-JNZZG,Month-to-month,DSL,Credit card (automatic),43,24-48m,55.55,2342.2,4,1,0.24978391543988998,5
0570-BFQHT,Month-to-month,Fiber optic,Electronic check,9,6-12m,80.55,653.9,2,0,0.5375969633939142,2
4393-OBCRR,One year,No,Mailed check,3,0-6m,20.25,71.2,0,0,0.083876078611584,7
3523-QRQLL,One year,DSL,Bank transfer (automatic),22,12-24m,69.5,1498.2,3,1,0.1713734402449676,6
8564-LDKFL,One year,Fiber optic,Bank transfer (automatic),40,24-48m,106.0,4178.65,4,0,0.28211053904710987,4
3696-DFHHB,Two year,No,Bank transfer (automatic),68,48-72m,25.5,1821.8,0,0,0.007533999132656502,10
0895-DQHEW,Month-to-month,Fiber optic,Electronic check,54,48-72m,104.3,5278.15,4,1,0.44531016998633766,3
4717-GHADL,Two year,DSL,Mailed check,50,48-72m,79.6,4024.2,4,0,0.04918650630234624,8
5501-TVMGM,Month-to-month,DSL,Electronic check,1,0-6m,55.25,55.25,1,0,0.5626423519306208,2
5879-HMFFH,Two year,DSL,Bank transfer (automatic),72,72m+,88.05,6520.8,6,0,0.011331956657692963,10
6772-WFQRD,One year,No,Bank transfer (automatic),40,24-48m,20.4,854.9,0,0,0.031209115357221137,9
3810-DVDQQ,Two year,Fiber optic,Bank transfer (automatic),72,72m+,117.6,8308.9,6,0,0.029108391690866837,9
6972-SNKKW,Month-to-month,No,Mailed check,6,6-12m,20.0,109.2,0,0,0.14461976486428296,6
3694-GLTJM,Month-to-month,No,Credit card (automatic),5,0-6m,19.65,92.05,0,0,0.20384513380478533,5
8550-XSXUQ,One year,DSL,Credit card (automatic),48,48-72m,70.55,3420.5,3,0,0.08670941758050597,7
8149-RSOUN,Month-to-month,Fiber optic,Electronic check,1,0-6m,93.85,93.85,2,1,0.8530463443404336,1
9055-MOJJJ,One year,DSL,Mailed check,64,48-72m,65.8,4068.0,3,0,0.014086926495858753,10
4359-INNWN,One year,No,Credit card (automatic),17,12-24m,20.05,337.9,0,0,0.05571973310352065,8
0585-EGDDA,Month-to-month,Fiber optic,Electronic check,40,24-48m,80.0,3168.75,2,0,0.3524782348900834,4
4032-RMHCI,One year,DSL,Credit card (automatic),41,24-48m,35.4,1412.4,2,0,0.05055584142035249,8
0549-CYCQN,One year,Fiber optic,Bank transfer (automatic),51,48-72m,79.6,3974.7,1,0,0.18091709887230392,5
3481-JHUZH,Month-to-month,Fiber optic,Electronic check,41,24-48m,80.25,3439.0,1,0,0.41667688701974115,3
7250-EQKIY,Month-to-month,DSL,Mailed check,1,0-6m,50.45,50.45,1,1,0.26387813617538386,5
3594-IVHJZ,Month-to-month,No,Mailed check,2,0-6m,20.45,42.45,0,0,0.21285915540496475,5
6869-FGJJC,One year,Fiber optic,Credit card (automatic),68,48-72m,79.6,5461.45,2,0,0.05052896833014838,8
3896-ZVNET,Two year,No,Mailed check,24,24-48m,24.7,571.75,0,0,0.026415241154081472,9
8205-VSLRB,Two year,DSL,Credit card (automatic),70,48-72m,77.3,5498.2,4,0,0.008939617417092684,10
5960-MVTUK,Month-to-month,DSL,Electronic check,3,0-6m,29.75,96.85,1,0,0.5204383802268366,3
6817-WTYHE,Month-to-month,DSL,Bank transfer (automatic),2,0-6m,44.9,111.05,0,0,0.3106463302122842,4
3082-VQXNH,Month-to-month,DSL,Credit card (automatic),3,0-6m,29.8,94.4,1,0,0.38148638281836256,4
4013-UBXWQ,Month-to-month,DSL,Electronic check,7,6-12m,74.65,521.1,3,1,0.5765174281883357,2
4931-TRZWN,Month-to-month,DSL,Electronic check,13,12-24m,71.95,923.85,3,0,0.43900840648746475,3
0750-EKNGL,Month-to-month,No,Mailed check,7,6-12m,20.75,141.1,0,0,0.13833050977907527,6
7669-LCRSD,Month-to-month,DSL,Mailed check,12,12-24m,56.3,628.65,1,0,0.3240926576365627,4
3567-PQTSO,One year,Fiber optic,Electronic check,53,48-72m,105.25,5576.3,4,0,0.2566019014623526,5
5519-NPHVG,Month-to-month,Fiber optic,Electronic check,12,12-24m,94.2,1046.1,2,1,0.7990107622044411,1
8043-PNYSD,Two year,No,Mailed check,63,48-72m,19.55,1245.6,0,0,0.005464800747640901,10
9938-EKRGF,Month-to-month,DSL,Mailed check,15,12-24m,84.45,1287.85,6,0,0.18175219528571068,5
2703-AMTUL,One year,DSL,Mailed check,36,24-48m,53.65,1939.35,2,0,0.03571235035207323,8
0928-JMXNP,Month-to-month,DSL,Electronic check,4,0-6m,29.9,118.25,1,0,0.6270254884140651,2
8173-RXAYP,Two year,No,Mailed check,24,24-48m,19.7,452.55,0,0,0.019930404644768352,9
4825-XJGDM,One year,DSL,Credit card (automatic),61,48-72m,43.7,2696.55,4,0,0.022183760698601736,9
5402-HTOTQ,Month-to-month,DSL,Electronic check,16,12-24m,55.3,875.35,1,0,0.34536227059035846,4
6734-JDTTV,Two year,No,Credit card (automatic),65,48-72m,19.85,1267.05,0,0,0.0073505378435955,10
7850-THJMU,Two year,No,Credit card (automatic),26,24-48m,19.65,494.9,0,0,0.01917983956474406,9
3890-RTCMS,Month-to-month,DSL,Mailed check,16,12-24m,49.45,799.0,1,0,0.21879918866770445,5
8849-GYOKR,One year,Fiber optic,Bank transfer (automatic),54,48-72m,106.55,5763.3,4,1,0.1085213051544483,7
3148-BLQJT,Month-to-month,No,Mailed check,1,0-6m,20.1,20.1,0,1,0.1663629380544863,6
3717-FDJFU,Two year,No,Mailed check,5,0-6m,20.45,106.9,0,0,0.03919694765841665,8
3665-JATSN,Month-to-month,DSL,Electronic check,19,12-24m,39.7,710.05,2,0,0.5143226203274689,3
7966-YOTQW,Month-to-month,DSL,Credit card (automatic),10,6-12m,54.5,568.2,1,0,0.317652217604041,4
0461-CVKMU,Month-to-month,Fiber optic,Electronic check,23,12-24m,83.8,1900.25,3,1,0.2980817926302402,4
8806-EAGWC,Month-to-month,DSL,Mailed check,3,0-6m,55.15,159.15,1,1,0.3707935058487259,4
8853-TZDGH,Two year,Fiber optic,Bank transfer (automatic),72,72m+,111.6,8012.75,5,0,0.05231408421572083,8
7779-LGOVN,Month-to-month,Fiber optic,Electronic check,10,6-12m,86.65,856.65,1,1,0.7715069153669443,1
4324-BZCKL,Month-to-month,DSL,Mailed check,10,6-12m,55.55,551.3,2,0,0.2551711708567883,5
6924-TDGMT,One year,No,Mailed check,11,6-12m,20.55,184.95,0,0,0.08345170887906733,7
9710-ZUSHQ,Month-to-month,Fiber optic,Bank transfer (automatic),37,24-48m,106.75,4056.75,4,1,0.451840549782055,3
1536-YHDOE,One year,DSL,Mailed check,17,12-24m,62.1,1096.65,2,0,0.08497475622936536,7
8123-QBNAZ,Month-to-month,Fiber optic,Credit card (automatic),36,24-48m,104.5,3684.95,4,0,0.38755531518154923,4
3629-ZNKXA,Month-to-month,Fiber optic,Electronic check,17,12-24m,101.8,1752.45,4,0,0.7246784401780367,1
4827-LTQRJ,One year,Fiber optic,Credit card (automatic),66,48-72m,110.6,7210.85,5,0,0.08276086926681,7
7711-YIJWC,One year,DSL,Bank transfer (automatic),61,48-72m,84.9,5264.5,6,0,0.018191916968001383,9
5482-VXSXJ,Month-to-month,Fiber optic,Mailed check,22,12-24m,93.2,2157.3,3,0,0.5628958124720304,2
7365-BVCJH,Month-to-month,DSL,Electronic check,1,0-6m,24.4,24.4,0,0,0.6258424197204513,2
9620-ENEJV,Month-to-month,Fiber optic,Credit card (automatic),6,6-12m,70.55,433.95,0,0,0.4867829342841753,3
4183-WCSEP,Month-to-month,Fiber optic,Electronic check,31,24-48m,78.45,2435.15,2,1,0.3713208770454123,4
2378-YIZKA,Two year,DSL,Credit card (automatic),68,48-72m,85.0,5607.75,6,0,0.011569539632395352,10
5498-TXHLF,Month-to-month,Fiber optic,Electronic check,34,24-48m,87.45,2874.15,2,1,0.46252794539524256,3
0689-DSXGL,Month-to-month,Fiber optic,Bank transfer (automatic),52,48-72m,85.8,4433.3,3,0,0.08975716562404698,7
6818-DJXAA,Month-to-month,Fiber optic,Electronic check,10,6-12m,91.1,964.35,3,0,0.5853764327914036,2
9722-UJOJR,Month-to-month,Fiber optic,Electronic check,29,24-48m,70.75,1974.8,0,1,0.42713864084825137,3
0464-WJTKO,Two year,No,Bank transfer (automatic),72,72m+,20.1,1460.85,0,0,0.0040075837363008114,10
8902-ZEOVF,One year,No,Mailed check,47,24-48m,20.05,951.55,0,0,0.01649695206642782,9
6778-EICRF,One year,DSL,Mailed check,24,24-48m,74.8,1821.2,3,0,0.120121703862378,6
2662-NNTDK,One year,No,Credit card (automatic),65,48-72m,24.8,1600.95,0,0,0.015508726292419103,9
4132-KALRO,Month-to-month,Fiber optic,Mailed check,4,0-6m,100.85,399.25,3,0,0.692527335197554,1
3902-FOIGH,Month-to-month,Fiber optic,Electronic check,12,12-24m,101.35,1218.55,3,1,0.7995138749205556,1
6772-KSATR,Month-to-month,Fiber optic,Electronic check,1,0-6m,81.7,81.7,1,1,0.6836836808074904,1
7112-OPOTK,Month-to-month,Fiber optic,Electronic check,33,24-48m,68.25,2171.15,0,1,0.379406688597982,4
2874-YXVVA,Month-to-month,Fiber optic,Electronic check,34,24-48m,105.1,3634.8,5,0,0.4660044616905267,3
1245-HARPS,Two year,No,Mailed check,14,12-24m,20.4,292.4,0,0,0.03138983973735865,9
4210-QFJMF,Month-to-month,Fiber optic,Electronic check,4,0-6m,79.15,317.25,1,1,0.740712245492179,1
4323-ELYYB,One year,No,Mailed check,13,12-24m,20.0,218.55,0,0,0.05007946618010568,8
4293-ETKAP,Two year,DSL,Bank transfer (automatic),65,48-72m,79.4,5071.9,4,0,0.02463655145272912,9
6064-PUPMC,One year,DSL,Credit card (automatic),23,12-24m,57.2,1423.35,2,0,0.039609989932453335,8
6504-VBLFL,Two year,DSL,Electronic check,55,48-72m,58.6,3068.6,3,0,0.01871040863284767,9
6322-PJJDJ,Two year,Fiber optic,Electronic check,49,48-72m,94.8,4690.65,3,0,0.16427395250167975,6
0330-BGYZE,One year,Fiber optic,Bank transfer (automatic),60,48-72m,102.5,6157.6,4,0,0.13374550539997912,6
1085-LDWAM,One year,No,Credit card (automatic),69,48-72m,20.35,1442.65,0,0,0.011401718753103682,10
7586-ZATGZ,Month-to-month,Fiber optic,Electronic check,40,24-48m,84.9,3369.05,1,0,0.5447023030731403,2
7197-VOJMM,Two year,DSL,Credit card (automatic),67,48-72m,69.2,4671.65,4,0,0.010584998196472427,10
3318-OSATS,Month-to-month,Fiber optic,Electronic check,35,24-48m,95.45,3474.05,2,1,0.6883205600777336,1
5828-AVIPD,One year,Fiber optic,Electronic check,19,12-24m,100.95,1875.55,3,1,0.4540299713594331,3
1843-TLSGD,Two year,No,Mailed check,13,12-24m,20.85,272.35,0,0,0.027838904589178017,9
9626-VFRGG,Month-to-month,Fiber optic,Bank transfer (automatic),41,24-48m,88.5,3645.05,2,0,0.38011918267434053,4
7075-BNDVQ,Month-to-month,DSL,Mailed check,4,0-6m,35.0,135.75,2,0,0.31532505892372437,4
9143-CANJF,Month-to-month,DSL,Electronic check,24,24-48m,55.15,1319.85,2,0,0.11400909382863131,7
7284-BUYEC,Month-to-month,DSL,Credit card (automatic),5,0-6m,50.95,229.4,3,0,0.5979632900321086,2
2041-JIJCI,Month-to-month,DSL,Electronic check,5,0-6m,64.0,370.25,2,0,0.5865783830750187,2
1086-LXKFY,Month-to-month,Fiber optic,Mailed check,1,0-6m,69.1,69.1,0,1,0.5616629046279489,2
4900-MSOMT,Two year,DSL,Bank transfer (automatic),72,72m+,80.2,5714.2,5,0,0.007325658838184628,10
2229-VWQJH,Month-to-month,DSL,Credit card (automatic),24,24-48m,49.3,1233.25,1,0,0.23549889617059763,5
9194-GFVOI,Two year,DSL,Credit card (automatic),42,24-48m,84.35,3571.6,5,0,0.03285198900391275,9
1336-EZFZY,Month-to-month,No,Mailed check,4,0-6m,20.05,83.3,0,0,0.1529880106486133,6
4282-MSACW,One year,Fiber optic,Credit card (automatic),68,48-72m,117.2,8035.95,6,0,0.07383549609555905,7
1403-LKLIK,One year,No,Mailed check,33,24-48m,20.1,579.4,0,0,0.026132163233601593,9
2636-ALXXZ,Month-to-month,Fiber optic,Electronic check,1,0-6m,69.6,69.6,0,1,0.752905602801065,1
7774-OJSXI,One year,Fiber optic,Electronic check,31,24-48m,103.45,3066.45,4,1,0.48540194141798887,3
7786-WBJYI,Month-to-month,Fiber optic,Bank transfer (automatic),4,0-6m,77.95,305.55,1,1,0.5639434398883978,2
0136-IFMYD,Two year,Fiber optic,Electronic check,69,48-72m,109.95,7634.25,5,0,0.10168082425734638,7
5144-TVGLP,Month-to-month,Fiber optic,Electronic check,38,24-48m,94.75,3653.0,2,0,0.5895997938843202,2
9643-AVVWI,Month-to-month,Fiber optic,Electronic check,3,0-6m,80.0,241.3,2,0,0.5390459070806275,2
0253-ZTEOB,Two year,DSL,Electronic check,48,48-72m,79.65,3870.3,4,0,0.04641679821882518,8
2706-QZIHY,Two year,No,Mailed check,15,12-24m,25.2,387.9,0,0,0.04031610760872923,8
6061-PQHMK,One year,No,Credit card (automatic),25,24-48m,19.9,527.5,0,0,0.04328790071954703,8
9885-CSMWE,Month-to-month,Fiber optic,Electronic check,1,0-6m,78.45,78.45,1,1,0.7518528966662461,1
6137-MFAJN,Month-to-month,DSL,Electronic check,48,48-72m,44.8,2104.55,3,0,0.22884099242881645,5
9122-UMROB,Month-to-month,No,Mailed check,1,0-6m,20.3,20.3,0,0,0.16569308489715906,6
4232-JGKIY,Month-to-month,No,Electronic check,1,0-6m,19.2,19.2,0,0,0.2406166739691903,5
2402-TAIRZ,One year,Fiber optic,Electronic check,37,24-48m,80.05,3019.1,2,0,0.18428386613953412,5
9659-ZTWSM,One year,Fiber optic,Bank transfer (automatic),66,48-72m,107.35,7051.95,5,0,0.13457060673277413,6
9139-TWBAS,One year,DSL,Bank transfer (automatic),26,24-48m,47.85,1190.5,4,0,0.11754212337955607,6
6685-GBWJZ,One year,DSL,Credit card (automatic),63,48-72m,70.8,4448.8,4,0,0.015870213323432452,9
5016-ETTFF,Month-to-month,DSL,Mailed check,10,6-12m,29.5,255.25,1,1,0.35424701292123206,4
3866-MDTUB,Month-to-month,DSL,Electronic check,2,0-6m,70.75,146.9,3,1,0.5384108739217301,2
2195-VVRJF,Month-to-month,DSL,Credit card (automatic),18,12-24m,59.1,1011.05,2,0,0.2830431561161379,4
3913-RDSJZ,Two year,No,Mailed check,64,48-72m,25.55,1714.95,0,0,0.007947021367036813,10
8058-JMEQO,Month-to-month,Fiber optic,Electronic check,9,6-12m,84.45,762.5,1,1,0.7987939294455841,1
4203-QGNZA,Month-to-month,No,Mailed check,28,24-48m,20.25,535.35,0,0,0.06475665033978154,7
5043-TRZWM,Month-to-month,Fiber optic,Electronic check,1,0-6m,75.55,75.55,1,0,0.6238403718468153,2
0697-ZMSWS,Month-to-month,Fiber optic,Electronic check,4,0-6m,85.65,338.9,1,1,0.7861249401233465,1
7657-DYEPJ,One year,DSL,Credit card (automatic),38,24-48m,70.15,2497.35,4,1,0.0918257346750866,7
9494-BDNNC,One year,Fiber optic,Electronic check,66,48-72m,95.3,6273.4,3,0,0.11770953843533483,6
1640-PLFMP,Month-to-month,Fiber optic,Electronic check,1,0-6m,70.25,70.25,0,0,0.7072764662356348,1
5366-OBVMR,Month-to-month,DSL,Mailed check,18,12-24m,50.3,908.75,1,0,0.19222723422149043,5
8276-MQBYC,Month-to-month,Fiber optic,Electronic check,51,48-72m,97.8,4913.3,3,1,0.5732072558554828,2
7644-OMVMY,Two year,No,Mailed check,0,0-6m,19.85,0.0,0,0,0.043459303022066326,8
7593-XFKDI,Month-to-month,DSL,Mailed check,1,0-6m,46.3,46.3,0,1,0.3096334340991714,4
4573-JKNAE,Two year,No,Bank transfer (automatic),12,12-24m,19.35,212.3,0,0,0.032184084682150206,9
0337-CNPZE,Month-to-month,Fiber optic,Electronic check,41,24-48m,106.3,4443.45,4,1,0.560811357255322,2
9817-APLHW,Month-to-month,No,Electronic check,12,12-24m,25.0,316.2,0,0,0.22262627383412598,5
8380-MQINP,Two year,No,Mailed check,55,48-72m,20.3,1079.05,0,0,0.007013219226446915,10
0840-DFEZH,Month-to-month,Fiber optic,Electronic check,7,6-12m,75.35,564.65,0,0,0.7243675768486895,1
1513-XNPPH,Month-to-month,Fiber optic,Electronic check,12,12-24m,89.4,1095.65,3,1,0.5973655389656803,2
8690-ZVLCL,Two year,DSL,Credit card (automatic),68,48-72m,88.0,6161.9,6,0,0.011464227213041068,10
6015-VVHHE,Month-to-month,Fiber optic,Credit card (automatic),5,0-6m,83.15,446.05,1,1,0.7688559509167645,1
1125-SNVCK,Month-to-month,DSL,Mailed check,49,48-72m,43.8,2106.05,0,0,0.10525791747332032,7
0384-LPITE,One year,DSL,Credit card (automatic),40,24-48m,62.05,2511.55,5,0,0.09541366953568135,7
4616-EWBNJ,One year,No,Bank transfer (automatic),16,12-24m,20.1,318.6,0,0,0.056249390590241755,8
6347-DCUIK,Month-to-month,Fiber optic,Mailed check,10,6-12m,74.15,811.8,0,1,0.6115338945431371,2
1335-HQMKX,One year,Fiber optic,Electronic check,72,72m+,101.35,7323.15,4,0,0.18813486773113527,5
2545-EBUPK,Month-to-month,Fiber optic,Electronic check,2,0-6m,84.05,186.05,1,0,0.835342172527527,1
6923-AQONU,Two year,No,Mailed check,23,12-24m,20.9,454.0,0,0,0.020020836057113005,9
2172-EJXVF,One year,Fiber optic,Electronic check,71,48-72m,105.9,7521.95,4,0,0.2231742170422268,5
0897-FEGMU,Month-to-month,Fiber optic,Electronic check,11,6-12m,99.5,1056.95,3,1,0.7872364755818702,1
7663-RGWBC,Month-to-month,DSL,Mailed check,1,0-6m,44.15,44.15,0,1,0.40038404387494153,3
1120-BMWUB,Month-to-month,DSL,Mailed check,16,12-24m,53.9,834.15,2,1,0.2066212065714291,5
9124-LHCJQ,Month-to-month,Fiber optic,Mailed check,1,0-6m,85.45,85.45,1,1,0.7245101939519919,1
4536-PLEQY,Month-to-month,Fiber optic,Credit card (automatic),12,12-24m,85.05,999.8,2,0,0.5458704100457159,2
7029-IJEJK,One year,DSL,Bank transfer (automatic),54,48-72m,44.1,2369.7,3,0,0.03799428952116116,8
8871-JLMHM,Two year,Fiber optic,Credit card (automatic),68,48-72m,90.2,6297.65,3,0,0.024572851173945455,9
2235-ZGKPT,Month-to-month,DSL,Mailed check,4,0-6m,50.85,239.55,0,1,0.3046830883507528,4
3891-PUQOD,Month-to-month,DSL,Electronic check,1,0-6m,59.2,59.2,2,1,0.4407215267437466,3
5447-VYTKW,Month-to-month,DSL,Mailed check,27,24-48m,53.45,1461.45,2,0,0.08872861694049015,7
3623-FQBOX,Month-to-month,No,Mailed check,21,12-24m,19.95,416.4,0,0,0.1262027687554188,6
0689-NKYLF,Month-to-month,Fiber optic,Electronic check,13,12-24m,83.2,1060.6,2,1,0.693690089381439,1
8659-HDIYE,Month-to-month,DSL,Credit card (automatic),64,48-72m,74.65,4869.35,4,0,0.07081110828997042,7
3658-KIBGF,Month-to-month,DSL,Electronic check,1,0-6m,54.9,54.9,2,1,0.3936031025230616,3
3474-BAFSJ,Two year,DSL,Bank transfer (automatic),57,48-72m,57.5,3265.95,5,0,0.04544995777888072,8
5519-YLDGW,Month-to-month,Fiber optic,Electronic check,21,12-24m,103.9,2254.2,4,1,0.6506049991345985,2
3865-ZFZIB,Two year,No,Mailed check,19,12-24m,19.65,358.15,0,0,0.02918743740128185,9
1855-AGAWH,One year,Fiber optic,Electronic check,31,24-48m,93.8,2939.8,3,0,0.41477975216902413,3
7109-CQYUZ,Two year,DSL,Mailed check,52,48-72m,89.25,4652.4,6,0,0.03203652037903838,9
1370-GGAWX,One year,Fiber optic,Electronic check,46,24-48m,94.15,4408.45,3,0,0.2905885356249246,4
4680-KUTAJ,Month-to-month,DSL,Electronic check,11,6-12m,55.6,580.8,1,0,0.45141413822394083,3
5307-UVGNB,Month-to-month,DSL,Bank transfer (automatic),53,48-72m,48.7,2495.2,4,0,0.10833643844608011,7
4946-EDSEW,Month-to-month,No,Mailed check,11,6-12m,19.25,180.3,0,1,0.14147328159025194,6
2883-ILGWO,Month-to-month,Fiber optic,Bank transfer (automatic),57,48-72m,104.9,5913.95,4,0,0.3071294003927428,4
2516-VQRRV,Month-to-month,Fiber optic,Mailed check,2,0-6m,75.45,158.4,0,1,0.7125377596624995,1
7580-UGXNC,Month-to-month,DSL,Mailed check,2,0-6m,54.85,104.2,2,1,0.26213686045123225,5
3642-BYHDO,Two year,No,Bank transfer (automatic),71,48-72m,19.9,1389.35,0,0,0.004164162607341817,10
9629-NHXFW,Month-to-month,No,Mailed check,1,0-6m,19.4,19.4,0,0,0.18690097376912815,5
2696-RZVZW,Two year,No,Credit card (automatic),68,48-72m,25.05,1629.2,0,0,0.0072279988660078065,10
5766-FTRTS,Two year,DSL,Mailed check,72,72m+,84.45,6033.1,6,0,0.008199525888865671,10
0396-HUJBP,Month-to-month,No,Mailed check,2,0-6m,19.3,44.4,0,0,0.16438986698765407,6
5178-LMXOP,Month-to-month,Fiber optic,Electronic check,1,0-6m,95.1,95.1,2,1,0.8664168605995194,1
8879-ZKJOF,One year,DSL,Bank transfer (automatic),41,24-48m,79.85,3320.75,5,0,0.06532997068224561,7
6285-FTQBF,Two year,No,Credit card (automatic),72,72m+,25.55,1867.7,0,0,0.005401362751648613,10
8185-UPYBR,Month-to-month,Fiber optic,Electronic check,6,6-12m,75.5,438.0,0,1,0.7152818099971888,1
4585-HETAI,Month-to-month,Fiber optic,Electronic check,4,0-6m,73.75,325.45,1,1,0.6394327046758879,2
7526-BEZQB,Month-to-month,Fiber optic,Electronic check,12,12-24m,96.05,1148.1,2,1,0.7917280802649376,1
1474-JUWSM,One year,DSL,Electronic check,58,48-72m,68.4,3972.25,3,0,0.055317821443106735,8
3530-CRZSB,Month-to-month,No,Mailed check,7,6-12m,20.65,155.9,0,0,0.13861908289199118,6
8498-XXGWA,Month-to-month,DSL,Mailed check,65,48-72m,55.15,3673.15,2,0,0.04546544018060255,8
9617-INGJY,Month-to-month,Fiber optic,Mailed check,1,0-6m,70.6,70.6,0,0,0.6066309060153424,2
0621-TSSMU,One year,No,Credit card (automatic),56,48-72m,19.95,1126.75,0,0,0.014558128567213544,10
7234-KMNRQ,Month-to-month,No,Mailed check,4,0-6m,19.0,73.45,0,0,0.15630829000084917,6
7636-PEPNS,One year,DSL,Mailed check,58,48-72m,44.1,2413.05,0,0,0.03731641983719536,8
4683-WYDOU,Two year,Fiber optic,Bank transfer (automatic),62,48-72m,107.6,6912.7,4,0,0.07086236591459444,7
9052-DHNKM,One year,DSL,Electronic check,26,24-48m,61.55,1581.95,2,0,0.11113994588660857,7
6794-HKIAJ,Month-to-month,Fiber optic,Bank transfer (automatic),62,48-72m,90.7,5586.45,3,0,0.1044615358227845,7
5578-NKCXI,One year,Fiber optic,Credit card (automatic),58,48-72m,99.25,5846.65,4,0,0.0693140829128431,7
1642-HMARX,Two year,DSL,Electronic check,68,48-72m,91.7,6424.7,6,0,0.02556992204236325,9
3096-WPXBT,One year,Fiber optic,Credit card (automatic),61,48-72m,100.7,6018.65,4,0,0.08057365170428218,7
8434-PNQZX,Two year,DSL,Credit card (automatic),42,24-48m,78.45,3373.4,4,0,0.07077563769409714,7
5950-AAAGJ,Month-to-month,Fiber optic,Bank transfer (automatic),18,12-24m,84.3,1537.9,1,0,0.5379307575676853,2
4299-OPXEJ,Two year,No,Bank transfer (automatic),56,48-72m,19.55,1080.55,0,0,0.012171583646829303,10
4951-UKAAQ,Month-to-month,Fiber optic,Electronic check,4,0-6m,88.95,355.2,2,1,0.7784756724022548,1
9618-LFJRU,Month-to-month,No,Credit card (automatic),4,0-6m,20.45,82.85,0,0,0.1552373666728739,6
6693-DJWTY,One year,DSL,Credit card (automatic),35,24-48m,55.6,2016.45,2,0,0.03888770864522034,8
0744-GKNGE,Month-to-month,Fiber optic,Bank transfer (automatic),64,48-72m,86.8,5327.25,2,0,0.08581670502614386,7
6447-EGDIV,One year,No,Mailed check,31,24-48m,20.95,683.25,0,0,0.033900565398398544,8
1167-OYZJF,Two year,No,Bank transfer (automatic),67,48-72m,20.05,1263.05,0,0,0.009589742828530295,10
2108-YKQTY,Month-to-month,DSL,Credit card (automatic),4,0-6m,50.7,151.3,1,1,0.2794145091873376,4
4806-DXQCE,Two year,Fiber optic,Electronic check,70,48-72m,113.65,7714.65,6,0,0.07272351436335464,7
4918-QLLIW,Month-to-month,DSL,Credit card (automatic),3,0-6m,53.4,188.7,1,1,0.38709188354726803,4
7056-IMHCC,Month-to-month,Fiber optic,Electronic check,53,48-72m,101.9,5549.4,3,1,0.4976159250703365,3
4854-SSLTN,Two year,DSL,Mailed check,2,0-6m,59.5,130.5,3,0,0.042325892458871146,8
5294-DMSFH,Month-to-month,Fiber optic,Credit card (automatic),29,24-48m,87.8,2621.75,2,0,0.4796372195574688,3
4837-PZTIC,Two year,DSL,Mailed check,47,24-48m,41.9,1875.25,3,0,0.019398504539456723,9
1625-JAIIY,One year,Fiber optic,Electronic check,68,48-72m,83.0,5685.8,1,1,0.16156210277549088,6
0603-OLQDC,Month-to-month,DSL,Mailed check,12,12-24m,69.85,837.5,3,0,0.3213075573023957,4
3272-VUHPV,Month-to-month,DSL,Bank transfer (automatic),8,6-12m,56.3,401.5,2,0,0.15482000289383316,6
4176-FXYBO,Month-to-month,Fiber optic,Electronic check,54,48-72m,109.55,6118.95,5,0,0.2816387732637979,4
1063-DHQJF,Two year,Fiber optic,Mailed check,69,48-72m,92.15,6480.9,3,0,0.028134188781266237,9
8663-UPDGF,Month-to-month,DSL,Bank transfer (automatic),26,24-48m,69.5,1800.05,3,0,0.24994972359241324,5
6719-FGEDO,Two year,Fiber optic,Bank transfer (automatic),72,72m+,97.0,7104.2,4,0,0.019830383228186817,9
1837-YQUCE,Two year,DSL,Bank transfer (automatic),70,48-72m,58.35,4214.25,5,0,0.023982015648641712,9
2947-DOMLJ,Month-to-month,DSL,Mailed check,1,0-6m,50.6,50.6,1,1,0.21482695058940038,5
4112-LUEIZ,Month-to-month,Fiber optic,Electronic check,10,6-12m,89.5,863.1,2,1,0.7598441392603251,1
0369-ZGOVK,One year,Fiber optic,Bank transfer (automatic),28,24-48m,70.4,1992.2,0,0,0.19849521184166755,5
4510-HIMLV,Month-to-month,Fiber optic,Electronic check,1,0-6m,69.8,69.8,0,1,0.7095249699228027,1
9919-KNPOO,Month-to-month,Fiber optic,Electronic check,21,12-24m,94.3,1948.35,2,0,0.7310226253259292,1
8749-JMNKX,Month-to-month,Fiber optic,Bank transfer (automatic),51,48-72m,93.8,4750.95,3,1,0.300091545568857,4
7872-BAAZR,One year,No,Bank transfer (automatic),53,48-72m,19.55,1007.9,0,0,0.013745382430461747,10
9391-LMANN,One year,Fiber optic,Electronic check,53,48-72m,95.95,5036.9,4,0,0.08972020717289955,7
2430-USGXP,Month-to-month,Fiber optic,Electronic check,24,24-48m,101.05,2391.8,3,1,0.6970849278274006,1
8174-TBVCF,Two year,DSL,Credit card (automatic),70,48-72m,94.8,6859.05,6,0,0.014827426365951928,10
1698-XFZCI,One year,Fiber optic,Electronic check,61,48-72m,107.75,6521.9,5,0,0.19535853944020454,5
1877-HKBQX,One year,DSL,Mailed check,11,6-12m,54.6,617.85,2,0,0.1014661046776307,7
4450-DLLMH,Month-to-month,Fiber optic,Credit card (automatic),2,0-6m,71.3,157.75,0,0,0.6009738189245903,2
0428-AXXLJ,One year,No,Bank transfer (automatic),25,24-48m,19.5,516.3,0,0,0.05938979597706638,8
2746-DIJLO,One year,DSL,Credit card (automatic),41,24-48m,56.3,2364.0,1,0,0.09272928744113897,7
5955-ERIHD,Month-to-month,Fiber optic,Electronic check,18,12-24m,94.7,1687.95,2,1,0.7485850276126805,1
0917-EZOLA,Two year,Fiber optic,Bank transfer (automatic),72,72m+,104.15,7689.95,4,1,0.08790810287888604,7
3508-VLHCZ,Two year,DSL,Credit card (automatic),71,48-72m,90.55,6239.05,6,0,0.01373942119951649,10
4086-ATNFV,One year,DSL,Mailed check,34,24-48m,60.8,2042.05,3,0,0.04937205218079136,8
0468-YRPXN,Month-to-month,Fiber optic,Credit card (automatic),29,24-48m,98.8,2807.1,4,0,0.4343559839493262,3
5996-NRVXR,One year,Fiber optic,Credit card (automatic),40,24-48m,98.15,4116.8,5,0,0.1326051571866088,6
3739-YBWAB,One year,DSL,Mailed check,36,24-48m,35.35,1317.95,2,0,0.06637102715802555,7
7047-FWEYA,One year,Fiber optic,Electronic check,46,24-48m,103.15,4594.65,4,0,0.2759408198915801,4
2000-MPKCA,One year,Fiber optic,Electronic check,58,48-72m,107.75,6332.75,5,0,0.2117144663153271,5
9762-YAQAA,One year,Fiber optic,Credit card (automatic),39,24-48m,81.4,3213.75,1,0,0.15581083781138666,6
5949-EBSQK,Month-to-month,DSL,Credit card (automatic),4,0-6m,61.45,229.55,2,1,0.22862974264379426,5
5473-KHBPS,One year,Fiber optic,Credit card (automatic),52,48-72m,95.7,4976.15,3,0,0.15493863139715022,6
0100-DUVFC,One year,Fiber optic,Electronic check,70,48-72m,104.8,7308.95,4,0,0.2206158228280755,5
5397-TUPSH,One year,Fiber optic,Bank transfer (automatic),65,48-72m,70.95,4555.2,0,0,0.09185332139316957,7
8950-MTZNV,Month-to-month,DSL,Mailed check,1,0-6m,44.95,44.95,0,0,0.395747361949148,3
0326-VDYXE,One year,Fiber optic,Electronic check,70,48-72m,97.65,6982.5,3,0,0.20746255231539806,5
6773-LQTVT,Month-to-month,DSL,Mailed check,29,24-48m,35.65,1025.15,2,0,0.2664161484541046,5
7274-RTAPZ,Month-to-month,Fiber optic,Electronic check,1,0-6m,90.55,90.55,2,1,0.8067831749179892,1
0436-TWFFZ,Two year,DSL,Mailed check,67,48-72m,85.25,5714.2,5,0,0.02081270934964084,9
8566-YPRGL,Month-to-month,No,Mailed check,1,0-6m,19.5,19.5,0,0,0.22250098539703866,5
0311-UNPFF,Month-to-month,Fiber optic,Bank transfer (automatic),26,24-48m,88.8,2274.35,2,1,0.5484426899994831,2
6609-MXJHJ,Two year,No,Mailed check,30,24-48m,25.1,789.55,0,0,0.03010098807988128,9
2669-OIDSD,Month-to-month,Fiber optic,Credit card (automatic),48,48-72m,100.05,4834.0,4,0,0.26723727665518976,5
8400-WZICQ,Month-to-month,DSL,Electronic check,55,48-72m,55.7,3131.8,2,0,0.05541277009436371,8
3834-XUIFC,Month-to-month,Fiber optic,Mailed check,7,6-12m,85.2,602.55,1,1,0.6837621868660789,1
9576-SYUHJ,Month-to-month,Fiber optic,Electronic check,37,24-48m,91.15,3369.25,2,0,0.4713539748676955,3
0410-IPFTY,Month-to-month,Fiber optic,Bank transfer (automatic),31,24-48m,83.85,2674.15,2,0,0.38967811405398545,4
2831-EBWRN,Month-to-month,DSL,Electronic check,4,0-6m,45.9,199.75,0,0,0.4733803041324921,3
9430-NKQLY,Two year,No,Credit card (automatic),72,72m+,25.1,1790.8,0,0,0.007699727404579858,10
8414-MYSHR,Month-to-month,Fiber optic,Electronic check,5,0-6m,91.4,449.75,2,1,0.8161308549102865,1
0247-SLUJI,Month-to-month,No,Mailed check,1,0-6m,19.7,19.7,0,0,0.13901529225194975,6
9402-ORRAH,Month-to-month,Fiber optic,Electronic check,15,12-24m,91.5,1400.3,2,0,0.7597793491110373,1
6483-OATDN,Month-to-month,DSL,Credit card (automatic),8,6-12m,51.3,411.6,1,0,0.22257800723121546,5
1293-HHSHJ,One year,No,Mailed check,35,24-48m,21.1,741.0,0,0,0.02965422313040936,9
4840-ORQXB,Month-to-month,Fiber optic,Electronic check,56,48-72m,104.75,5841.35,4,0,0.4127879302910903,3
7599-FKVXZ,Month-to-month,Fiber optic,Bank transfer (automatic),42,24-48m,106.15,4512.7,4,1,0.36181447921119847,4
3982-DQLUS,Month-to-month,Fiber optic,Electronic check,65,48-72m,85.75,5688.45,2,0,0.18985567771322612,5
8610-ZIKJJ,One year,No,Mailed check,2,0-6m,20.3,31.9,0,0,0.07044219589869881,7
3756-VNWDH,One year,Fiber optic,Electronic check,65,48-72m,100.75,6674.65,3,0,0.20223284650790965,5
7801-KICAO,Month-to-month,Fiber optic,Electronic check,18,12-24m,74.15,1345.75,0,0,0.6513889566952361,2
7673-LPRNY,One year,DSL,Electronic check,23,12-24m,78.55,1843.05,4,0,0.28040970072608445,4
8229-TNIQA,Month-to-month,DSL,Mailed check,4,0-6m,45.3,196.95,0,1,0.36990581781790094,4
6060-QBMGV,Two year,No,Credit card (automatic),70,48-72m,19.85,1433.8,0,0,0.005100380506728949,10
7339-POGZN,Month-to-month,DSL,Electronic check,4,0-6m,50.7,214.55,0,0,0.460241498042726,3
2828-SLQPF,Month-to-month,DSL,Bank transfer (automatic),19,12-24m,45.0,865.85,0,0,0.26394961465582595,5
4465-VDKIQ,Month-to-month,Fiber optic,Electronic check,18,12-24m,77.8,1358.6,2,0,0.47860725536456095,3
2921-XWDJH,Month-to-month,Fiber optic,Electronic check,38,24-48m,83.45,3147.15,2,0,0.4253422564544683,3
6221-AVQYL,Month-to-month,Fiber optic,Credit card (automatic),2,0-6m,73.25,131.05,0,1,0.6838742767308601,1
2558-BUOZZ,One year,Fiber optic,Bank transfer (automatic),47,24-48m,94.8,4535.85,3,0,0.1197477759662352,6
9257-AZMTZ,Two year,No,Bank transfer (automatic),52,48-72m,20.1,1078.75,0,0,0.007824590096277496,10
0003-MKNFE,Month-to-month,DSL,Mailed check,9,6-12m,59.9,542.4,1,0,0.3758986053637005,4
0975-UYDTX,One year,DSL,Credit card (automatic),26,24-48m,90.1,2312.55,6,0,0.11790076451769498,6
7743-EXURX,Month-to-month,DSL,Electronic check,8,6-12m,51.05,415.05,1,1,0.3800283860856286,4
4682-BLBUC,One year,DSL,Electronic check,44,24-48m,70.95,3250.45,4,0,0.08390207760523342,7
0975-VOOVL,Month-to-month,DSL,Mailed check,3,0-6m,29.2,98.5,1,0,0.3963757293788326,3
5968-VXZLG,Month-to-month,DSL,Bank transfer (automatic),2,0-6m,46.6,87.9,0,0,0.3793616684183689,4
5569-KGJHX,Month-to-month,Fiber optic,Bank transfer (automatic),9,6-12m,85.35,754.65,1,1,0.635028807681355,2
4988-IQIGL,Month-to-month,Fiber optic,Electronic check,1,0-6m,75.35,75.35,0,1,0.799690501522519,1
5201-FRKKS,Month-to-month,Fiber optic,Bank transfer (automatic),25,24-48m,74.3,1952.25,1,0,0.2594103702911728,5
9799-CAYJJ,Month-to-month,Fiber optic,Electronic check,2,0-6m,69.3,153.8,0,0,0.733549799793046,1
7730-IUTDZ,Month-to-month,Fiber optic,Electronic check,43,24-48m,75.2,3198.6,1,1,0.29019549816449264,4
0426-TIRNE,Month-to-month,No,Mailed check,1,0-6m,20.9,20.9,0,1,0.16369649393344252,6
5443-SCMKX,One year,Fiber optic,Electronic check,58,48-72m,94.3,5610.15,3,0,0.20181625925350785,5
8295-KMENE,Two year,DSL,Mailed check,59,48-72m,76.45,4519.5,4,0,0.016718655428362563,9
6738-ISCBM,One year,DSL,Electronic check,44,24-48m,54.0,2440.25,4,0,0.1877894614381344,5
9821-BESNZ,One year,Fiber optic,Electronic check,66,48-72m,104.25,6860.6,4,0,0.16950418194300054,6
3678-MNGZX,Two year,No,Bank transfer (automatic),68,48-72m,19.95,1377.7,0,0,0.004598855798318665,10
1335-NTIUC,Month-to-month,DSL,Electronic check,9,6-12m,24.95,190.25,0,0,0.5577285660259969,2
2916-BQZLN,Month-to-month,Fiber optic,Electronic check,19,12-24m,84.75,1651.95,2,0,0.5471587851741563,2
4558-CGYCZ,Month-to-month,No,Mailed check,4,0-6m,19.75,78.3,0,0,0.15393072165769933,6
2368-GAKKQ,Two year,Fiber optic,Bank transfer (automatic),70,48-72m,113.65,7939.25,6,0,0.04217620517275992,8
8710-YGLWG,Month-to-month,DSL,Mailed check,1,0-6m,44.9,44.9,0,0,0.3960366154180716,3
3199-XGZCY,Month-to-month,Fiber optic,Electronic check,8,6-12m,75.25,576.7,0,0,0.7180892950532332,1
3785-KTYSH,Two year,No,Mailed check,53,48-72m,24.6,1279.0,0,0,0.012631862830501136,10
6814-ZPWFQ,One year,No,Bank transfer (automatic),51,48-72m,25.0,1260.7,0,0,0.029578712058664112,9
4063-EIKNQ,Month-to-month,No,Bank transfer (automatic),11,6-12m,20.95,267.35,0,0,0.10104431860743047,7
6993-YCOBK,Two year,Fiber optic,Electronic check,60,48-72m,110.6,6586.85,5,0,0.07357837450366629,7
5206-HPJKM,Month-to-month,DSL,Credit card (automatic),17,12-24m,55.5,934.15,2,0,0.19802768098163817,5
7587-RZNME,Month-to-month,DSL,Electronic check,3,0-6m,43.3,123.65,0,1,0.49748949097807466,3
0748-RDGGM,One year,Fiber optic,Bank transfer (automatic),70,48-72m,109.5,7534.65,6,1,0.05131886266714031,8
8393-JMVMB,Month-to-month,No,Mailed check,1,0-6m,19.45,19.45,0,0,0.16855493234963448,6
5019-GQVCR,Month-to-month,Fiber optic,Electronic check,43,24-48m,84.85,3645.6,1,0,0.5734185409388214,2
6036-TTFYU,Month-to-month,No,Mailed check,16,12-24m,19.6,314.45,0,0,0.10162521455671365,7
2550-AEVRU,One year,DSL,Electronic check,57,48-72m,53.45,3053.0,2,0,0.027731332004068184,9
0969-RGKCU,One year,No,Credit card (automatic),37,24-48m,19.8,677.05,0,0,0.023695114693068516,9
0378-CJKPV,Two year,Fiber optic,Credit card (automatic),72,72m+,112.1,7965.95,6,0,0.02788931020962619,9
4706-AXVKM,Month-to-month,Fiber optic,Credit card (automatic),11,6-12m,84.8,906.85,1,1,0.7087644473884745,1
5889-JTMUL,Month-to-month,Fiber optic,Electronic check,50,48-72m,95.05,4888.7,3,1,0.4678561592274332,3
9026-RNUJS,Month-to-month,DSL,Electronic check,5,0-6m,50.35,237.25,1,1,0.4305215345569368,3
3746-EUBYR,Month-to-month,Fiber optic,Bank transfer (automatic),1,0-6m,74.6,74.6,0,1,0.6626528016041282,2
2332-EFBJY,Month-to-month,No,Mailed check,16,12-24m,19.7,342.4,0,1,0.14670512334255958,6
2880-FPNAE,Month-to-month,Fiber optic,Electronic check,2,0-6m,74.2,140.1,1,0,0.7294894350788069,1
1703-MGIAB,Month-to-month,DSL,Mailed check,17,12-24m,69.0,1108.0,3,0,0.3278986714426605,4
4311-QTTAI,One year,No,Credit card (automatic),16,12-24m,19.35,295.55,0,0,0.058441498636104684,8
9474-PHLYD,Month-to-month,DSL,Electronic check,15,12-24m,59.45,892.65,2,1,0.4445058080764905,3
4318-RAJVY,One year,No,Mailed check,10,6-12m,19.8,198.25,0,0,0.09368176606650837,7
2165-VOEGB,One year,Fiber optic,Bank transfer (automatic),46,24-48m,105.2,4822.85,5,1,0.10204147065970955,7
3612-YUNGG,Two year,Fiber optic,Credit card (automatic),64,48-72m,109.2,6741.15,5,0,0.05904129031091616,8
2254-DLXRI,Month-to-month,Fiber optic,Mailed check,1,0-6m,79.15,79.15,1,0,0.6616240600088803,2
5062-CJJKH,One year,DSL,Mailed check,25,24-48m,53.65,1355.45,2,0,0.0701635925010952,7
9028-LIHRP,Two year,Fiber optic,Credit card (automatic),71,48-72m,100.2,7209.0,5,0,0.013800134387726325,10
2219-MVUSO,Month-to-month,DSL,Mailed check,8,6-12m,45.15,438.4,0,1,0.3399365357098356,4
1053-MXTTK,Two year,Fiber optic,Bank transfer (automatic),72,72m+,108.65,7726.35,6,0,0.02412760212038066,9
1530-ZTDOZ,Month-to-month,DSL,Bank transfer (automatic),49,48-72m,40.65,2070.75,2,0,0.11505581721727691,7
1301-LOPVR,One year,DSL,Credit card (automatic),29,24-48m,55.35,1636.95,5,0,0.08448091448604278,7
0853-TWRVK,Two year,Fiber optic,Bank transfer (automatic),72,72m+,105.6,7581.5,5,0,0.018509345824283426,9
8914-RBTSB,Month-to-month,Fiber optic,Electronic check,31,24-48m,93.8,3019.5,3,1,0.4946362149962453,3
6212-ATMLK,Month-to-month,Fiber optic,Electronic check,50,48-72m,95.7,4729.75,2,0,0.5163158816975956,3
8200-LGKSR,Two year,DSL,Electronic check,71,48-72m,83.2,6126.1,5,0,0.019519371095723985,9
1568-BEKZM,Two year,DSL,Credit card (automatic),70,48-72m,90.05,6333.4,6,0,0.01461262118641644,10
0670-ANMUU,One year,Fiber optic,Credit card (automatic),71,48-72m,97.65,6687.85,3,0,0.03953013728007096,8
6897-RWMUB,Two year,DSL,Bank transfer (automatic),61,48-72m,68.05,4158.25,4,0,0.007670173193053207,10
0963-ZBDRN,Month-to-month,Fiber optic,Electronic check,32,24-48m,96.2,3183.4,3,1,0.5034062105820829,3
7594-RQHXR,Month-to-month,Fiber optic,Electronic check,1,0-6m,79.6,79.6,1,1,0.7297307456926574,1
6999-CHVCF,Two year,Fiber optic,Bank transfer (automatic),68,48-72m,102.1,7149.35,4,0,0.04333065008439191,8
6134-KWTBV,Two year,No,Bank transfer (automatic),62,48-72m,23.4,1429.65,0,0,0.009678783183334849,10
1077-HUUJM,Month-to-month,Fiber optic,Electronic check,7,6-12m,71.05,472.65,0,0,0.625859594570878,2
6331-EWIEB,Month-to-month,Fiber optic,Electronic check,20,12-24m,85.25,1734.5,1,1,0.6992532369119385,1
0895-LNKRC,One year,No,Mailed check,6,6-12m,19.45,113.5,0,0,0.06333186559614881,7
2045-BMBTJ,Month-to-month,DSL,Bank transfer (automatic),33,24-48m,59.45,1884.65,5,0,0.33119692281454677,4
8417-GSODA,One year,Fiber optic,Bank transfer (automatic),28,24-48m,92.2,2568.15,2,0,0.30541471271323223,4
5171-EPLKN,Two year,No,Credit card (automatic),27,24-48m,19.85,470.0,0,0,0.022944363129857016,9
4452-QIIEB,Month-to-month,DSL,Mailed check,7,6-12m,43.9,278.4,0,0,0.2797591042001819,4
5998-VVEJY,Month-to-month,Fiber optic,Electronic check,26,24-48m,80.5,2088.8,1,1,0.49161626665967373,3
1624-NALOJ,Month-to-month,Fiber optic,Electronic check,5,0-6m,89.8,502.6,2,1,0.8051584040137221,1
6741-EGCBI,Month-to-month,Fiber optic,Credit card (automatic),30,24-48m,90.5,2595.85,2,0,0.4671678830405001,3
7820-ZYGNY,One year,Fiber optic,Credit card (automatic),63,48-72m,90.45,5825.5,2,0,0.09687405885618385,7
4317-VTEOA,Month-to-month,DSL,Electronic check,1,0-6m,50.75,50.75,1,1,0.47800109592014367,3
9677-AVKED,One year,DSL,Electronic check,53,48-72m,84.6,4449.75,5,0,0.0995811986670488,7
1670-SVOWZ,Month-to-month,Fiber optic,Credit card (automatic),14,12-24m,89.65,1208.35,3,1,0.4068622675003944,3
2227-JRSJX,Month-to-month,Fiber optic,Bank transfer (automatic),21,12-24m,99.15,1956.4,4,0,0.4778248788769017,3
9847-HNVGP,One year,No,Mailed check,17,12-24m,19.95,310.6,0,0,0.0544440083647197,8
6696-YDAYZ,Two year,No,Mailed check,16,12-24m,20.5,290.55,0,0,0.0254425800859032,9
8980-WQFWL,Month-to-month,DSL,Electronic check,35,24-48m,62.1,2096.1,2,0,0.2768945395957334,4
1730-ZMAME,Month-to-month,Fiber optic,Electronic check,32,24-48m,79.5,2665.0,1,0,0.5781953655251464,2
6506-EYCNH,Month-to-month,No,Bank transfer (automatic),28,24-48m,19.55,543.8,0,0,0.08487881013222838,7
4634-JLRJT,Month-to-month,No,Mailed check,1,0-6m,20.35,20.35,0,0,0.2189644180729767,5
9501-UKKNL,Month-to-month,DSL,Electronic check,59,48-72m,51.7,3005.8,3,0,0.21496602575473645,5
2560-QTSBS,One year,No,Bank transfer (automatic),72,72m+,23.3,1623.15,0,0,0.014091992777607334,10
7541-YLXCL,One year,DSL,Mailed check,36,24-48m,65.4,2498.4,3,1,0.0743940528485219,7
4795-WRNVT,Month-to-month,DSL,Mailed check,40,24-48m,65.1,2586.0,3,0,0.09768188933611219,7
6080-TCMYC,Month-to-month,Fiber optic,Electronic check,40,24-48m,81.2,3292.3,1,0,0.3990829989915419,3
0260-ZDLGK,Month-to-month,DSL,Mailed check,9,6-12m,72.9,651.4,4,1,0.35093770883697006,4
7860-UXCRM,Two year,DSL,Credit card (automatic),63,48-72m,74.5,4674.55,5,0,0.007727665548389739,10
6357-JJPQT,Month-to-month,Fiber optic,Electronic check,3,0-6m,80.5,232.35,1,0,0.7542386522987129,1
2292-XQWSV,One year,DSL,Mailed check,40,24-48m,60.3,2448.5,5,0,0.07961701684138325,7
9552-TGUZV,Month-to-month,Fiber optic,Mailed check,8,6-12m,75.0,658.1,1,0,0.4433421396524867,3
5913-INRQV,One year,Fiber optic,Mailed check,34,24-48m,90.15,3128.8,3,0,0.12042843960118609,6
8722-NGNBH,Month-to-month,DSL,Mailed check,5,0-6m,40.0,223.45,3,1,0.23760587237500624,5
6210-KBBPI,Month-to-month,Fiber optic,Credit card (automatic),9,6-12m,99.45,919.4,3,1,0.7670278081709827,1
9643-YBLUR,Month-to-month,DSL,Credit card (automatic),9,6-12m,69.05,653.95,3,0,0.4261088538590735,3
8734-FNWVH,Month-to-month,DSL,Bank transfer (automatic),31,24-48m,59.7,1825.5,1,0,0.18855961532027737,5
9447-YPTBX,One year,No,Bank transfer (automatic),50,48-72m,19.85,943.1,0,0,0.02443267963312875,9
0133-BMFZO,Month-to-month,Fiber optic,Electronic check,2,0-6m,86.25,181.65,3,1,0.5041885042486536,3
6128-CZOMY,Month-to-month,DSL,Electronic check,1,0-6m,45.65,45.65,0,1,0.5001015176596135,3
9540-JYROE,Month-to-month,Fiber optic,Mailed check,8,6-12m,70.1,551.35,0,1,0.5522445552352541,2
9026-LHEVG,Month-to-month,DSL,Electronic check,9,6-12m,40.75,359.4,2,0,0.5056014920718593,3
2260-USTRB,Month-to-month,Fiber optic,Bank transfer (automatic),2,0-6m,70.2,115.95,0,1,0.6524828846234431,2
3656-TKRVZ,Month-to-month,DSL,Electronic check,3,0-6m,55.35,165.2,2,1,0.29810645523533236,4
7011-CVEUC,Month-to-month,Fiber optic,Credit card (automatic),25,24-48m,95.7,2338.35,3,0,0.4433804984993476,3
6185-TASNN,Month-to-month,DSL,Electronic check,1,0-6m,46.3,46.3,0,0,0.46380708022638756,3
7925-PNRGI,Month-to-month,DSL,Mailed check,45,24-48m,81.3,3541.1,5,0,0.06101531122726778,8
8623-TMRBY,Month-to-month,Fiber optic,Electronic check,51,48-72m,84.2,4146.05,2,1,0.35416000562508865,4
1552-CZCLL,Month-to-month,No,Credit card (automatic),55,48-72m,20.0,1087.25,0,0,0.026066046905352212,9
3038-PQIUY,Month-to-month,DSL,Bank transfer (automatic),38,24-48m,66.15,2522.4,3,0,0.13260341760597802,6
1501-SGHBW,Month-to-month,DSL,Mailed check,2,0-6m,45.85,81.0,0,1,0.30478920840359575,4
9313-CDOGY,Month-to-month,No,Electronic check,38,24-48m,19.6,717.3,0,0,0.0675198664294194,7
8148-BPLZQ,Month-to-month,DSL,Electronic check,34,24-48m,49.8,1734.2,1,0,0.23588116125928763,5
2623-DRYAM,One year,Fiber optic,Electronic check,70,48-72m,101.75,7069.3,3,0,0.1916284177335952,5
9987-LUTYD,One year,DSL,Mailed check,13,12-24m,55.15,742.9,2,0,0.06865102717064914,7
3208-YPIOE,Month-to-month,Fiber optic,Electronic check,39,24-48m,75.25,3017.65,0,1,0.38841286741068876,4
4488-KQFDT,One year,Fiber optic,Electronic check,61,48-72m,103.95,6423.0,4,0,0.2535273666622026,5
2612-RANWT,Month-to-month,Fiber optic,Bank transfer (automatic),12,12-24m,100.15,1164.3,3,1,0.7105406570918582,1
5693-PIPCS,Two year,Fiber optic,Credit card (automatic),41,24-48m,99.65,4220.35,4,0,0.11411460015340127,7
0491-KAPQG,Month-to-month,Fiber optic,Electronic check,21,12-24m,73.7,1558.7,0,0,0.6306710673134727,2
1925-LFCZZ,One year,DSL,Bank transfer (automatic),55,48-72m,50.05,2743.45,3,0,0.15251250252080678,6
8039-EQPIM,Two year,DSL,Bank transfer (automatic),69,48-72m,60.25,4055.5,5,0,0.015680637998491533,9
6900-PXRMS,Month-to-month,Fiber optic,Electronic check,26,24-48m,105.75,2710.25,4,1,0.6013757767562264,2
8707-RMEZH,One year,Fiber optic,Credit card (automatic),69,48-72m,87.3,6055.55,3,0,0.0536574989682136,8
3346-BRMIS,Month-to-month,DSL,Electronic check,18,12-24m,48.35,810.7,3,1,0.6548054045772358,2
3209-ZPKFI,Month-to-month,DSL,Electronic check,47,24-48m,54.25,2538.2,1,0,0.13254267061425784,6
6479-VDGRK,Two year,DSL,Bank transfer (automatic),72,72m+,85.3,6129.2,6,0,0.006978206751867126,10
9373-WSLOY,Month-to-month,DSL,Electronic check,33,24-48m,50.0,1750.85,4,0,0.3568439357867082,4
2933-FILNV,Month-to-month,DSL,Mailed check,2,0-6m,24.4,36.55,0,1,0.45479346554678884,3
3569-JFODW,Two year,DSL,Credit card (automatic),72,72m+,90.95,6652.45,6,0,0.009350460065621161,10
9819-FBNSV,Month-to-month,Fiber optic,Bank transfer (automatic),37,24-48m,72.25,2575.45,0,0,0.3379814086056659,4
9544-PYPSJ,Month-to-month,Fiber optic,Credit card (automatic),62,48-72m,96.1,6019.35,3,0,0.23349467911002975,5
1591-XWLGB,Two year,No,Credit card (automatic),71,48-72m,19.85,1379.6,0,0,0.004932459680523632,10
0396-UKGAI,Month-to-month,DSL,Bank transfer (automatic),23,12-24m,55.3,1284.2,2,0,0.1471971643608807,6
3243-ZHOHY,One year,No,Mailed check,16,12-24m,20.1,296.15,0,0,0.05601014854993239,8
5186-EJEGL,Month-to-month,DSL,Mailed check,9,6-12m,69.5,653.25,4,0,0.24718858912392694,5
7527-QNRUS,Two year,No,Mailed check,17,12-24m,25.15,412.6,0,0,0.045806357920954964,8
9986-BONCE,Month-to-month,No,Bank transfer (automatic),4,0-6m,20.95,85.5,0,1,0.15076551569704935,6
2722-JMONI,Month-to-month,DSL,Electronic check,1,0-6m,49.55,49.55,1,1,0.45103142289995557,3
2203-GHNWN,Month-to-month,Fiber optic,Mailed check,24,24-48m,79.65,1928.7,1,0,0.46815790905821125,3
3878-AVSOQ,Month-to-month,Fiber optic,Electronic check,1,0-6m,71.25,71.25,0,0,0.7454057554765259,1
3258-SYSWS,Two year,Fiber optic,Bank transfer (automatic),72,72m+,113.8,7845.8,6,0,0.03477586240212294,8
5296-PSYVW,Two year,No,Electronic check,72,72m+,24.55,1750.7,0,0,0.009647093310498997,10
6319-QSUSR,Month-to-month,No,Credit card (automatic),11,6-12m,19.7,216.2,0,0,0.11325136917643717,7
4083-EUGRJ,Month-to-month,No,Mailed check,9,6-12m,20.25,178.5,0,1,0.131881580533307,6
7579-OOPEC,Month-to-month,DSL,Credit card (automatic),2,0-6m,50.15,115.1,1,1,0.32616326131113876,4
0512-FLFDW,One year,Fiber optic,Credit card (automatic),60,48-72m,100.5,6029.0,3,0,0.21923384086389727,5
1771-OADNZ,Month-to-month,Fiber optic,Electronic check,29,24-48m,95.9,2745.2,3,1,0.6192985589147012,2
0487-CRLZF,Two year,DSL,Bank transfer (automatic),49,48-72m,74.45,3721.9,4,0,0.041277052130005404,8
2107-FBPTK,Month-to-month,Fiber optic,Electronic check,30,24-48m,104.1,3121.1,4,0,0.7076571052839508,1
9451-WLYRI,One year,No,Credit card (automatic),53,48-72m,19.05,990.45,0,0,0.016427538899367967,9
8219-VYBVI,Two year,No,Mailed check,39,24-48m,25.0,1004.35,0,0,0.017226657149404936,9
1991-VOPLL,Month-to-month,No,Mailed check,9,6-12m,19.05,157.65,0,0,0.13524047491917526,6
9738-QLWTP,One year,Fiber optic,Electronic check,39,24-48m,81.9,3219.75,2,0,0.1334890405634302,6
1016-DJTSV,Month-to-month,Fiber optic,Electronic check,8,6-12m,69.7,572.85,0,0,0.706039882042274,1
9419-IPPBE,One year,Fiber optic,Electronic check,51,48-72m,90.15,4554.85,2,0,0.2278573731117051,5
0174-QRVVY,Two year,No,Credit card (automatic),71,48-72m,25.35,1847.55,0,0,0.005612090623372442,10
5699-BNCAS,Two year,No,Mailed check,71,48-72m,24.65,1766.75,0,0,0.012087233092484743,10
2900-PHPLN,Two year,No,Credit card (automatic),70,48-72m,19.55,1462.05,0,0,0.008978936644910465,10
0612-RTZZA,Month-to-month,DSL,Electronic check,1,0-6m,25.25,25.25,0,1,0.5900452335169133,2
8106-GWQOK,Two year,DSL,Bank transfer (automatic),38,24-48m,60.0,2193.2,5,0,0.0569239546642004,8
8751-EDEKA,Month-to-month,Fiber optic,Credit card (automatic),28,24-48m,89.9,2433.5,3,0,0.3274444834799423,4
6878-GGDWG,Month-to-month,No,Bank transfer (automatic),32,24-48m,19.4,641.15,0,0,0.062486527808285515,7
4039-PIMHX,Two year,DSL,Mailed check,49,48-72m,49.8,2398.4,1,0,0.025996685890419,9
8450-LUGUK,Two year,No,Bank transfer (automatic),37,24-48m,24.1,861.85,0,0,0.02461557946188034,9
3604-WLABM,Month-to-month,DSL,Electronic check,10,6-12m,54.25,583.0,2,0,0.2700312496159389,5
0795-GMVQO,One year,Fiber optic,Credit card (automatic),67,48-72m,109.9,7332.4,5,0,0.07557115362348013,7
2259-OUUSZ,One year,DSL,Credit card (automatic),7,6-12m,35.5,249.55,2,0,0.228657223900875,5
1142-IHLOO,One year,Fiber optic,Credit card (automatic),51,48-72m,87.55,4475.9,2,0,0.16133233093756827,6
6410-LEFEN,Month-to-month,DSL,Electronic check,9,6-12m,45.15,416.45,0,1,0.3537420830071082,4
4633-MKHYU,Month-to-month,Fiber optic,Mailed check,9,6-12m,88.4,788.6,2,0,0.6838505795582925,1
6257-RJOHI,Month-to-month,DSL,Mailed check,4,0-6m,50.8,202.3,1,0,0.2887260321259665,4
1545-JFUML,Two year,Fiber optic,Electronic check,71,48-72m,99.0,6994.6,4,0,0.06363152813595567,7
3194-ORPIK,Month-to-month,Fiber optic,Bank transfer (automatic),50,48-72m,84.4,4116.15,1,1,0.3094568431207613,4
7826-VVKWT,Two year,Fiber optic,Electronic check,24,24-48m,96.55,2263.45,3,0,0.3328743905465929,4
1353-GHZOS,One year,DSL,Bank transfer (automatic),22,12-24m,59.75,1374.35,2,0,0.12390351858207506,6
2587-EKXTS,Month-to-month,Fiber optic,Electronic check,44,24-48m,111.5,4915.15,5,0,0.4437342130318146,3
5442-BXVND,Month-to-month,No,Bank transfer (automatic),33,24-48m,24.25,838.5,0,0,0.06936823023003526,7
8816-VXNZD,Month-to-month,Fiber optic,Electronic check,1,0-6m,75.1,75.1,0,1,0.7638951946517167,1
9378-FXTIZ,One year,DSL,Credit card (automatic),54,48-72m,70.15,3715.65,2,1,0.10668435167884964,7
1723-HKXJQ,Month-to-month,Fiber optic,Electronic check,42,24-48m,101.75,4273.45,3,1,0.5555244778803075,2
7825-GKXMW,Month-to-month,DSL,Electronic check,1,0-6m,45.8,45.8,0,1,0.41358021505455966,3
9753-OYLBX,Month-to-month,No,Mailed check,1,0-6m,20.5,20.5,0,0,0.16502539495426605,6
2364-UFROM,One year,DSL,Electronic check,30,24-48m,70.4,2044.75,4,0,0.07456311676988045,7
6656-JWRQX,Month-to-month,DSL,Mailed check,1,0-6m,30.55,30.55,1,0,0.34146406572304167,4
6473-ULUHT,Month-to-month,DSL,Electronic check,16,12-24m,84.9,1398.25,5,0,0.2652976950664783,5
1240-KNSEZ,Month-to-month,No,Mailed check,1,0-6m,20.1,20.1,0,1,0.22000036864602768,5
0836-SEYLU,Month-to-month,DSL,Mailed check,9,6-12m,40.65,328.95,2,1,0.33382353998807585,4
4433-JCGCG,Month-to-month,Fiber optic,Electronic check,46,24-48m,101.0,4680.05,3,1,0.5770568319741284,2
3716-BDVDB,Month-to-month,Fiber optic,Electronic check,1,0-6m,69.1,69.1,0,1,0.7130022801137889,1
7688-AWMDX,Two year,DSL,Bank transfer (automatic),71,48-72m,54.5,3778.2,2,0,0.005466333633352673,10
2842-BCQGE,Month-to-month,Fiber optic,Credit card (automatic),43,24-48m,75.35,3161.4,0,0,0.3410420345287274,4
7244-QWYHG,One year,DSL,Bank transfer (automatic),50,48-72m,44.45,2188.45,3,0,0.05930681912540476,8
5899-MQZZL,Month-to-month,Fiber optic,Mailed check,13,12-24m,75.0,999.45,0,1,0.582310494419976,2
6849-OYAMU,One year,Fiber optic,Bank transfer (automatic),19,12-24m,100.0,1888.65,4,1,0.2111853051215058,5
5312-UXESG,Month-to-month,Fiber optic,Bank transfer (automatic),41,24-48m,98.05,3990.6,3,0,0.4078424649597076,3
9488-HGMJH,Month-to-month,Fiber optic,Electronic check,1,0-6m,71.15,71.15,0,1,0.7458645314487414,1
6038-GCYEC,Month-to-month,DSL,Credit card (automatic),24,24-48m,54.15,1240.25,4,1,0.4447654319033675,3
2150-WLKUW,One year,DSL,Bank transfer (automatic),40,24-48m,63.9,2635.0,2,0,0.08947914222090111,7
7159-FVYPK,Month-to-month,DSL,Bank transfer (automatic),3,0-6m,69.15,235.0,3,0,0.45103522340759283,3
7032-LMBHI,One year,DSL,Bank transfer (automatic),37,24-48m,64.65,2347.85,2,0,0.08011371979674295,7
1150-WFARN,Two year,Fiber optic,Credit card (automatic),67,48-72m,108.75,7156.2,5,1,0.04159160004817747,8
6088-BXMRG,Month-to-month,Fiber optic,Electronic check,32,24-48m,98.85,3089.6,3,0,0.6006285952672259,2
3144-AUDBS,Month-to-month,DSL,Electronic check,6,6-12m,49.15,270.8,1,1,0.3627433197582495,4
4821-SJHJV,Month-to-month,Fiber optic,Electronic check,32,24-48m,89.6,2901.8,2,0,0.3830812224368136,4
7346-MEDWM,Month-to-month,Fiber optic,Electronic check,59,48-72m,83.25,4949.1,2,0,0.30117601893680573,4
1137-DGOWI,One year,DSL,Bank transfer (automatic),30,24-48m,70.25,2198.9,4,0,0.059794826533559955,8
5616-PRTNT,Month-to-month,No,Electronic check,20,12-24m,19.4,374.5,0,1,0.16883255047606538,6
3812-LRZIR,Two year,No,Electronic check,27,24-48m,24.5,761.95,0,0,0.03687712276632246,8
4818-QIUFN,Month-to-month,Fiber optic,Electronic check,20,12-24m,79.15,1520.9,1,1,0.6009467826891297,2
9483-GCPWE,One year,No,Mailed check,9,6-12m,20.1,190.25,0,0,0.06090909409479686,8
4227-OJHAL,One year,DSL,Credit card (automatic),68,48-72m,73.0,5163.0,4,0,0.03210166353399669,9
9220-CXRSC,Two year,DSL,Credit card (automatic),69,48-72m,61.4,4059.85,2,0,0.0065738857333454415,10
4993-JCRGJ,Month-to-month,Fiber optic,Mailed check,26,24-48m,84.3,2281.6,2,0,0.38505200226790226,4
9537-JALFH,Two year,No,Bank transfer (automatic),69,48-72m,19.9,1356.7,0,0,0.004452731113966241,10
6698-OXETB,Two year,No,Mailed check,11,6-12m,20.4,231.45,0,0,0.03720606160735253,8
2103-ZRXFN,Month-to-month,DSL,Mailed check,1,0-6m,50.75,50.75,0,0,0.37749455432822926,4
3724-BSCVH,One year,No,Mailed check,10,6-12m,20.45,242.4,0,0,0.054541201058986674,8
4877-TSOFF,One year,DSL,Bank transfer (automatic),55,48-72m,75.75,4264.25,4,0,0.030406873419318324,9
9209-NWPGU,One year,DSL,Electronic check,44,24-48m,65.4,2774.55,3,0,0.05197460145598725,8
6961-VCPMC,Month-to-month,Fiber optic,Electronic check,46,24-48m,80.4,3605.2,1,1,0.43720379002052023,3
7306-YDSOI,Two year,DSL,Bank transfer (automatic),69,48-72m,59.75,4069.9,3,0,0.009056294194911052,10
5288-AHOUP,Month-to-month,Fiber optic,Electronic check,11,6-12m,78.5,874.2,1,0,0.7400305279735678,1
6688-UZPWD,Month-to-month,Fiber optic,Electronic check,11,6-12m,102.0,1145.35,3,1,0.7658328200508001,1
0655-YDGFJ,Month-to-month,DSL,Bank transfer (automatic),29,24-48m,48.95,1323.7,1,0,0.15372765792729853,6
8468-EHYJA,Month-to-month,Fiber optic,Electronic check,57,48-72m,99.65,5497.05,3,0,0.3578726476035708,4
6823-SIDFQ,One year,No,Credit card (automatic),28,24-48m,18.25,534.7,0,0,0.04082981530675497,8
1097-FSPVW,Month-to-month,DSL,Credit card (automatic),42,24-48m,54.55,2455.05,2,0,0.07586822220857597,7
2839-RFSQE,Month-to-month,No,Mailed check,2,0-6m,20.65,38.7,0,1,0.15995318899951536,6
8328-SKJNO,One year,DSL,Bank transfer (automatic),23,12-24m,40.65,947.4,3,0,0.06295161708951492,7
7010-ZMVBF,Month-to-month,No,Mailed check,18,12-24m,20.45,357.0,0,0,0.08214007917469,7
5201-CBWYG,One year,No,Bank transfer (automatic),62,48-72m,24.8,1476.25,0,0,0.013469842591872137,10
0968-GSIKN,Month-to-month,Fiber optic,Mailed check,1,0-6m,70.8,70.8,0,1,0.6054758706375143,2
1965-DDBWU,Month-to-month,Fiber optic,Credit card (automatic),16,12-24m,89.05,1448.6,2,1,0.5414507210005187,2
9057-SIHCH,Month-to-month,Fiber optic,Electronic check,3,0-6m,96.6,291.9,2,1,0.835467688031378,1
6352-GIGGQ,One year,DSL,Bank transfer (automatic),67,48-72m,88.8,5903.15,6,0,0.035302874100202865,8
3635-QQRQD,Two year,No,Credit card (automatic),62,48-72m,20.05,1201.65,0,0,0.010071116998319944,10
6771-XWBDM,Month-to-month,Fiber optic,Credit card (automatic),57,48-72m,104.5,5921.35,4,1,0.3232144596931708,4
2897-DOVND,Month-to-month,Fiber optic,Electronic check,2,0-6m,69.8,146.65,0,0,0.7025419573262697,1
3082-YVEKW,Two year,DSL,Bank transfer (automatic),23,12-24m,77.15,1759.4,4,0,0.05337674810286456,8
0191-EQUUH,Two year,DSL,Bank transfer (automatic),25,24-48m,35.05,844.45,2,0,0.0370809187109409,8
7134-HBPBS,Two year,Fiber optic,Bank transfer (automatic),72,72m+,108.1,7774.05,5,0,0.06940646506228267,7
3489-HHPFY,Month-to-month,Fiber optic,Electronic check,2,0-6m,84.05,134.05,1,0,0.8027117134706738,1
2926-JEJJC,One year,No,Bank transfer (automatic),8,6-12m,20.2,140.95,0,0,0.0990919961819426,7
8601-QACRS,Month-to-month,DSL,Mailed check,5,0-6m,50.6,249.95,0,1,0.42918177303952126,3
4950-BDEUX,Month-to-month,DSL,Electronic check,35,24-48m,49.2,1701.65,3,0,0.3918699226203181,3
5789-LDFXO,One year,No,Electronic check,24,24-48m,24.6,592.65,0,0,0.0868459332737494,7
0508-OOLTO,Month-to-month,Fiber optic,Electronic check,2,0-6m,71.65,135.75,0,0,0.6440853578082999,2
2984-TBYKU,Two year,Fiber optic,Credit card (automatic),72,72m+,104.9,7732.65,5,0,0.02338591357786049,9
9822-WMWVG,Month-to-month,Fiber optic,Electronic check,41,24-48m,106.5,4282.4,5,0,0.3265661209407276,4
2391-SOORI,Month-to-month,DSL,Electronic check,4,0-6m,49.35,219.65,1,1,0.28369246765190775,4
9040-KZVWO,One year,Fiber optic,Bank transfer (automatic),26,24-48m,75.5,2018.1,1,0,0.1763445798116087,6
2645-QTLMB,Month-to-month,Fiber optic,Electronic check,7,6-12m,94.25,669.0,3,1,0.7636455561083286,1
4806-HIPDW,Month-to-month,Fiber optic,Electronic check,1,0-6m,68.95,68.95,0,1,0.6981632901280896,1
1548-ARAGG,Month-to-month,DSL,Mailed check,4,0-6m,58.5,224.85,2,0,0.2962555096708903,4
6339-RZCBJ,Two year,DSL,Credit card (automatic),48,48-72m,78.9,3771.5,5,0,0.029087371486946,9
4424-TKOPW,Month-to-month,Fiber optic,Electronic check,2,0-6m,93.85,196.75,2,1,0.8744953353135,1
4415-WNGVR,One year,DSL,Electronic check,12,12-24m,79.2,943.85,5,0,0.25123028932244135,5
2522-AHJXR,Month-to-month,Fiber optic,Bank transfer (automatic),60,48-72m,109.45,6572.85,5,0,0.18291727517712858,5
0412-UCCNP,Two year,DSL,Electronic check,55,48-72m,59.2,3175.85,3,0,0.021371549695592275,9
1816-FLZDK,Month-to-month,DSL,Mailed check,1,0-6m,29.15,29.15,1,0,0.3491194319600129,4
7096-UCLNH,Month-to-month,No,Mailed check,1,0-6m,20.05,20.05,0,0,0.16653073965770537,6
8443-ZRDBZ,Month-to-month,Fiber optic,Electronic check,4,0-6m,76.05,318.9,0,1,0.7408203878929612,1
9136-ALYBR,Month-to-month,DSL,Mailed check,1,0-6m,24.45,24.45,0,1,0.5181563684434027,3
4615-PIVVU,Two year,DSL,Credit card (automatic),42,24-48m,66.5,2762.75,3,0,0.026716303021139226,9
8885-QSQBX,Month-to-month,DSL,Bank transfer (automatic),1,0-6m,49.55,49.55,1,0,0.24606935655074766,5
7479-NITWS,Month-to-month,Fiber optic,Credit card (automatic),7,6-12m,89.35,631.85,2,1,0.7039536867465873,1
8617-ENBDS,Month-to-month,Fiber optic,Credit card (automatic),3,0-6m,73.6,232.5,1,0,0.6030273392957617,2
9385-NXKDA,Two year,DSL,Credit card (automatic),72,72m+,82.65,5919.35,5,0,0.023343525352318175,9
0430-IHCDJ,Month-to-month,DSL,Electronic check,15,12-24m,49.0,749.25,0,0,0.4644613981470662,3
2959-MJHIC,Month-to-month,Fiber optic,Electronic check,4,0-6m,80.35,307.4,1,1,0.7342431139529759,1
6674-KVJHG,One year,No,Electronic check,11,6-12m,25.2,245.15,0,0,0.12676356954382031,6
1814-DKOLC,Month-to-month,No,Mailed check,5,0-6m,25.45,134.75,0,0,0.18749900692859667,5
4201-JMNGR,Month-to-month,DSL,Electronic check,1,0-6m,55.8,55.8,2,1,0.4564203997801792,3
9351-HXDMR,Two year,Fiber optic,Credit card (automatic),72,72m+,110.9,8240.85,5,0,0.03874855698714595,8
3537-HPKQT,Month-to-month,Fiber optic,Credit card (automatic),55,48-72m,77.75,4266.4,1,0,0.23855324071122402,5
2129-ALKBS,Month-to-month,No,Electronic check,40,24-48m,26.2,1077.5,0,0,0.10937656764609863,7
5821-MMEIL,Two year,No,Bank transfer (automatic),57,48-72m,19.9,1115.6,0,0,0.0076943014725399704,10
5960-WPXQM,Month-to-month,Fiber optic,Electronic check,1,0-6m,79.05,79.05,1,1,0.772716511259451,1
0684-AOSIH,Month-to-month,Fiber optic,Electronic check,1,0-6m,95.0,95.0,3,1,0.7316036694975226,1
8260-NGFNY,Month-to-month,DSL,Mailed check,1,0-6m,25.2,25.2,0,1,0.4276497934475584,3
1309-XGFSN,One year,DSL,Electronic check,52,48-72m,80.85,4079.55,4,0,0.15440899360746208,6
1866-RZZQS,Month-to-month,Fiber optic,Electronic check,41,24-48m,98.4,4187.75,3,1,0.6495124333168266,2
6968-URWQU,One year,DSL,Mailed check,43,24-48m,56.35,2391.15,1,0,0.08777899642446846,7
4742-TXUEX,Two year,No,Bank transfer (automatic),47,24-48m,19.3,890.5,0,0,0.009423815318605153,10
9631-XEYKE,Month-to-month,DSL,Bank transfer (automatic),3,0-6m,50.4,137.25,0,0,0.36481948238445133,4
8631-NBHFZ,Two year,DSL,Credit card (automatic),66,48-72m,79.4,5154.6,5,1,0.011553760381833039,10
1335-MXCSE,Two year,DSL,Credit card (automatic),55,48-72m,55.25,3119.9,2,0,0.015985536665544805,9
8873-TMKGR,One year,No,Mailed check,29,24-48m,19.1,529.5,0,0,0.03776800633121612,8
8800-JOOCF,Month-to-month,Fiber optic,Electronic check,12,12-24m,84.05,966.55,1,0,0.7301669906678077,1
1469-LBJQJ,Month-to-month,Fiber optic,Electronic check,66,48-72m,105.2,6936.85,4,0,0.34408067360756145,4
4958-XCBDQ,Month-to-month,Fiber optic,Electronic check,35,24-48m,101.4,3496.3,3,1,0.6783515807512991,1
8337-UPOAQ,Month-to-month,Fiber optic,Electronic check,10,6-12m,89.8,914.3,2,1,0.7753021093137218,1
0064-YIJGF,Month-to-month,Fiber optic,Bank transfer (automatic),27,24-48m,75.75,1929.0,0,0,0.40758731211237537,3
2386-OWURY,Month-to-month,Fiber optic,Electronic check,58,48-72m,95.3,5817.7,3,0,0.3016602747779851,4
1725-IQNIY,Two year,Fiber optic,Bank transfer (automatic),54,48-72m,109.75,6110.2,6,1,0.03487643251065987,8
0310-VQXAM,Month-to-month,No,Mailed check,9,6-12m,19.85,178.8,0,0,0.1329932779544154,6
6598-RFFVI,One year,No,Credit card (automatic),2,0-6m,19.3,28.3,0,1,0.09052388487130544,7
3453-RTHJQ,Month-to-month,Fiber optic,Electronic check,6,6-12m,69.1,435.0,0,0,0.6773849055625629,1
6712-OAWRH,Month-to-month,Fiber optic,Electronic check,26,24-48m,91.25,2351.8,2,1,0.6872749379508525,1
6278-FEPBZ,Month-to-month,No,Mailed check,9,6-12m,20.25,186.15,0,0,0.131881580533307,6
4280-DLSHD,Month-to-month,DSL,Mailed check,8,6-12m,54.75,445.85,2,0,0.3019337804410995,4
1508-DFXCU,Month-to-month,Fiber optic,Electronic check,12,12-24m,81.45,912.0,1,0,0.689022469664491,1
8614-VGMMV,Month-to-month,DSL,Electronic check,15,12-24m,49.1,679.55,0,1,0.4638597810915093,3
7868-BGSZA,One year,DSL,Electronic check,43,24-48m,80.2,3581.6,4,0,0.15054454375535062,6
2800-QQUSO,Month-to-month,Fiber optic,Electronic check,42,24-48m,100.3,4222.95,3,0,0.49681685612469595,3
2930-UOTMB,Month-to-month,DSL,Credit card (automatic),31,24-48m,65.25,1994.3,3,1,0.09839271561830538,7
7973-DZRKH,Two year,Fiber optic,Credit card (automatic),66,48-72m,90.95,5930.05,3,0,0.02567620230607122,9
5914-DVBWJ,Month-to-month,Fiber optic,Electronic check,18,12-24m,85.45,1505.85,2,1,0.5907470071049786,2
7698-YFGEZ,Month-to-month,No,Mailed check,1,0-6m,20.0,20.0,0,0,0.16669867666892632,6
2533-QVMSK,Two year,Fiber optic,Electronic check,61,48-72m,94.1,5638.3,3,1,0.08916050287601743,7
9773-PEQBZ,Month-to-month,Fiber optic,Electronic check,10,6-12m,79.85,797.25,1,0,0.6095414456195625,2
8644-XLFBW,Month-to-month,Fiber optic,Electronic check,1,0-6m,71.65,71.65,0,1,0.7435652054298578,1
0650-BWOZN,Month-to-month,Fiber optic,Electronic check,18,12-24m,73.55,1359.45,1,0,0.6181124024475907,2
8625-AZYZY,Month-to-month,Fiber optic,Electronic check,24,24-48m,104.65,2542.45,4,1,0.6859558503645312,1
7785-RDVIG,Month-to-month,No,Mailed check,3,0-6m,19.3,54.7,0,0,0.13226148927548248,6
9602-WCXPI,One year,No,Credit card (automatic),50,48-72m,20.15,989.05,0,0,0.019024314420045343,9
2903-YYTBW,Month-to-month,DSL,Electronic check,1,0-6m,44.55,44.55,0,0,0.3680735498573184,4
3620-MWJNE,Month-to-month,DSL,Mailed check,2,0-6m,54.45,87.3,2,0,0.2375186509008148,5
8573-JGCZW,One year,No,Bank transfer (automatic),17,12-24m,19.65,351.55,0,0,0.07607819808968652,7
6837-HAEVO,Two year,Fiber optic,Electronic check,69,48-72m,105.0,7297.75,4,0,0.10103693437788713,7
6701-YVNQG,Two year,DSL,Credit card (automatic),72,72m+,88.7,6301.7,6,0,0.016046659149560175,9
9306-CPCBC,Month-to-month,Fiber optic,Electronic check,3,0-6m,74.25,210.3,0,1,0.7553630398972938,1
4304-XUMGI,Two year,DSL,Bank transfer (automatic),50,48-72m,75.15,3822.45,4,0,0.034918403498817925,8
9504-YAZWB,Two year,No,Mailed check,53,48-72m,20.25,1048.45,0,0,0.009351001938204082,10
8819-ZBYNA,Two year,Fiber optic,Credit card (automatic),58,48-72m,109.1,6393.65,5,0,0.05955219986749939,8
6174-NRBTZ,One year,DSL,Bank transfer (automatic),46,24-48m,30.75,1489.3,1,0,0.07301230436491218,7
9481-IEBZY,Month-to-month,Fiber optic,Credit card (automatic),72,72m+,112.9,8061.5,6,0,0.15311984027927936,6
1833-VGRUM,Month-to-month,Fiber optic,Electronic check,1,0-6m,74.2,74.2,0,1,0.8041093112719419,1
6137-NICCO,Month-to-month,Fiber optic,Mailed check,6,6-12m,94.05,518.75,3,0,0.6393599596785362,2
9065-ZCPQX,Two year,DSL,Bank transfer (automatic),72,72m+,78.85,5763.15,5,0,0.008157897874122274,10
6402-EJMWF,Month-to-month,DSL,Mailed check,4,0-6m,55.3,238.5,1,0,0.42780566578238943,3
3620-EHIMZ,Two year,No,Mailed check,52,48-72m,19.35,1031.7,0,0,0.007931085847778662,10
3213-VVOLG,Two year,No,Mailed check,0,0-6m,25.35,0.0,0,0,0.05650513196713931,8
6870-ECSHE,One year,No,Mailed check,2,0-6m,20.45,34.8,0,0,0.08611643869213152,7
8747-UDCOI,Two year,No,Bank transfer (automatic),65,48-72m,19.35,1319.95,0,0,0.005967651176131267,10
8374-XGEJJ,Month-to-month,Fiber optic,Electronic check,43,24-48m,101.0,4388.4,3,1,0.5863010805012274,2
2656-TABEH,Month-to-month,Fiber optic,Electronic check,4,0-6m,100.2,420.2,3,1,0.8121424250492955,1
6946-LMSQS,One year,Fiber optic,Electronic check,25,24-48m,89.05,2177.45,2,1,0.4260648142852765,3
4626-OZDTJ,One year,DSL,Credit card (automatic),51,48-72m,78.65,3950.85,4,0,0.08085790515461508,7
9169-BSVIN,Month-to-month,DSL,Bank transfer (automatic),12,12-24m,74.75,827.05,3,0,0.4230203759531545,3
2325-ZUSFD,One year,DSL,Bank transfer (automatic),57,48-72m,70.1,3913.3,3,1,0.045359611138407134,8
8194-PEEBY,One year,No,Mailed check,24,24-48m,19.9,533.5,0,0,0.03521423094305618,8
6872-HXFNF,One year,DSL,Bank transfer (automatic),64,48-72m,58.35,3756.45,2,0,0.023646109667635706,9
3932-CMDTD,One year,Fiber optic,Electronic check,4,0-6m,105.65,443.9,5,1,0.5378334045167209,2
7714-YXSMB,Month-to-month,Fiber optic,Bank transfer (automatic),26,24-48m,100.5,2599.95,3,0,0.603124108644493,2
8387-UGUSU,Month-to-month,No,Mailed check,15,12-24m,20.05,284.3,0,0,0.09087441510158015,7
1080-BWSYE,Two year,No,Credit card (automatic),64,48-72m,25.65,1740.8,0,0,0.010088552531064564,10
4039-HEUNW,Month-to-month,Fiber optic,Electronic check,36,24-48m,96.5,3436.1,3,1,0.666649121441636,2
1194-HVAIF,Month-to-month,Fiber optic,Credit card (automatic),27,24-48m,95.0,2462.55,2,0,0.5053552473407572,3
0812-WUPTB,Month-to-month,Fiber optic,Mailed check,1,0-6m,70.85,70.85,0,1,0.555358258682072,2
3594-UVONA,One year,DSL,Credit card (automatic),35,24-48m,85.95,3110.1,5,1,0.10204321345353472,7
0004-TLHLJ,Month-to-month,Fiber optic,Electronic check,4,0-6m,73.9,280.85,1,1,0.6880066133466146,1
1767-TGTKO,Month-to-month,DSL,Electronic check,8,6-12m,45.45,411.75,0,0,0.38892787767542036,4
8439-LTUGF,Month-to-month,No,Credit card (automatic),10,6-12m,20.0,198.6,0,0,0.17666179046953084,6
8805-JNRAZ,Month-to-month,DSL,Mailed check,2,0-6m,49.2,103.7,1,0,0.29510398181458203,4
5089-IFSDP,Two year,Fiber optic,Bank transfer (automatic),58,48-72m,109.45,6144.55,5,1,0.07895629389013374,7
6418-HNFED,Two year,DSL,Credit card (automatic),51,48-72m,83.25,4089.45,6,0,0.02443601974911342,9
0206-OYVOC,Two year,No,Mailed check,46,24-48m,19.25,864.2,0,0,0.013670573227137524,10
7291-CDTMJ,Month-to-month,No,Bank transfer (automatic),1,0-6m,19.65,19.65,0,0,0.22265454408153854,5
7128-GGCNO,Month-to-month,Fiber optic,Bank transfer (automatic),46,24-48m,72.8,3249.4,0,0,0.25610975331526503,5
0237-YFUTL,Month-to-month,Fiber optic,Bank transfer (automatic),50,48-72m,109.65,5405.8,5,0,0.22652654991623297,5
7691-KGKGP,Month-to-month,DSL,Credit card (automatic),53,48-72m,65.0,3363.8,3,0,0.054939961850184516,8
6710-HSJRD,Month-to-month,Fiber optic,Electronic check,61,48-72m,114.1,7132.15,5,0,0.2833038356023286,4
3675-EQOZA,Month-to-month,No,Bank transfer (automatic),5,0-6m,20.65,93.55,0,0,0.14741778386604865,6
0840-DCNZE,One year,DSL,Bank transfer (automatic),47,24-48m,86.95,4138.9,6,0,0.047450460144902555,8
1732-FEKLD,One year,Fiber optic,Bank transfer (automatic),54,48-72m,94.75,5121.75,3,0,0.17630779605614616,6
9862-KJTYK,Month-to-month,DSL,Credit card (automatic),19,12-24m,25.35,566.1,0,0,0.33753855807413563,4
0479-HMSWA,Two year,Fiber optic,Electronic check,26,24-48m,105.45,2715.3,5,0,0.21082113126627747,5
5854-KSRBJ,Two year,No,Mailed check,70,48-72m,25.4,1782.05,0,0,0.0056429019510213915,10
0365-BZUWY,Month-to-month,Fiber optic,Electronic check,17,12-24m,102.55,1742.5,4,0,0.7441401230490495,1
4817-VYYWS,Month-to-month,Fiber optic,Electronic check,30,24-48m,100.2,2983.8,3,1,0.6602176145075158,2
5701-SVCWR,Month-to-month,No,Mailed check,1,0-6m,24.0,24.0,0,0,0.19105721511888202,5
3129-AAQOU,Two year,No,Mailed check,19,12-24m,25.6,485.9,0,0,0.030454809676527018,9
4922-CVPDX,Two year,DSL,Credit card (automatic),26,24-48m,73.5,1905.7,4,0,0.10618769172282198,7
1396-QWFBJ,Month-to-month,Fiber optic,Bank transfer (automatic),21,12-24m,74.05,1565.7,1,1,0.3762904745833803,4
1357-BIJKI,One year,Fiber optic,Electronic check,50,48-72m,98.25,4858.7,3,0,0.32194972256402127,4
1099-BTKWT,One year,DSL,Electronic check,68,48-72m,54.4,3723.65,4,0,0.08653527127275402,7
5299-SJCZT,Month-to-month,Fiber optic,Bank transfer (automatic),3,0-6m,101.55,298.35,3,1,0.7625954314922472,1
2018-PZKMU,Month-to-month,Fiber optic,Electronic check,9,6-12m,103.1,970.45,4,0,0.5376609176730649,2
7340-KEFQE,Two year,DSL,Bank transfer (automatic),51,48-72m,34.2,1782.0,2,0,0.014976584758336759,9
4570-QHXHL,Month-to-month,DSL,Electronic check,9,6-12m,43.75,405.7,0,0,0.44452830363608925,3
2403-BCASL,One year,Fiber optic,Electronic check,41,24-48m,111.95,4534.9,5,1,0.30118022289432983,4
7392-YYPYJ,Month-to-month,Fiber optic,Electronic check,22,12-24m,100.65,2415.95,3,0,0.7155610194861404,1
2898-LSJGD,One year,DSL,Electronic check,21,12-24m,55.95,1157.05,4,1,0.27702083420940943,4
2223-GDSHL,Two year,Fiber optic,Bank transfer (automatic),71,48-72m,116.05,8297.5,6,0,0.031187633516759055,9
7359-PTSXY,Month-to-month,DSL,Electronic check,1,0-6m,45.75,45.75,0,1,0.4138735751197628,3
9470-RTWDV,One year,DSL,Credit card (automatic),26,24-48m,82.0,2083.1,4,0,0.14752439800814574,6
2176-OSJUV,Two year,DSL,Bank transfer (automatic),71,48-72m,65.15,4681.75,3,0,0.00658015635548614,10
9348-YVOMK,Month-to-month,DSL,Credit card (automatic),4,0-6m,44.8,176.2,0,0,0.3790468431973109,4
8104-OSKWT,Month-to-month,Fiber optic,Electronic check,12,12-24m,79.8,1001.2,1,0,0.6098315606529654,2
4521-YEEHE,Month-to-month,Fiber optic,Electronic check,18,12-24m,88.85,1594.75,2,0,0.6255013416506701,2
4090-KPJIP,Month-to-month,Fiber optic,Electronic check,3,0-6m,74.95,212.4,0,0,0.7522206171704722,1
3786-WOVKF,One year,Fiber optic,Bank transfer (automatic),72,72m+,106.85,7677.4,4,0,0.10371549643077527,7
4503-BDXBD,Month-to-month,Fiber optic,Electronic check,11,6-12m,74.95,815.5,1,1,0.5302098264350285,3
6086-ESGRL,Month-to-month,Fiber optic,Credit card (automatic),1,0-6m,80.15,80.15,1,1,0.5906944382509345,2
2592-HODOV,One year,No,Credit card (automatic),13,12-24m,19.3,259.65,0,0,0.06432243720108374,7
3886-CERTZ,One year,Fiber optic,Electronic check,72,72m+,109.25,8109.8,5,1,0.1313371705274283,6
7995-ZHHNZ,One year,DSL,Credit card (automatic),42,24-48m,56.1,2386.85,1,0,0.04700932992754539,8
3824-RHKVR,Month-to-month,No,Credit card (automatic),17,12-24m,19.7,340.35,0,0,0.10780522981635943,7
5816-SCGFC,Month-to-month,DSL,Mailed check,7,6-12m,51.3,419.35,1,0,0.37109215429882836,4
5989-AXPUC,Two year,Fiber optic,Mailed check,68,48-72m,118.6,7990.05,6,0,0.026576276725275662,9
4979-HPRFL,Two year,No,Bank transfer (automatic),56,48-72m,24.15,1402.25,0,0,0.009323036377232655,10
8590-OHDIW,One year,No,Mailed check,38,24-48m,20.3,749.35,0,0,0.02207089992464188,9
8015-IHCGW,Two year,Fiber optic,Electronic check,72,72m+,115.5,8425.15,6,0,0.0465148346610087,8
2332-TODQS,One year,No,Credit card (automatic),48,48-72m,25.05,1171.5,0,0,0.02699374779308895,9
9278-VZKCD,Month-to-month,Fiber optic,Electronic check,52,48-72m,109.1,5647.95,5,0,0.4265467937065722,3
8008-OTEZX,One year,No,Mailed check,35,24-48m,19.65,708.8,0,0,0.02473437330484954,9
2773-OVBPK,Two year,Fiber optic,Bank transfer (automatic),67,48-72m,111.3,7567.2,5,0,0.05752216655364884,8
5999-LCXAO,Month-to-month,DSL,Mailed check,1,0-6m,29.9,29.9,1,0,0.3432398138087083,4
5206-XZZQI,Month-to-month,Fiber optic,Mailed check,53,48-72m,80.6,4348.1,2,0,0.14687424612307168,6
4803-LBYPN,Month-to-month,No,Mailed check,34,24-48m,20.8,635.9,0,0,0.049246200999036406,8
5759-RCVCB,Month-to-month,DSL,Credit card (automatic),3,0-6m,35.2,108.95,1,1,0.4951717030375994,3
6372-RFVNS,Month-to-month,Fiber optic,Electronic check,1,0-6m,78.8,78.8,1,1,0.6918382579437496,1
2139-FQHLM,Month-to-month,Fiber optic,Mailed check,19,12-24m,89.95,1682.4,3,0,0.36119980819135783,4
8261-GWDBQ,Two year,Fiber optic,Bank transfer (automatic),60,48-72m,116.05,6925.9,6,0,0.06278372724946994,7
1093-YSWCA,Two year,No,Credit card (automatic),11,6-12m,19.55,223.15,0,0,0.03894517557536671,8
8938-UMKPI,Month-to-month,Fiber optic,Electronic check,47,24-48m,106.4,5127.95,4,1,0.5100386224753036,3
0991-BRRFB,Month-to-month,DSL,Electronic check,18,12-24m,49.4,874.8,1,1,0.22235345178686355,5
3882-IYOIJ,Two year,Fiber optic,Credit card (automatic),60,48-72m,115.25,6758.45,6,0,0.03324187115194993,8
8749-TZYEC,Two year,No,Credit card (automatic),72,72m+,24.8,1874.3,0,0,0.0063617096693712035,10
1755-FZQEC,One year,No,Mailed check,39,24-48m,19.9,791.15,0,0,0.02676304176252164,9
3115-JPJDD,One year,Fiber optic,Credit card (automatic),59,48-72m,81.25,4639.45,2,0,0.06427055640851784,7
5600-KTXFM,Month-to-month,Fiber optic,Mailed check,2,0-6m,69.95,143.9,0,0,0.4620095466440356,3
3871-IKPYH,Month-to-month,Fiber optic,Electronic check,1,0-6m,69.1,69.1,0,1,0.6857451492172988,1
6319-IEJWJ,Month-to-month,Fiber optic,Electronic check,20,12-24m,90.2,1776.55,2,1,0.6403513907836174,2
9025-AOMKI,Month-to-month,Fiber optic,Bank transfer (automatic),6,6-12m,93.55,536.4,2,1,0.7616385230528998,1
6339-TBELP,Two year,Fiber optic,Credit card (automatic),71,48-72m,86.4,6172.0,2,0,0.035429955852337644,8
7964-YESJC,Month-to-month,DSL,Mailed check,24,24-48m,66.3,1559.45,3,0,0.1374935358778255,6
6173-GOLSU,Month-to-month,Fiber optic,Credit card (automatic),67,48-72m,94.65,6079.0,2,0,0.3200065882143544,4
5275-SQEIZ,Month-to-month,Fiber optic,Mailed check,1,0-6m,80.85,80.85,1,1,0.6612649155678555,2
7716-YTYHG,One year,Fiber optic,Mailed check,48,48-72m,82.05,4029.95,1,1,0.18816366281315586,5
9938-ZREHM,One year,DSL,Mailed check,37,24-48m,72.1,2658.4,3,0,0.06131010345282074,8
7950-XWOVN,Month-to-month,DSL,Mailed check,11,6-12m,34.7,383.55,2,0,0.32630473376697233,4
4390-KYULV,Month-to-month,No,Credit card (automatic),3,0-6m,20.55,51.15,0,1,0.1990913984644407,5
4647-MUZON,Month-to-month,Fiber optic,Credit card (automatic),18,12-24m,95.95,1745.5,3,0,0.5831681995434537,2
9702-AIUJO,One year,DSL,Bank transfer (automatic),50,48-72m,44.8,2230.85,0,0,0.04771862333895169,8
8849-PRIQJ,One year,Fiber optic,Electronic check,67,48-72m,109.4,7281.6,5,0,0.10435783180449458,7
8851-RAGOV,Month-to-month,DSL,Mailed check,25,24-48m,71.05,1837.7,4,0,0.1303128494480913,6
1304-NECVQ,Month-to-month,Fiber optic,Electronic check,2,0-6m,78.55,149.55,1,1,0.7975677998506229,1
5396-IZEPB,Month-to-month,No,Credit card (automatic),9,6-12m,19.7,180.7,0,0,0.1365565892981076,6
1729-VLAZJ,One year,DSL,Mailed check,10,6-12m,40.25,411.45,3,0,0.09467800312350823,7
8285-ABVLB,Two year,No,Credit card (automatic),70,48-72m,19.85,1328.35,0,0,0.005100380506728949,10
0701-TJSEF,Month-to-month,DSL,Bank transfer (automatic),9,6-12m,68.25,576.95,4,0,0.24056318997455717,5
5712-VBOXD,Month-to-month,No,Credit card (automatic),4,0-6m,20.15,68.45,0,0,0.2073651305781597,5
6629-LADHQ,Month-to-month,DSL,Mailed check,2,0-6m,50.95,123.05,1,0,0.23295263512339143,5
8945-GRKHX,Month-to-month,Fiber optic,Electronic check,1,0-6m,78.65,78.65,1,1,0.6615645793302941,2
1559-DTODC,Month-to-month,DSL,Bank transfer (automatic),19,12-24m,25.15,468.35,0,0,0.3669347641871154,4
4797-MIWUM,Month-to-month,No,Bank transfer (automatic),7,6-12m,20.25,174.7,0,0,0.15601328414938073,6
6959-UWKHF,Month-to-month,DSL,Electronic check,1,0-6m,42.9,42.9,0,1,0.516725188507752,3
8720-RQSBJ,Month-to-month,DSL,Electronic check,1,0-6m,44.0,44.0,0,0,0.47766719115069867,3
4537-CIBHB,One year,No,Mailed check,9,6-12m,20.25,172.35,0,0,0.056560040426607706,8
3815-SLMEF,Month-to-month,DSL,Mailed check,3,0-6m,34.25,139.35,2,1,0.25782135138162354,5
5154-VEKBL,Month-to-month,DSL,Mailed check,9,6-12m,58.5,539.85,5,1,0.32963290983177385,4
4324-AHJKS,Month-to-month,DSL,Credit card (automatic),5,0-6m,55.8,300.4,2,0,0.21666871134049812,5
4355-CVPVS,One year,Fiber optic,Bank transfer (automatic),56,48-72m,88.9,4968.0,2,0,0.10976041664848013,7
4495-LHSSK,Month-to-month,DSL,Mailed check,18,12-24m,57.65,992.7,1,0,0.16392497969596115,6
5655-JSMZM,Month-to-month,Fiber optic,Electronic check,49,48-72m,96.2,4718.25,2,1,0.5751981849141549,2
5915-ANOEI,Two year,DSL,Mailed check,70,48-72m,79.15,5536.5,5,0,0.009245090907590063,10
9861-PDSZP,Two year,Fiber optic,Credit card (automatic),72,72m+,108.05,7806.6,5,0,0.0579503202667668,8
4505-EXZHB,Month-to-month,Fiber optic,Electronic check,6,6-12m,74.4,434.1,1,1,0.6414633454757462,2
7225-CBZPL,Month-to-month,Fiber optic,Electronic check,17,12-24m,94.8,1563.9,2,0,0.7922531546662833,1
6704-UTUKK,Month-to-month,DSL,Electronic check,29,24-48m,45.9,1332.4,2,0,0.503819990171287,3
4587-VVTOX,Month-to-month,Fiber optic,Electronic check,6,6-12m,105.3,545.2,4,1,0.7975718928153591,1
2019-HDCZY,Two year,Fiber optic,Electronic check,63,48-72m,102.6,6296.75,3,0,0.10337981073483002,7
4652-NNHNY,Month-to-month,Fiber optic,Bank transfer (automatic),16,12-24m,73.85,1284.2,0,1,0.5470078365543297,2
8788-DOXSU,One year,DSL,Bank transfer (automatic),59,48-72m,61.35,3645.5,2,0,0.052471498230484144,8
7404-JLKQG,Month-to-month,DSL,Electronic check,3,0-6m,57.55,161.45,2,0,0.4878870053954938,3
7421-ZLUPA,Month-to-month,DSL,Mailed check,8,6-12m,29.25,226.95,1,0,0.43928426690756434,3
8972-HJWNV,Month-to-month,Fiber optic,Electronic check,7,6-12m,84.55,646.85,1,1,0.7971498099522949,1
3274-NSDWE,Two year,No,Credit card (automatic),68,48-72m,19.6,1441.65,0,0,0.0059115662901346264,10
2632-IVXVF,Two year,Fiber optic,Credit card (automatic),68,48-72m,111.75,7511.3,5,0,0.026868858375906024,9
3692-JHONH,One year,Fiber optic,Electronic check,52,48-72m,106.5,5621.85,4,0,0.3323507263622644,4
8915-NNTRC,Two year,Fiber optic,Credit card (automatic),72,72m+,107.7,7919.8,5,0,0.034120050694396206,8
5914-GXMDA,One year,No,Mailed check,32,24-48m,19.3,593.2,0,0,0.03171793133426448,9
7463-IFMQU,Two year,No,Bank transfer (automatic),72,72m+,20.05,1423.65,0,0,0.0046423957490764264,10
2920-RNCEZ,Month-to-month,Fiber optic,Credit card (automatic),1,0-6m,69.95,69.95,0,0,0.5632305436002385,2
2541-YGPKE,One year,DSL,Credit card (automatic),42,24-48m,63.7,2763.35,3,0,0.029282030454831003,9
8515-OCTJS,Two year,No,Credit card (automatic),25,24-48m,24.75,692.1,0,1,0.03250152833454809,9
5382-TEMLV,Month-to-month,DSL,Bank transfer (automatic),45,24-48m,50.9,2298.55,1,0,0.09222129269612349,7
3441-CGZJH,One year,DSL,Credit card (automatic),43,24-48m,60.4,2640.55,5,0,0.07895092796075141,7
9592-ERDKV,One year,DSL,Mailed check,37,24-48m,79.25,2911.8,4,0,0.09178793588821138,7
2860-RANUS,Month-to-month,Fiber optic,Credit card (automatic),20,12-24m,85.8,1727.5,1,1,0.6370046001465174,2
5261-QSHQM,Month-to-month,DSL,Electronic check,4,0-6m,24.45,86.6,0,1,0.6016329517164379,2
4778-IZARL,Two year,Fiber optic,Credit card (automatic),63,48-72m,110.1,6705.7,6,0,0.03685015305617692,8
0432-CAJZV,Month-to-month,Fiber optic,Mailed check,3,0-6m,90.7,237.65,2,0,0.6391794536695805,2
7008-LZVOZ,Two year,No,Credit card (automatic),66,48-72m,25.3,1672.35,0,0,0.00936096493024481,10
8868-WOZGU,Month-to-month,Fiber optic,Electronic check,28,24-48m,105.7,2979.5,4,1,0.6673821553455086,2
1200-TUZHR,Month-to-month,Fiber optic,Electronic check,8,6-12m,85.2,695.75,1,0,0.74045133013321,1
9365-CSLBQ,Two year,No,Mailed check,71,48-72m,24.35,1654.6,0,0,0.006030516781062058,10
1334-FJSVR,Month-to-month,DSL,Electronic check,1,0-6m,24.25,24.25,0,1,0.6266916575899101,2
5884-FBCTL,Two year,No,Bank transfer (automatic),72,72m+,25.1,1857.85,0,0,0.005339774768314088,10
7130-CTCUS,Month-to-month,DSL,Bank transfer (automatic),16,12-24m,54.55,825.1,2,0,0.2273606804981411,5
6242-FEGFD,Two year,Fiber optic,Mailed check,66,48-72m,96.6,6424.25,4,0,0.017302745297434825,9
7625-XCQRH,Month-to-month,Fiber optic,Electronic check,11,6-12m,76.5,837.95,0,1,0.690792937217981,1
6194-HBGQN,One year,DSL,Credit card (automatic),51,48-72m,81.15,4126.2,5,0,0.045401213831110634,8
7634-WSWDB,Month-to-month,DSL,Electronic check,8,6-12m,38.5,330.8,2,0,0.5078268519565171,3
6986-IXNDM,Month-to-month,Fiber optic,Electronic check,14,12-24m,92.9,1337.45,2,0,0.7180882117865605,1
1731-TVIUK,Month-to-month,Fiber optic,Electronic check,4,0-6m,93.5,362.2,3,1,0.7131692174373206,1
2987-BJXIK,Two year,DSL,Mailed check,70,48-72m,84.7,5991.05,5,0,0.017741791484906254,9
9769-TSBZE,Two year,DSL,Electronic check,70,48-72m,66.0,4891.5,3,0,0.009571300699497092,10
0406-BPDVR,One year,Fiber optic,Credit card (automatic),54,48-72m,101.5,5373.1,3,1,0.2395049896101232,5
0618-XWMSS,Month-to-month,Fiber optic,Bank transfer (automatic),28,24-48m,74.9,2068.55,1,1,0.27587918172793924,4
1395-WSWXR,Two year,No,Mailed check,24,24-48m,20.75,487.05,0,0,0.02414507448910376,9
6023-GSSXW,Two year,DSL,Credit card (automatic),69,48-72m,61.45,4131.2,2,0,0.019117853926632695,9
6752-APNJL,Month-to-month,DSL,Mailed check,42,24-48m,54.5,2301.15,2,0,0.056782633579573555,8
5276-KQWHG,Month-to-month,Fiber optic,Electronic check,2,0-6m,69.6,131.65,0,1,0.7465929985333337,1
0420-HLGXF,Month-to-month,Fiber optic,Electronic check,39,24-48m,99.75,4036.0,3,0,0.6573560406307014,2
7446-KQISO,Two year,Fiber optic,Bank transfer (automatic),45,24-48m,109.75,4900.65,5,0,0.10292817932540615,7
9823-EALYC,Two year,DSL,Bank transfer (automatic),72,72m+,80.85,5727.45,5,0,0.010163063883656698,10
0582-AVCLN,Two year,No,Mailed check,38,24-48m,20.3,743.05,0,0,0.015376873432744464,9
5803-NQJZO,Two year,DSL,Bank transfer (automatic),72,72m+,67.8,4804.65,4,0,0.009275792972481007,10
2565-JSLRY,Month-to-month,No,Mailed check,1,0-6m,24.05,24.05,0,1,0.27849636845997033,4
2607-DHDAK,Two year,No,Credit card (automatic),72,72m+,19.8,1414.65,0,0,0.005824054323041539,10
1073-XXCZD,Two year,No,Bank transfer (automatic),55,48-72m,25.7,1443.65,0,0,0.010736870100181312,10
0743-HRVFF,One year,DSL,Electronic check,51,48-72m,56.15,2898.95,4,0,0.12285434527801492,6
4006-HKYHO,Two year,DSL,Bank transfer (automatic),63,48-72m,86.7,5309.5,6,0,0.01596117928799509,9
3727-JEZTU,Month-to-month,No,Mailed check,1,0-6m,20.4,20.4,0,0,0.16535896969102534,6
8143-ETQTI,Two year,No,Mailed check,23,12-24m,19.65,451.55,0,0,0.028900797434028683,9
6689-KXGBO,Month-to-month,DSL,Electronic check,1,0-6m,50.55,50.55,1,1,0.3943229212908832,3
9667-TKTVZ,Month-to-month,DSL,Mailed check,2,0-6m,54.35,117.05,1,0,0.374987313420571,4
3657-COGMW,Month-to-month,Fiber optic,Credit card (automatic),52,48-72m,108.1,5839.3,5,0,0.2776236721826187,4
8570-KLJYJ,One year,DSL,Mailed check,36,24-48m,54.45,1893.5,1,0,0.06184237628663308,8
7754-IXRMC,Month-to-month,DSL,Mailed check,1,0-6m,45.35,45.35,0,0,0.3145669131858916,4
9473-CBZOP,One year,DSL,Mailed check,28,24-48m,59.0,1654.45,2,0,0.07853876560324358,7
2969-WGHQO,One year,DSL,Electronic check,7,6-12m,69.45,477.05,4,0,0.16665099767823868,6
6615-NGGZJ,Month-to-month,Fiber optic,Electronic check,14,12-24m,100.55,1415.55,3,1,0.7674799780368711,1
4334-HOWRP,Two year,DSL,Credit card (automatic),72,72m+,64.95,4546.0,6,0,0.02332531018971247,9
4255-DDUOU,Month-to-month,No,Mailed check,1,0-6m,20.5,20.5,0,1,0.18289104660483274,5
5863-OOKCL,Month-to-month,No,Mailed check,10,6-12m,18.85,163.2,0,0,0.13190658936170027,6
1686-STUHN,One year,No,Bank transfer (automatic),42,24-48m,19.8,849.9,0,0,0.024420483522652445,9
1329-VHWNP,Month-to-month,DSL,Bank transfer (automatic),7,6-12m,25.05,189.95,0,0,0.38102990823741006,4
2984-MIIZL,Month-to-month,Fiber optic,Bank transfer (automatic),4,0-6m,74.8,321.9,1,1,0.5824909603433266,2
0266-GMEAO,Two year,Fiber optic,Credit card (automatic),72,72m+,114.3,8058.55,6,0,0.03214112326335899,9
5590-YRFJT,Month-to-month,DSL,Electronic check,20,12-24m,24.45,482.8,0,1,0.44988479476406057,3
5574-NXZIU,Two year,Fiber optic,Credit card (automatic),63,48-72m,109.2,7049.75,6,0,0.028959512187140445,9
0019-GFNTW,Two year,DSL,Bank transfer (automatic),56,48-72m,45.05,2560.1,4,0,0.01389053613276489,10
4256-ZWTZI,Month-to-month,DSL,Mailed check,5,0-6m,51.0,286.8,1,0,0.25227159887427936,5
8309-PPCED,Two year,Fiber optic,Bank transfer (automatic),72,72m+,110.45,7982.5,5,0,0.050020283219792315,8
4098-NAUKP,Month-to-month,Fiber optic,Electronic check,68,48-72m,84.65,5683.6,2,0,0.23439256605977793,5
5196-WPYOW,One year,DSL,Mailed check,67,48-72m,60.05,3994.05,3,0,0.008752267442521066,10
4608-LCIMN,Month-to-month,DSL,Bank transfer (automatic),8,6-12m,44.65,369.15,0,0,0.22891092430965013,5
1485-YDHMM,Month-to-month,Fiber optic,Bank transfer (automatic),52,48-72m,93.25,4631.7,3,0,0.20493653291921604,5
4054-CUMIA,Month-to-month,No,Mailed check,18,12-24m,20.25,401.95,0,0,0.11276350783399951,7
0603-TPMIB,Two year,No,Mailed check,59,48-72m,25.45,1534.05,0,0,0.008139934004453887,10
2525-GVKQU,Two year,No,Mailed check,60,48-72m,20.6,1093.0,0,0,0.007341337422176064,10
8161-QYMTT,Month-to-month,Fiber optic,Electronic check,7,6-12m,94.1,701.3,2,0,0.825025290251625,1
9581-GVBXT,One year,DSL,Mailed check,59,48-72m,34.8,1980.3,2,0,0.027899628071709006,9
5862-BRIXZ,Two year,DSL,Bank transfer (automatic),46,24-48m,60.75,2893.4,5,0,0.04941971304392299,8
5404-GGUKR,Month-to-month,DSL,Electronic check,5,0-6m,51.35,262.3,1,0,0.4409887193516601,3
3308-JSGML,Two year,DSL,Credit card (automatic),59,48-72m,64.05,3886.85,5,0,0.03521782430932768,8
2126-GSEGL,Two year,DSL,Bank transfer (automatic),70,48-72m,84.8,5917.55,5,0,0.02335964885499783,9
3677-TNKIO,Month-to-month,Fiber optic,Credit card (automatic),14,12-24m,71.0,914.0,0,1,0.5032568244467625,3
0440-QEXBZ,Month-to-month,DSL,Mailed check,44,24-48m,50.15,2139.1,0,0,0.16987629046539027,6
2434-EEVDB,Two year,Fiber optic,Credit card (automatic),64,48-72m,94.6,5948.7,3,0,0.057569189372807236,8
6762-QVYJO,Two year,DSL,Mailed check,58,48-72m,59.75,3624.35,5,0,0.01967939043639676,9
6199-IWKGC,One year,Fiber optic,Electronic check,46,24-48m,100.25,4753.85,3,0,0.2574714520536147,5
2675-DHUTR,Month-to-month,Fiber optic,Electronic check,58,48-72m,98.9,5780.7,3,0,0.47372419781293706,3
8152-VETUR,Two year,Fiber optic,Credit card (automatic),72,72m+,97.7,6869.7,3,0,0.07762085168259118,7
9667-EQRXU,Month-to-month,DSL,Electronic check,30,24-48m,40.3,1172.95,2,1,0.5056418560118607,3
7446-YPODE,Month-to-month,DSL,Bank transfer (automatic),11,6-12m,60.25,662.95,2,0,0.2583555579591537,5
9522-BNTHX,Month-to-month,DSL,Electronic check,34,24-48m,56.25,1765.95,4,0,0.5051938009845545,3
4676-WLUHT,Two year,DSL,Bank transfer (automatic),54,48-72m,46.2,2431.95,3,0,0.02656294254850483,9
3329-WDIOK,Month-to-month,DSL,Electronic check,3,0-6m,50.6,155.35,3,1,0.7081401931397311,1
7980-MHFLQ,Two year,No,Mailed check,72,72m+,24.9,1859.2,0,0,0.00534148534692533,10
2873-ZLIWT,Month-to-month,Fiber optic,Electronic check,40,24-48m,84.85,3303.05,2,1,0.32442794038582606,4
3415-TAILE,Month-to-month,DSL,Mailed check,2,0-6m,65.7,134.35,2,1,0.38031704114953746,4
0757-WCUUZ,Two year,DSL,Credit card (automatic),54,48-72m,63.35,3409.1,2,0,0.02933202692956713,9
1629-DQQVB,Month-to-month,DSL,Bank transfer (automatic),14,12-24m,50.1,709.5,1,0,0.17216072259776907,6
1915-IOFGU,Month-to-month,Fiber optic,Electronic check,1,0-6m,70.5,70.5,0,1,0.6295259484392788,2
3045-XETSH,Month-to-month,Fiber optic,Electronic check,10,6-12m,94.85,953.45,3,1,0.7330329070738071,1
0374-AACSZ,Month-to-month,DSL,Electronic check,1,0-6m,50.15,50.15,1,0,0.33221999427520643,4
7239-HZZCX,Month-to-month,No,Mailed check,1,0-6m,19.75,19.75,0,1,0.1675403942751864,6
4872-VXRIL,One year,DSL,Bank transfer (automatic),56,48-72m,64.65,3665.55,3,0,0.029612028371834936,9
9140-CZQZZ,Two year,DSL,Bank transfer (automatic),68,48-72m,79.6,5515.8,5,0,0.013507398604379679,10
3423-HHXAO,One year,No,Mailed check,14,12-24m,19.5,272.0,0,0,0.06796631245001931,7
9938-TKDGL,Two year,Fiber optic,Electronic check,68,48-72m,99.55,6668.0,4,0,0.045564592396133224,8
0531-ZZJWQ,Month-to-month,Fiber optic,Electronic check,55,48-72m,74.0,4052.4,0,0,0.3834461213883973,4
6537-QLGEX,Month-to-month,DSL,Electronic check,16,12-24m,38.9,664.4,2,0,0.49240524642553596,3
2688-BHGOG,Month-to-month,Fiber optic,Electronic check,9,6-12m,79.55,718.55,1,0,0.7480088940994275,1
7683-CBDKJ,Month-to-month,DSL,Electronic check,14,12-24m,65.45,937.6,3,1,0.3117516331583893,4
0946-CLJTI,Month-to-month,Fiber optic,Electronic check,58,48-72m,98.7,5812.6,3,1,0.49064709444991644,3
3160-TYXLT,Month-to-month,DSL,Bank transfer (automatic),53,48-72m,46.3,2546.85,3,0,0.1271825118646352,6
1325-USMEC,Two year,Fiber optic,Credit card (automatic),70,48-72m,99.35,6944.5,4,0,0.044051520182990855,8
0916-QOFDP,Month-to-month,Fiber optic,Electronic check,14,12-24m,95.8,1346.3,2,0,0.7805441060270103,1
0628-CNQRM,One year,DSL,Bank transfer (automatic),22,12-24m,67.5,1544.05,4,1,0.08106415657656159,7
5606-AMZBO,Month-to-month,Fiber optic,Credit card (automatic),10,6-12m,78.15,765.15,1,0,0.5162723233958059,3
6199-IPCAO,Two year,No,Mailed check,29,24-48m,26.1,692.55,0,0,0.021686527615958556,9
7665-TOALD,Month-to-month,Fiber optic,Electronic check,1,0-6m,69.6,69.6,0,1,0.7105210240109009,1
0112-QWPNC,One year,DSL,Electronic check,49,48-72m,84.35,4059.35,5,1,0.06821237957685913,7
0324-BRPCJ,Month-to-month,Fiber optic,Electronic check,68,48-72m,100.2,6851.65,3,1,0.3838811069179749,4
2777-PHDEI,Month-to-month,Fiber optic,Electronic check,1,0-6m,78.05,78.05,1,1,0.7113482134131289,1
5640-CAXOA,One year,DSL,Credit card (automatic),30,24-48m,40.35,1187.05,2,0,0.15171191103400397,6
2235-EZAIK,Two year,DSL,Credit card (automatic),72,72m+,79.2,5401.9,5,0,0.008871980523340853,10
3847-BAERP,Month-to-month,No,Mailed check,10,6-12m,20.9,247.0,0,0,0.16968934133837166,6
1196-AMORA,Month-to-month,Fiber optic,Electronic check,7,6-12m,73.6,520.0,0,1,0.6598440537277387,2
4282-YMKNA,Month-to-month,Fiber optic,Electronic check,9,6-12m,74.75,706.6,0,1,0.7137060105009594,1
1453-RZFON,Month-to-month,DSL,Mailed check,1,0-6m,49.9,49.9,1,0,0.21769681359504578,5
8263-OKETD,Month-to-month,DSL,Credit card (automatic),20,12-24m,68.9,1370.35,3,0,0.2843627084400742,4
0670-KDOMA,Month-to-month,No,Mailed check,1,0-6m,20.25,20.25,0,0,0.21937837653541656,5
2476-YGEFM,Month-to-month,Fiber optic,Credit card (automatic),29,24-48m,76.0,2215.25,0,0,0.4493416548518357,3
8687-BAFGU,Month-to-month,Fiber optic,Electronic check,1,0-6m,74.0,74.0,1,0,0.5522097544182119,2
0641-EVBOJ,Month-to-month,Fiber optic,Mailed check,3,0-6m,82.3,214.4,2,0,0.4020801678341564,3
0829-XXPLX,Month-to-month,Fiber optic,Bank transfer (automatic),20,12-24m,89.4,1871.15,3,0,0.4383501794715973,3
9974-JFBHQ,Month-to-month,Fiber optic,Credit card (automatic),64,48-72m,99.15,6171.2,4,0,0.15981601260000466,6
5356-RHIPP,Month-to-month,No,Mailed check,1,0-6m,20.2,20.2,0,1,0.21958556665846976,5
6624-JDRDS,Month-to-month,DSL,Bank transfer (automatic),6,6-12m,29.45,161.45,1,0,0.3096578421733563,4
0608-JDVEC,Two year,No,Electronic check,50,48-72m,19.8,1013.2,0,0,0.014985540992682489,9
9780-FKVVF,Month-to-month,DSL,Bank transfer (automatic),6,6-12m,59.15,336.7,2,0,0.33392883092711056,4
1919-RTPQD,Month-to-month,DSL,Electronic check,7,6-12m,44.75,333.65,0,0,0.32143066670056497,4
5214-NLTIT,Two year,Fiber optic,Credit card (automatic),72,72m+,90.8,6511.8,2,0,0.04992001028374585,8
3345-PBBFH,Month-to-month,DSL,Bank transfer (automatic),8,6-12m,49.55,393.45,1,0,0.3088162258754134,4
5055-BRMNE,Two year,Fiber optic,Credit card (automatic),67,48-72m,106.7,7009.5,4,0,0.02842630848483828,9
9189-JWSHV,Month-to-month,Fiber optic,Electronic check,24,24-48m,93.55,2264.05,2,1,0.7564426044530733,1
2190-PHBHR,Two year,Fiber optic,Credit card (automatic),72,72m+,94.45,6921.7,3,0,0.03936773368480353,8
2650-GYRYL,One year,No,Bank transfer (automatic),33,24-48m,19.45,600.25,0,0,0.03725838635049245,8
0746-JTRFU,Month-to-month,DSL,Electronic check,2,0-6m,25.05,56.35,0,1,0.6142121094487065,2
5208-FVQKB,Two year,DSL,Mailed check,70,48-72m,67.95,4664.15,4,0,0.006818519917722352,10
7184-LRUUR,One year,DSL,Bank transfer (automatic),22,12-24m,65.25,1441.8,3,0,0.12095782979473563,6
6627-CFOSN,Month-to-month,Fiber optic,Bank transfer (automatic),59,48-72m,99.45,5623.7,4,0,0.19315193261671174,5
3982-JGSFD,One year,No,Credit card (automatic),36,24-48m,20.35,695.85,0,0,0.041860141294964036,8
1574-DYCWE,Two year,No,Mailed check,51,48-72m,19.95,1028.75,0,0,0.008083051910122832,10
7247-XOZPB,One year,DSL,Bank transfer (automatic),53,48-72m,77.4,4155.95,4,0,0.029292608425693856,9
2466-FCCPT,One year,No,Bank transfer (automatic),20,12-24m,19.7,395.6,0,0,0.04044534573764618,8
6211-WWLTF,Two year,Fiber optic,Credit card (automatic),63,48-72m,99.7,6330.4,4,0,0.04082683398289352,8
4826-TZEVA,Month-to-month,Fiber optic,Credit card (automatic),40,24-48m,74.8,2971.7,1,0,0.22015782582919224,5
6016-NXBNJ,One year,No,Mailed check,35,24-48m,19.15,638.0,0,0,0.04331739803562769,8
9138-EFSMO,One year,Fiber optic,Bank transfer (automatic),26,24-48m,78.95,2034.25,1,0,0.19821143844034575,5
0576-WNXXC,Month-to-month,Fiber optic,Electronic check,27,24-48m,95.55,2510.2,3,1,0.6369915846187512,2
4632-XJMEX,One year,DSL,Credit card (automatic),53,48-72m,62.85,3419.5,3,0,0.01442400243284802,10
8910-LEDAG,Month-to-month,Fiber optic,Credit card (automatic),34,24-48m,71.55,2427.35,0,0,0.2935966607682369,4
3452-GWUIN,Month-to-month,Fiber optic,Electronic check,19,12-24m,94.95,1760.25,2,0,0.7803385093299466,1
2716-GFZOR,Month-to-month,Fiber optic,Credit card (automatic),43,24-48m,86.1,3551.65,3,0,0.18034175885214135,5
3724-UCSHY,Month-to-month,No,Mailed check,6,6-12m,19.55,122.9,0,0,0.12045853749169085,6
8626-XHBIE,Two year,No,Mailed check,56,48-72m,24.8,1424.2,0,0,0.013855716740093522,10
4628-CTTLA,Month-to-month,DSL,Electronic check,57,48-72m,39.3,2111.45,2,1,0.24215735448152384,5
3192-LNKRK,Month-to-month,Fiber optic,Mailed check,34,24-48m,84.05,2909.95,2,0,0.36082202114829176,4
4439-YRNVD,Month-to-month,DSL,Electronic check,10,6-12m,36.25,374.0,2,0,0.34932467027320074,4
2876-VBBBL,Month-to-month,No,Mailed check,1,0-6m,20.25,20.25,0,1,0.21937837653541656,5
6834-NXDCA,Month-to-month,DSL,Electronic check,13,12-24m,23.9,300.8,0,1,0.5306521397591637,3
2208-UGTGR,Month-to-month,Fiber optic,Electronic check,56,48-72m,98.6,5581.05,3,0,0.37336797887088863,4
3005-TYFRD,Month-to-month,Fiber optic,Credit card (automatic),55,48-72m,103.65,5676.65,4,0,0.342722437183159,4
8670-MEFCP,Two year,DSL,Credit card (automatic),36,24-48m,92.9,3379.25,6,0,0.040977909036913986,8
3079-BCHLN,One year,No,Bank transfer (automatic),47,24-48m,19.9,942.95,0,0,0.01920240098975015,9
7777-UNYHB,Month-to-month,No,Credit card (automatic),12,12-24m,20.1,232.4,0,0,0.1381926375117827,6
5597-GLBUC,Month-to-month,Fiber optic,Electronic check,1,0-6m,85.45,85.45,2,1,0.76255820335143,1
7278-CKDNC,Month-to-month,Fiber optic,Electronic check,24,24-48m,80.5,2088.45,1,0,0.6273423348652511,2
2748-MYRVK,One year,Fiber optic,Bank transfer (automatic),63,48-72m,99.9,6137.0,3,1,0.12685391674588542,6
8450-UYIBU,Month-to-month,DSL,Electronic check,35,24-48m,39.85,1434.6,2,0,0.46635660484934194,3
2969-VAPYH,One year,DSL,Credit card (automatic),67,48-72m,60.5,3870.0,3,0,0.011073510964759949,10
4822-YCXMX,Month-to-month,Fiber optic,Electronic check,25,24-48m,84.8,2043.45,1,1,0.6492435111243589,2
7181-OQCUT,Month-to-month,Fiber optic,Mailed check,21,12-24m,103.85,2215.0,4,0,0.47788046702358483,3
8474-UMLNT,Month-to-month,DSL,Bank transfer (automatic),13,12-24m,67.8,842.25,4,0,0.15680407163164364,6
9821-POOTN,Month-to-month,Fiber optic,Electronic check,35,24-48m,75.2,2576.2,0,1,0.48817612271838684,3
3836-FZSDJ,Two year,No,Bank transfer (automatic),71,48-72m,24.85,1901.0,0,0,0.007964216417855904,10
9142-XMYJH,Month-to-month,No,Credit card (automatic),29,24-48m,19.35,601.6,0,0,0.0752543025748778,7
6559-ILWKJ,Two year,DSL,Electronic check,71,48-72m,49.35,3515.25,3,1,0.0435054276404178,8
0187-QSXOE,Month-to-month,Fiber optic,Electronic check,7,6-12m,89.0,605.45,2,0,0.8031405602300693,1
7733-UDMTP,Month-to-month,DSL,Electronic check,57,48-72m,55.0,3094.05,4,0,0.326765964722635,4
2649-HWLYB,Two year,DSL,Bank transfer (automatic),65,48-72m,76.15,4929.55,4,0,0.010616743139156982,10
5214-CHIWJ,One year,No,Mailed check,27,24-48m,20.3,595.05,0,0,0.039183499095463405,8
4229-CZMLL,Month-to-month,Fiber optic,Electronic check,6,6-12m,74.9,469.8,0,1,0.7331692378828315,1
6904-JLBGY,Two year,Fiber optic,Credit card (automatic),72,72m+,117.35,8436.25,6,0,0.045610638460342266,8
2465-BLLEU,Month-to-month,No,Mailed check,1,0-6m,19.75,19.75,0,0,0.22145660293266178,5
1685-VAYJF,Month-to-month,DSL,Credit card (automatic),11,6-12m,45.2,492.0,0,0,0.2526069545396158,5
8874-EJNSR,Two year,No,Mailed check,39,24-48m,25.2,987.95,0,0,0.015924714299702332,9
6917-YACBP,Month-to-month,Fiber optic,Electronic check,59,48-72m,89.75,5496.9,3,0,0.263776082019427,5
5049-MUBWG,One year,DSL,Bank transfer (automatic),26,24-48m,75.0,1908.35,4,0,0.07709072908939554,7
4223-WOZCM,Month-to-month,DSL,Mailed check,2,0-6m,49.95,107.1,1,0,0.3521357679883895,4
0769-MURVM,Two year,DSL,Bank transfer (automatic),72,72m+,65.7,4575.35,6,0,0.011163748792389532,10
9253-VIFJQ,One year,DSL,Credit card (automatic),65,48-72m,67.05,4309.55,3,0,0.019546242091864386,9
7030-FZTFM,Two year,Fiber optic,Credit card (automatic),72,72m+,110.9,7922.75,5,0,0.0315258293124482,9
9741-YLNTD,Month-to-month,Fiber optic,Bank transfer (automatic),6,6-12m,87.95,522.35,2,0,0.6240650951984588,2
5917-RYRMG,One year,No,Credit card (automatic),32,24-48m,19.8,587.7,0,0,0.04259540088951737,8
5120-ZBLAI,One year,DSL,Bank transfer (automatic),50,48-72m,75.7,3876.2,3,0,0.08353523519354289,7
1194-BHJYC,Two year,DSL,Mailed check,61,48-72m,62.15,3778.85,5,0,0.02725546754784079,9
3663-MITLP,Month-to-month,Fiber optic,Electronic check,15,12-24m,101.25,1457.25,4,1,0.6968053164199715,1
0906-QVPMS,Two year,Fiber optic,Bank transfer (automatic),72,72m+,115.15,8349.45,6,0,0.025396550469630224,9
9025-ZRPVR,Month-to-month,No,Mailed check,9,6-12m,18.95,185.6,0,1,0.18138145075582865,5
1905-OEILC,Month-to-month,No,Mailed check,1,0-6m,19.5,19.5,0,0,0.16838550317407022,6
7858-GTZSP,Month-to-month,Fiber optic,Electronic check,12,12-24m,86.55,1066.9,1,0,0.7331736735642255,1
3285-UCQVC,Month-to-month,DSL,Credit card (automatic),37,24-48m,28.6,973.55,1,1,0.14259055980110616,6
6248-BSHKG,One year,No,Mailed check,61,48-72m,20.4,1226.45,0,0,0.010277607032780257,10
4685-TFLLS,One year,No,Bank transfer (automatic),18,12-24m,19.8,342.3,0,0,0.04303947850953113,8
3470-BTGQO,Month-to-month,DSL,Mailed check,21,12-24m,45.65,985.05,0,0,0.16721382764828763,6
1209-VFFOC,Two year,DSL,Mailed check,68,48-72m,56.4,3948.45,5,0,0.012903710305949641,10
8224-DWCKX,Month-to-month,Fiber optic,Credit card (automatic),12,12-24m,73.3,828.05,0,0,0.657059343323909,2
5482-PLVPE,Month-to-month,DSL,Electronic check,2,0-6m,24.35,41.85,0,1,0.5871694696336959,2
4553-DVPZG,Month-to-month,Fiber optic,Electronic check,62,48-72m,101.35,6164.7,3,0,0.38880103416916817,4
4902-OHLSK,Month-to-month,Fiber optic,Electronic check,29,24-48m,98.65,2862.75,3,1,0.5829438842214165,2
6917-IAYHD,Month-to-month,DSL,Mailed check,1,0-6m,33.6,33.6,2,0,0.30108890119810044,4
0495-ZBNGW,Month-to-month,Fiber optic,Bank transfer (automatic),5,0-6m,79.9,343.95,1,1,0.6740274295824765,1
8620-RJPZN,Month-to-month,No,Electronic check,1,0-6m,20.7,20.7,0,0,0.23404947847539426,5
7572-KPVKK,Two year,Fiber optic,Electronic check,62,48-72m,104.05,6590.5,4,0,0.10688078890638338,7
2642-MAWLJ,Two year,No,Bank transfer (automatic),36,24-48m,20.25,717.95,0,0,0.013282730029085216,10
2357-COQEK,Month-to-month,Fiber optic,Electronic check,28,24-48m,103.3,2890.65,4,1,0.6681547909419936,1
7103-ZGVNT,One year,DSL,Credit card (automatic),69,48-72m,73.7,4885.85,4,0,0.015726904045530246,9
3737-GCSPV,Month-to-month,Fiber optic,Credit card (automatic),11,6-12m,96.2,1222.05,3,1,0.4783435843131159,3
2027-WKXMW,Month-to-month,Fiber optic,Electronic check,63,48-72m,108.75,6871.7,5,0,0.296084518977007,4
7137-NAXML,One year,No,Bank transfer (automatic),23,12-24m,20.15,405.6,0,0,0.04492484334487412,8
2428-ZMCTB,Month-to-month,No,Credit card (automatic),10,6-12m,19.75,208.25,0,0,0.13249862423746406,6
2961-VNFKL,Two year,No,Credit card (automatic),71,48-72m,25.95,1801.9,0,0,0.009019686057017456,10
1768-HNVGJ,Month-to-month,DSL,Electronic check,45,24-48m,70.05,3062.45,3,0,0.19144070232790858,5
6963-KQYQB,Two year,No,Mailed check,70,48-72m,24.05,1764.75,0,0,0.005829121319675447,10
5934-RMPOV,Month-to-month,Fiber optic,Electronic check,22,12-24m,84.75,1816.75,1,0,0.6390846080159691,2
1207-BLKSA,Two year,No,Mailed check,52,48-72m,23.05,1255.1,0,0,0.010887168203951863,10
4088-YLDSU,One year,Fiber optic,Electronic check,55,48-72m,104.15,5743.05,4,1,0.2264012450763178,5
8316-BBQAY,Two year,DSL,Credit card (automatic),65,48-72m,59.95,3921.1,5,0,0.01983649696152835,9
1166-PQLGG,Two year,No,Bank transfer (automatic),72,72m+,19.55,1463.45,0,0,0.004061038622597242,10
3146-JTQHR,One year,No,Bank transfer (automatic),10,6-12m,19.6,189.45,0,0,0.0640938172190875,7
4291-YZODP,One year,No,Mailed check,7,6-12m,20.05,96.8,0,0,0.0649472168945779,7
4395-PZMSN,Month-to-month,Fiber optic,Electronic check,5,0-6m,85.55,408.5,2,0,0.7525719900842182,1
6427-FEFIG,Two year,DSL,Credit card (automatic),24,24-48m,78.6,1846.65,4,0,0.07254929930410978,7
0017-IUDMW,Two year,Fiber optic,Credit card (automatic),72,72m+,116.8,8456.75,6,0,0.0303122441347344,9
8706-HRADD,Month-to-month,DSL,Mailed check,21,12-24m,43.55,1011.5,3,0,0.2713933776016251,4
9955-QOPOY,One year,DSL,Credit card (automatic),69,48-72m,60.8,4263.4,5,0,0.05136674017392445,8
4385-ZKVNW,Month-to-month,DSL,Bank transfer (automatic),44,24-48m,54.9,2549.1,2,0,0.07386913885983842,7
5446-DKWYW,One year,DSL,Electronic check,61,48-72m,65.2,3965.05,2,0,0.10495945853098858,7
2034-CGRHZ,Month-to-month,Fiber optic,Credit card (automatic),24,24-48m,102.95,2496.7,4,1,0.6682104258449695,1
5797-APWZC,Month-to-month,Fiber optic,Electronic check,1,0-6m,90.6,90.6,2,1,0.7468855815927974,1
3683-QKIUE,Month-to-month,DSL,Bank transfer (automatic),6,6-12m,50.8,288.05,1,1,0.2760069172334706,4
4228-ZGYUW,Month-to-month,Fiber optic,Electronic check,4,0-6m,90.05,368.1,2,1,0.7738531335444768,1
9031-ZVQPT,Two year,Fiber optic,Electronic check,72,72m+,108.2,7840.6,5,0,0.07917948091660752,7
2990-IAJSV,Two year,DSL,Bank transfer (automatic),72,72m+,92.0,6632.75,6,0,0.011104849259707415,10
8107-KNCIM,Month-to-month,Fiber optic,Electronic check,14,12-24m,75.1,1013.35,0,0,0.7063944992886351,1
9027-YFHQJ,Month-to-month,No,Bank transfer (automatic),7,6-12m,25.05,152.95,0,0,0.23622610968633595,5
5176-LDKUH,One year,Fiber optic,Electronic check,48,48-72m,75.15,3772.65,1,0,0.13740386197741045,6
4644-OBGFZ,One year,No,Mailed check,55,48-72m,19.5,1026.35,0,0,0.012820452384683401,10
7926-IJOOU,Month-to-month,No,Credit card (automatic),1,0-6m,19.3,19.3,0,0,0.17288106299084366,6
6480-YAGIY,One year,Fiber optic,Credit card (automatic),45,24-48m,112.2,5031.85,6,0,0.08396558972731033,7
4029-HPFVY,Month-to-month,Fiber optic,Mailed check,3,0-6m,70.3,220.4,0,0,0.5922166816859883,2
7602-DBTOU,Two year,No,Mailed check,71,48-72m,19.6,1416.5,0,0,0.0048310142108950556,10
5345-BMKWB,Month-to-month,No,Mailed check,8,6-12m,20.25,158.35,0,0,0.12721069496778167,6
3519-ZKXGG,Month-to-month,Fiber optic,Electronic check,3,0-6m,75.85,256.6,0,1,0.733733651066103,1
5457-COLHT,Two year,DSL,Bank transfer (automatic),69,48-72m,80.65,5542.55,5,0,0.007826402809211076,10
6416-TVAIH,Month-to-month,Fiber optic,Electronic check,1,0-6m,68.5,68.5,0,1,0.6688485204399838,1
5451-YHYPW,Two year,Fiber optic,Credit card (automatic),72,72m+,115.75,8443.7,6,0,0.04405336949587629,8
5108-ADXWO,Month-to-month,Fiber optic,Electronic check,11,6-12m,73.5,791.75,1,1,0.5556096434020761,2
7998-WNZEM,Two year,DSL,Bank transfer (automatic),71,48-72m,80.6,5708.2,5,0,0.008712981234877737,10
3066-RRJIO,Month-to-month,Fiber optic,Mailed check,1,0-6m,69.95,69.95,0,1,0.610376485081129,2
4664-NJCMS,Two year,DSL,Bank transfer (automatic),33,24-48m,59.55,2016.3,5,0,0.05159627604598375,8
0307-BCOPK,One year,No,Mailed check,16,12-24m,19.05,326.65,0,0,0.05736828129163886,8
7629-WFGLW,One year,Fiber optic,Electronic check,56,48-72m,95.65,5471.75,4,0,0.08065892694955838,7
2542-HYGIQ,Month-to-month,No,Credit card (automatic),1,0-6m,19.95,19.95,0,0,0.17064435562203836,6
6715-OFDBP,Month-to-month,DSL,Electronic check,5,0-6m,70.05,346.4,3,1,0.6014588195130153,2
5016-LIPDW,One year,No,Mailed check,57,48-72m,19.4,1061.6,0,0,0.012024833905370945,10
6481-LXPWL,One year,DSL,Credit card (automatic),56,48-72m,36.1,1971.5,2,0,0.05573491687717922,8
1567-DSCIC,Month-to-month,Fiber optic,Electronic check,8,6-12m,94.0,773.65,3,1,0.7628920812455716,1
2150-UWTFY,Month-to-month,DSL,Mailed check,22,12-24m,61.15,1422.05,3,1,0.09973713332674072,7
6124-ACRHJ,Month-to-month,No,Mailed check,1,0-6m,19.75,19.75,0,0,0.1675403942751864,6
9362-MWODR,Month-to-month,DSL,Credit card (automatic),40,24-48m,64.1,2460.35,3,0,0.09591474539830204,7
9975-GPKZU,Two year,No,Credit card (automatic),46,24-48m,19.75,856.5,0,0,0.009855015284848518,10
9625-RZFUK,Two year,No,Mailed check,63,48-72m,19.7,1275.85,0,0,0.0054451162662909215,10
5153-LXKDT,Two year,Fiber optic,Electronic check,68,48-72m,110.2,7467.5,5,0,0.07435448846276069,7
5161-UBZXI,Two year,Fiber optic,Credit card (automatic),69,48-72m,106.35,7261.75,5,0,0.026113582622347416,9
1020-JPQOW,Month-to-month,Fiber optic,Electronic check,56,48-72m,90.55,5116.6,3,0,0.17160449741011377,6
7919-ZODZZ,One year,DSL,Mailed check,10,6-12m,65.9,660.05,3,0,0.1756446188743053,6
0565-JUPYD,One year,Fiber optic,Credit card (automatic),63,48-72m,104.5,6590.8,5,0,0.052978039925090155,8
6867-ACCZI,Two year,DSL,Mailed check,24,24-48m,52.5,1208.15,5,0,0.05938534516553861,8
5939-XAIXZ,Month-to-month,DSL,Mailed check,19,12-24m,56.1,1033.9,1,0,0.311863021732453,4
9054-FOWNV,Month-to-month,Fiber optic,Electronic check,22,12-24m,88.75,1885.15,2,0,0.6383246983535543,2
2683-BPJSO,Month-to-month,Fiber optic,Electronic check,29,24-48m,84.45,2467.1,2,1,0.43093796743057333,3
2157-MXBJS,One year,DSL,Mailed check,13,12-24m,75.3,989.45,3,1,0.31019102528109727,4
8207-VVMYB,Two year,No,Bank transfer (automatic),70,48-72m,26.0,2006.95,0,0,0.009109707472657845,10
9732-EQMWY,Month-to-month,Fiber optic,Electronic check,49,48-72m,99.4,5025.0,4,0,0.3344510085708494,4
9360-AHGNL,One year,Fiber optic,Mailed check,43,24-48m,109.55,4830.25,5,1,0.1940872793159168,5
1087-UDSIH,Month-to-month,No,Mailed check,3,0-6m,19.6,59.75,0,1,0.21067491479216777,5
5269-NRGDP,One year,DSL,Electronic check,42,24-48m,73.15,3088.25,4,0,0.08165778381638088,7
6195-MELTI,One year,DSL,Mailed check,57,48-72m,54.65,3134.7,2,0,0.030729791949978463,9
5485-WUYWF,Month-to-month,DSL,Bank transfer (automatic),2,0-6m,66.4,94.55,3,1,0.3334931619653945,4
2121-JAFOM,Two year,Fiber optic,Credit card (automatic),72,72m+,115.55,8312.4,6,0,0.03596033183912792,8
8818-DOPVL,Month-to-month,Fiber optic,Electronic check,46,24-48m,104.45,4863.85,4,0,0.5835170267213154,2
2632-UCGVD,Month-to-month,Fiber optic,Credit card (automatic),66,48-72m,100.05,6871.9,3,1,0.2522524491275979,5
5445-PZWGX,One year,Fiber optic,Electronic check,62,48-72m,102.0,6529.25,4,1,0.072814621101419,7
1227-UDMZR,Two year,DSL,Bank transfer (automatic),72,72m+,91.15,6637.9,6,0,0.014806737266042501,10
5198-HQAEN,One year,Fiber optic,Electronic check,35,24-48m,89.7,3165.6,3,0,0.2127066356380551,5
9170-CCKOU,Month-to-month,Fiber optic,Credit card (automatic),17,12-24m,90.2,1454.15,3,1,0.33735736083937634,4
2167-FQSTQ,Two year,DSL,Electronic check,72,72m+,92.4,6786.1,6,0,0.02205416493815696,9
2819-GWENI,One year,No,Mailed check,28,24-48m,19.9,543.0,0,0,0.030917112857861244,9
1043-YCUTE,Two year,No,Credit card (automatic),56,48-72m,25.15,1327.15,0,1,0.015138765665924085,9
3814-MLAXC,Month-to-month,Fiber optic,Credit card (automatic),31,24-48m,79.85,2404.15,1,1,0.3544191845410277,4
3572-UUHRS,One year,No,Bank transfer (automatic),45,24-48m,18.85,867.3,0,0,0.02263045472808504,9
2692-PFYTJ,Month-to-month,No,Mailed check,1,0-6m,25.75,25.75,0,0,0.27030935033633013,4
1226-UDFZR,Month-to-month,DSL,Mailed check,2,0-6m,49.6,114.7,1,1,0.36948286143923936,4
5955-EPOAZ,Month-to-month,No,Mailed check,6,6-12m,20.95,109.5,0,0,0.1893168087756218,5
6821-JPCDC,One year,Fiber optic,Electronic check,48,48-72m,97.05,4692.95,4,0,0.27689145990077046,4
8815-LMFLX,Month-to-month,No,Bank transfer (automatic),25,24-48m,25.4,546.85,0,0,0.11824861331064772,6
9135-HSWOC,Two year,No,Bank transfer (automatic),64,48-72m,19.7,1274.05,0,0,0.007459759386660024,10
8582-KRHPJ,Month-to-month,DSL,Mailed check,50,48-72m,35.0,1782.4,2,0,0.11506201849287505,7
5811-IWXYM,One year,Fiber optic,Bank transfer (automatic),52,48-72m,101.25,5301.1,3,0,0.1480207019995833,6
7044-YAACC,Month-to-month,Fiber optic,Electronic check,4,0-6m,70.2,280.35,0,0,0.7157843803456808,1
8189-XRIKE,Month-to-month,Fiber optic,Electronic check,32,24-48m,90.95,2897.95,2,0,0.561395558713041,2
1506-YJTYT,Two year,DSL,Credit card (automatic),45,24-48m,73.85,3371.0,4,0,0.019409145686769727,9
4123-DVHPH,Month-to-month,Fiber optic,Electronic check,9,6-12m,88.05,801.3,2,0,0.6806178648754776,1
6425-YQLLO,One year,Fiber optic,Credit card (automatic),66,48-72m,105.95,6975.25,4,1,0.13707936656602013,6
5442-UTCVD,Month-to-month,Fiber optic,Electronic check,3,0-6m,91.85,257.05,2,1,0.6880068352318188,1
2228-BZDEE,Two year,No,Mailed check,54,48-72m,20.1,1079.45,0,0,0.009076986697215789,10
7734-DBOAI,Month-to-month,DSL,Electronic check,1,0-6m,40.1,40.1,2,1,0.4714349933066461,3
2789-CZANW,Two year,Fiber optic,Bank transfer (automatic),64,48-72m,110.3,6997.3,5,0,0.02916312150485666,9
2091-RFFBA,Month-to-month,Fiber optic,Electronic check,31,24-48m,73.9,2217.15,0,1,0.6011001671379844,2
2114-MGINA,Month-to-month,Fiber optic,Mailed check,14,12-24m,89.8,1129.1,2,1,0.6386314778831786,2
7596-LDUXP,One year,Fiber optic,Credit card (automatic),12,12-24m,85.15,979.05,2,0,0.34083186752677697,4
3740-RLMVT,One year,DSL,Bank transfer (automatic),67,48-72m,60.95,4119.4,3,0,0.01732343022689383,9
4489-SNOJF,Month-to-month,DSL,Electronic check,35,24-48m,72.25,2568.55,4,1,0.14521266233219604,6
2192-OZITF,Two year,DSL,Mailed check,45,24-48m,73.55,3349.1,3,0,0.02132893385884962,9
5651-CPDND,Month-to-month,DSL,Mailed check,10,6-12m,46.0,492.1,0,0,0.25022886357747465,5
2186-QZEYA,Month-to-month,DSL,Bank transfer (automatic),29,24-48m,58.55,1718.95,2,0,0.21873044177926737,5
1131-ALZWV,One year,No,Bank transfer (automatic),24,24-48m,24.6,605.25,0,0,0.05793198264606155,8
7729-XBTWX,Two year,No,Mailed check,66,48-72m,19.75,1344.5,0,0,0.006938121746022728,10
9134-WYRVP,One year,Fiber optic,Mailed check,51,48-72m,86.35,4267.15,2,0,0.08519970662651342,7
3284-SVCRO,Two year,No,Mailed check,45,24-48m,25.5,1121.05,0,0,0.014971924057180815,9
9732-OUYRN,One year,No,Credit card (automatic),49,48-72m,19.0,918.7,0,0,0.018772004241106924,9
0559-CKHUS,Two year,No,Mailed check,29,24-48m,19.55,521.8,0,0,0.02745021842065463,9
2931-SVLTV,Month-to-month,Fiber optic,Credit card (automatic),40,24-48m,110.1,4469.1,5,0,0.26376159325196247,5
6899-PPEEA,Month-to-month,Fiber optic,Electronic check,37,24-48m,96.55,3580.3,2,1,0.6678283480900173,1
7504-UWHNB,Month-to-month,Fiber optic,Electronic check,25,24-48m,69.75,1729.35,0,0,0.43556487432603685,3
2582-FFFZR,Month-to-month,DSL,Electronic check,22,12-24m,50.6,1073.3,3,0,0.5768946359467363,2
8908-NMQTX,Two year,DSL,Bank transfer (automatic),72,72m+,65.6,4566.5,6,0,0.01957114343895755,9
2187-LZGPL,Month-to-month,DSL,Credit card (automatic),7,6-12m,40.1,293.3,2,1,0.5094388693499825,3
1431-AIDJQ,Two year,DSL,Credit card (automatic),33,24-48m,82.1,2603.1,5,0,0.035496233098126044,8
6288-LBEAR,Month-to-month,Fiber optic,Mailed check,23,12-24m,79.1,1783.75,2,0,0.32878997988789643,4
4597-NUCQV,Month-to-month,Fiber optic,Electronic check,24,24-48m,101.25,2440.15,3,1,0.7421160672686826,1
9019-QVLZD,Month-to-month,Fiber optic,Electronic check,1,0-6m,79.55,79.55,1,1,0.7038413205242215,1
8413-YNHNV,Two year,DSL,Mailed check,69,48-72m,90.65,6322.1,6,0,0.012615557235229372,10
5808-TOTXO,One year,No,Credit card (automatic),3,0-6m,20.55,57.4,0,0,0.10232579745600232,7
4369-NYSCF,One year,DSL,Bank transfer (automatic),56,48-72m,75.75,4284.65,4,0,0.052877467348658655,8
6333-YDVLT,One year,Fiber optic,Credit card (automatic),65,48-72m,110.0,7138.65,5,0,0.09203653444655181,7
5324-KTGCG,One year,No,Electronic check,71,48-72m,20.85,1539.75,0,0,0.013024943927177509,10
5599-HVLTW,Month-to-month,Fiber optic,Bank transfer (automatic),14,12-24m,80.35,1058.1,1,0,0.6195949203978213,2
7394-LWLYN,Month-to-month,Fiber optic,Electronic check,2,0-6m,70.15,123.8,0,0,0.7007697029759798,1
3707-LRWZD,One year,Fiber optic,Electronic check,32,24-48m,84.05,2781.85,1,1,0.35773493649999505,4
6873-UDNLD,Month-to-month,DSL,Electronic check,40,24-48m,67.45,2731.0,3,0,0.136192913146232,6
2700-LUEVA,Month-to-month,No,Credit card (automatic),1,0-6m,20.75,20.75,0,0,0.1679231123115003,6
1455-ESIQH,Month-to-month,Fiber optic,Electronic check,1,0-6m,89.1,89.1,2,1,0.8121919000892187,1
0958-YHXGP,Month-to-month,Fiber optic,Mailed check,7,6-12m,69.9,497.3,0,0,0.5617402303981984,2
1101-SSWAG,Month-to-month,DSL,Electronic check,15,12-24m,51.1,711.15,0,0,0.43333352657321467,3
2979-SXESE,Month-to-month,Fiber optic,Electronic check,17,12-24m,94.4,1607.2,3,1,0.5024865029741,3
4013-TLDHQ,Month-to-month,Fiber optic,Electronic check,19,12-24m,78.25,1490.95,2,1,0.553743507640373,2
5743-KHMNA,Two year,No,Bank transfer (automatic),71,48-72m,25.55,1898.1,0,0,0.00680739831262882,10
4194-FJARJ,Two year,DSL,Bank transfer (automatic),54,48-72m,60.0,3273.95,2,0,0.01096617630747029,10
5325-UWTWJ,Month-to-month,Fiber optic,Credit card (automatic),31,24-48m,90.55,2929.75,3,0,0.2418774889812421,5
3969-GYXEL,Month-to-month,Fiber optic,Electronic check,11,6-12m,76.4,838.7,1,0,0.4519617535787459,3
9208-OLGAQ,Month-to-month,Fiber optic,Electronic check,18,12-24m,84.95,1443.65,2,0,0.6797094849666019,1
3244-CQPHU,Two year,Fiber optic,Bank transfer (automatic),72,72m+,110.1,7746.7,5,0,0.048070283073744946,8
2674-MLXMN,Month-to-month,Fiber optic,Credit card (automatic),71,48-72m,99.65,6951.15,3,0,0.2891956377604446,4
9708-HPXWZ,Month-to-month,DSL,Credit card (automatic),5,0-6m,45.4,214.75,3,0,0.43655689539979514,3
6992-TKNYO,One year,DSL,Credit card (automatic),38,24-48m,69.0,2669.45,3,0,0.06931084309715548,7
4468-YDOVK,Month-to-month,DSL,Bank transfer (automatic),5,0-6m,48.65,235.2,1,0,0.2640208549139478,5
3754-DXMRT,Month-to-month,DSL,Electronic check,2,0-6m,44.15,92.65,0,1,0.5546055740178645,2
5792-JALQC,Two year,DSL,Bank transfer (automatic),52,48-72m,59.85,3103.25,2,0,0.02510100683258403,9
7130-VTEWQ,Month-to-month,Fiber optic,Electronic check,8,6-12m,75.75,606.25,0,1,0.7575258634561368,1
2200-DSAAL,Two year,DSL,Electronic check,68,48-72m,80.65,5330.2,4,0,0.056337836619292064,8
4302-ZYFEL,One year,No,Credit card (automatic),69,48-72m,20.55,1403.1,0,0,0.011347317205182993,10
9351-LZYGF,Month-to-month,DSL,Credit card (automatic),42,24-48m,66.4,2727.8,3,0,0.08277755577271946,7
4366-CTOUZ,Two year,Fiber optic,Mailed check,50,48-72m,100.2,5038.45,4,0,0.0837514627005072,7
6121-VZNQB,Month-to-month,No,Mailed check,1,0-6m,19.1,19.1,0,1,0.22417929968605704,5
7903-CMPEY,Month-to-month,Fiber optic,Electronic check,1,0-6m,80.3,80.3,1,1,0.7202695157764261,1
1518-OMDIK,Month-to-month,DSL,Credit card (automatic),33,24-48m,44.55,1462.6,0,0,0.1767740706419031,6
6671-NGWON,Month-to-month,No,Mailed check,7,6-12m,20.35,150.6,0,0,0.13948783384077051,6
0595-ITUDF,Month-to-month,Fiber optic,Electronic check,64,48-72m,91.8,5960.5,3,0,0.15682455657386218,6
6996-KNSML,Month-to-month,Fiber optic,Electronic check,1,0-6m,74.9,74.9,1,1,0.7042389562785002,1
1955-IBMMB,Two year,No,Bank transfer (automatic),59,48-72m,20.2,1192.3,0,0,0.010845865690913102,10
0096-BXERS,Month-to-month,DSL,Electronic check,6,6-12m,50.35,314.55,0,0,0.4272038864398579,3
3806-YAZOV,Month-to-month,No,Mailed check,3,0-6m,18.8,56.0,0,0,0.16145077901319999,6
7998-ZLXWN,Month-to-month,No,Credit card (automatic),15,12-24m,20.45,330.8,0,0,0.10533726100553031,7
6253-WRFHY,One year,DSL,Electronic check,13,12-24m,64.75,877.35,2,0,0.31928098484934664,4
9133-AYJZG,Month-to-month,Fiber optic,Credit card (automatic),23,12-24m,98.7,2249.1,3,0,0.6277196200789609,2
2675-OTVVJ,Month-to-month,Fiber optic,Electronic check,31,24-48m,89.45,2807.65,2,0,0.4808862860138296,3
8680-CGLTP,One year,DSL,Electronic check,29,24-48m,58.75,1696.2,3,0,0.08229283744048937,7
8430-TWCBX,One year,No,Credit card (automatic),49,48-72m,20.7,1032.05,0,0,0.01802936725040923,9
5018-GWURO,Month-to-month,Fiber optic,Bank transfer (automatic),56,48-72m,85.6,4902.8,1,0,0.29171005673949046,4
6741-QRLUP,Two year,DSL,Credit card (automatic),63,48-72m,80.3,4995.35,5,0,0.016473565759104983,9
4737-HOBAX,Two year,DSL,Credit card (automatic),63,48-72m,79.8,5034.05,4,0,0.023314409898496216,9
0537-QYZZN,Month-to-month,Fiber optic,Electronic check,24,24-48m,79.85,1857.75,1,0,0.5090871932593456,3
3340-QBBFM,One year,DSL,Credit card (automatic),36,24-48m,54.1,1992.85,2,0,0.05487072653895185,8
1704-NRWYE,Month-to-month,Fiber optic,Electronic check,9,6-12m,80.85,751.65,1,1,0.7553326181562653,1
2592-SEIFQ,Month-to-month,DSL,Electronic check,3,0-6m,24.75,66.95,0,1,0.523158678512565,3
8200-KLNYW,One year,DSL,Mailed check,21,12-24m,80.9,1714.95,5,0,0.08026379476130108,7
3372-CDXFJ,One year,No,Bank transfer (automatic),13,12-24m,24.5,343.6,0,0,0.06674347407837279,7
4781-ZXYGU,Month-to-month,No,Bank transfer (automatic),1,0-6m,20.15,20.15,0,0,0.18483908094654766,5
7632-YUTXB,One year,No,Mailed check,25,24-48m,20.05,520.1,0,0,0.03396956838001508,8
2718-YSKCS,Two year,No,Bank transfer (automatic),71,48-72m,19.6,1387.45,0,0,0.005917839642685324,10
9896-UYMIE,One year,Fiber optic,Bank transfer (automatic),66,48-72m,114.3,7383.7,6,0,0.08209726079087504,7
0853-NWIFK,One year,Fiber optic,Electronic check,45,24-48m,100.3,4483.95,4,0,0.23073881101405427,5
8212-CRQXP,Month-to-month,Fiber optic,Credit card (automatic),22,12-24m,80.0,1706.45,1,0,0.5013674774743927,3
6980-CDGFC,One year,No,Bank transfer (automatic),67,48-72m,20.85,1327.4,0,0,0.013609681001959315,10
7691-XVTZH,Two year,Fiber optic,Bank transfer (automatic),68,48-72m,89.95,5974.3,2,0,0.06938076258913212,7
2520-SGTTA,Two year,No,Mailed check,0,0-6m,20.0,0.0,0,0,0.04330872018931013,8
7481-ATQQS,Month-to-month,Fiber optic,Credit card (automatic),49,48-72m,90.85,4515.85,2,1,0.3923001718216972,3
2277-VWCNI,Month-to-month,DSL,Mailed check,4,0-6m,48.75,179.85,0,0,0.4166591564072773,3
1088-CNNKB,One year,DSL,Credit card (automatic),63,48-72m,80.0,5040.2,5,0,0.019581282024370456,9
8642-GVWRF,Month-to-month,Fiber optic,Bank transfer (automatic),2,0-6m,79.7,165.0,2,1,0.47393490124502763,3
1930-BZLHI,One year,No,Mailed check,21,12-24m,20.35,422.7,0,0,0.06581060052682741,7
3400-ESFUW,Two year,DSL,Bank transfer (automatic),55,48-72m,57.55,3046.4,3,1,0.007762414865449866,10
5868-YTYKS,Month-to-month,No,Mailed check,1,0-6m,20.25,20.25,0,0,0.19532671040337066,5
3525-DVKFN,Two year,No,Mailed check,17,12-24m,19.4,358.05,0,0,0.03133887409859361,9
1482-OXZSY,Month-to-month,Fiber optic,Bank transfer (automatic),30,24-48m,100.4,2936.25,3,0,0.48618532349771354,3
0377-JBKKT,Month-to-month,DSL,Mailed check,22,12-24m,57.95,1271.8,3,0,0.10807537789744306,7
5778-BVOFB,Month-to-month,DSL,Bank transfer (automatic),9,6-12m,59.5,530.05,2,0,0.32709483032172104,4
3373-YZZYM,Month-to-month,No,Mailed check,1,0-6m,19.2,19.2,0,0,0.14046921130480783,6
2057-ZBLPD,Month-to-month,Fiber optic,Electronic check,21,12-24m,86.5,1808.7,1,1,0.6534201416944935,2
0228-MAUWC,Month-to-month,DSL,Electronic check,19,12-24m,59.55,1144.6,2,0,0.2657677744456968,5
5502-RLUYV,Month-to-month,Fiber optic,Electronic check,69,48-72m,103.95,7446.9,4,1,0.296851933280144,4
0023-HGHWL,Month-to-month,DSL,Electronic check,1,0-6m,25.1,25.1,0,1,0.6712276641201266,1
7663-YJHSN,Two year,Fiber optic,Bank transfer (automatic),72,72m+,103.95,7556.9,5,0,0.028909773467587444,9
4915-BFSXL,Two year,DSL,Credit card (automatic),70,48-72m,68.95,4858.7,3,0,0.012790587671658027,10
3086-RUCRN,Month-to-month,Fiber optic,Bank transfer (automatic),66,48-72m,103.1,6595.0,5,0,0.12032139566854852,6
5215-LNLDJ,Month-to-month,DSL,Electronic check,7,6-12m,24.7,149.05,0,0,0.5209242905623425,3
7576-JMYWV,Month-to-month,Fiber optic,Electronic check,46,24-48m,110.2,4972.1,5,0,0.3541317978359759,4
9039-RBEEE,Month-to-month,DSL,Credit card (automatic),39,24-48m,48.95,1880.85,4,1,0.15949643420607332,6
0257-KXZGU,Month-to-month,DSL,Bank transfer (automatic),32,24-48m,62.45,2045.55,2,0,0.12892394288542153,6
1307-ATKGB,Month-to-month,Fiber optic,Electronic check,24,24-48m,89.55,2187.15,3,0,0.5641304838610632,2
8417-FMLZI,Month-to-month,Fiber optic,Credit card (automatic),6,6-12m,83.55,477.55,2,1,0.5684890209476959,2
3714-XPXBW,Month-to-month,DSL,Credit card (automatic),37,24-48m,78.9,2976.95,5,0,0.14039451905900546,6
1850-AKQEP,Month-to-month,No,Mailed check,8,6-12m,20.35,178.7,0,0,0.1192379231971985,6
2824-DXNKN,Two year,DSL,Bank transfer (automatic),72,72m+,71.45,5025.85,3,0,0.015513800024065003,9
5227-JSCFE,Two year,DSL,Credit card (automatic),71,48-72m,46.35,3353.4,4,0,0.009611845164624657,10
0848-ZGQIJ,Month-to-month,Fiber optic,Bank transfer (automatic),16,12-24m,94.65,1461.15,3,0,0.586416212074015,2
3621-CHYVB,Month-to-month,DSL,Bank transfer (automatic),57,48-72m,49.9,2782.4,4,0,0.08349254462118555,7
8042-RNLKO,One year,No,Bank transfer (automatic),66,48-72m,25.45,1699.15,0,0,0.014449993512185327,10
1792-UXAFY,Month-to-month,Fiber optic,Electronic check,17,12-24m,89.15,1496.9,3,1,0.6878480398137944,1
5372-FBKBN,Month-to-month,No,Mailed check,21,12-24m,20.75,452.2,0,0,0.07967713157597835,7
0420-TXVSG,Two year,DSL,Credit card (automatic),66,48-72m,66.1,4428.45,3,0,0.015221676411375212,9
6217-TOWGS,Month-to-month,DSL,Bank transfer (automatic),17,12-24m,75.4,1322.55,3,0,0.42888637933149687,3
0515-YPMCW,Month-to-month,Fiber optic,Mailed check,1,0-6m,70.45,70.45,0,1,0.5720770103975862,2
0378-XSZPU,One year,DSL,Credit card (automatic),58,48-72m,60.3,3563.8,3,1,0.01934641265918303,9
1045-LTCYT,Month-to-month,No,Credit card (automatic),8,6-12m,21.05,139.75,0,0,0.11257141175448755,7
1544-JJMYL,One year,DSL,Credit card (automatic),27,24-48m,69.35,1927.3,4,0,0.06048542107723674,8
4636-JGAAI,Month-to-month,Fiber optic,Mailed check,34,24-48m,88.85,3000.25,2,0,0.35166048484018114,4
6874-SGLHU,One year,Fiber optic,Bank transfer (automatic),30,24-48m,97.0,3021.3,3,0,0.3074830870753254,4
5951-AOFIH,Month-to-month,DSL,Credit card (automatic),33,24-48m,66.4,2245.4,3,0,0.2133793564330229,5
4729-XKASR,Month-to-month,DSL,Electronic check,1,0-6m,24.75,24.75,0,1,0.5033807287169922,3
3059-NGMXB,Month-to-month,DSL,Mailed check,14,12-24m,69.2,944.65,3,0,0.2090645552443793,5
8652-YHIYU,One year,Fiber optic,Credit card (automatic),16,12-24m,79.5,1264.2,1,0,0.2806486468075562,4
5278-PNYOX,Two year,Fiber optic,Credit card (automatic),49,48-72m,100.65,4917.75,4,0,0.06749895406207652,7
5449-FIBXJ,Month-to-month,Fiber optic,Electronic check,19,12-24m,103.3,2012.7,4,1,0.554509666712457,2
3486-HOOGQ,Two year,DSL,Bank transfer (automatic),70,48-72m,79.7,5743.3,5,0,0.007926128843219648,10
5061-PBXFW,Month-to-month,DSL,Bank transfer (automatic),32,24-48m,61.4,1864.65,3,0,0.053559634537843216,8
8630-FJLIB,Month-to-month,Fiber optic,Electronic check,18,12-24m,69.8,1221.65,0,0,0.5795908160691651,2
3891-NLXJB,Two year,DSL,Mailed check,37,24-48m,40.55,1390.85,3,0,0.03658528001014491,8
4749-OJKQU,Month-to-month,Fiber optic,Electronic check,4,0-6m,75.65,302.35,0,0,0.7426738208774957,1
0577-WHMEV,Month-to-month,Fiber optic,Electronic check,16,12-24m,90.7,1374.9,3,0,0.4403067434429747,3
5453-AXEPF,Month-to-month,Fiber optic,Bank transfer (automatic),17,12-24m,80.5,1336.9,1,0,0.5072471786315789,3
3639-XJHKQ,Month-to-month,DSL,Electronic check,19,12-24m,60.6,1297.8,3,0,0.2271775013514781,5
3716-LRGXK,Two year,Fiber optic,Credit card (automatic),60,48-72m,101.15,6067.4,3,0,0.08033275775823294,7
2263-SFSQZ,Two year,No,Mailed check,51,48-72m,24.95,1222.25,0,0,0.015133812254111015,9
9950-MTGYX,Two year,No,Credit card (automatic),28,24-48m,20.3,487.95,0,0,0.024805237898148633,9
3397-AVTKU,Two year,DSL,Electronic check,43,24-48m,60.0,2548.55,2,0,0.0731513095331695,7
4825-FUREZ,Two year,No,Electronic check,42,24-48m,20.25,835.5,0,0,0.019316568271366373,9
9837-BMCLM,Month-to-month,Fiber optic,Electronic check,3,0-6m,78.5,242.05,1,1,0.7630954543214857,1
2672-OJQZP,Month-to-month,DSL,Mailed check,1,0-6m,44.75,44.75,0,0,0.3177045983573841,4
0137-UDEUO,Month-to-month,No,Mailed check,3,0-6m,19.85,63.75,0,1,0.1580417258889313,6
3134-DSHVC,Two year,Fiber optic,Credit card (automatic),63,48-72m,98.0,6218.45,4,0,0.043937444835018255,8
6161-UUUTA,Month-to-month,Fiber optic,Electronic check,3,0-6m,79.9,260.9,1,1,0.7944751624277284,1
7821-DPRQE,Month-to-month,Fiber optic,Electronic check,68,48-72m,107.7,7320.9,5,0,0.20579646754694753,5
6543-XRMYR,Month-to-month,Fiber optic,Electronic check,30,24-48m,99.7,2967.35,3,1,0.7094289378195735,1
2001-EWBQU,Two year,Fiber optic,Electronic check,60,48-72m,104.7,6333.8,4,0,0.11919199664990092,6
4925-LMHOK,Month-to-month,DSL,Credit card (automatic),15,12-24m,58.6,939.7,2,1,0.2710608740981713,4
1608-GMEWB,Month-to-month,Fiber optic,Bank transfer (automatic),45,24-48m,93.9,4200.25,2,0,0.5143141179844015,3
6695-AMZUF,Two year,DSL,Credit card (automatic),70,48-72m,86.45,5950.2,6,0,0.00858088128834519,10
1455-UGQVH,Month-to-month,Fiber optic,Electronic check,10,6-12m,98.5,1037.75,3,1,0.7967626688992191,1
8410-BGQXN,Month-to-month,No,Mailed check,4,0-6m,19.4,93.4,0,0,0.15503655134780567,6
8280-MQRQN,Month-to-month,DSL,Mailed check,1,0-6m,50.45,50.45,1,1,0.3873644770411039,4
1619-YWUBB,Two year,No,Credit card (automatic),68,48-72m,24.95,1614.9,0,0,0.010209670330180626,10
7611-YKYTC,Month-to-month,Fiber optic,Bank transfer (automatic),22,12-24m,75.0,1573.95,1,0,0.2338727102640494,5
2037-SGXHH,Month-to-month,Fiber optic,Electronic check,38,24-48m,94.65,3624.3,3,1,0.48049801477141163,3
3178-FESZO,Month-to-month,Fiber optic,Credit card (automatic),1,0-6m,100.25,100.25,3,1,0.7729717886345119,1
0365-GXEZS,Month-to-month,Fiber optic,Electronic check,18,12-24m,78.2,1468.75,2,0,0.39145623229994275,3
0082-OQIQY,Month-to-month,Fiber optic,Electronic check,29,24-48m,94.2,2607.6,3,0,0.5406454543101429,2
6087-MVHJH,Month-to-month,Fiber optic,Electronic check,16,12-24m,88.45,1422.1,2,1,0.7166881563348307,1
4603-JANFB,Month-to-month,Fiber optic,Electronic check,1,0-6m,69.85,69.85,0,1,0.7092756403533277,1
3018-TFTSU,Month-to-month,Fiber optic,Bank transfer (automatic),12,12-24m,81.7,858.6,2,1,0.3334143672903128,4
3606-SBKRY,One year,DSL,Electronic check,31,24-48m,50.05,1523.4,3,0,0.3345366664415529,4
4806-KEXQR,Month-to-month,Fiber optic,Electronic check,4,0-6m,79.9,324.3,1,1,0.7372128035059579,1
0667-NSRGI,One year,DSL,Mailed check,48,48-72m,69.55,3435.6,3,0,0.06735436452037268,7
7083-YNSKY,Month-to-month,No,Credit card (automatic),15,12-24m,25.4,399.6,0,1,0.19330089018450253,5
6893-ODYYE,One year,Fiber optic,Credit card (automatic),50,48-72m,90.1,4549.45,4,0,0.0620693240838597,8
8242-JSVBO,Month-to-month,DSL,Bank transfer (automatic),7,6-12m,44.65,322.5,0,0,0.3513020833793378,4
2479-BRAMR,Month-to-month,Fiber optic,Bank transfer (automatic),41,24-48m,83.75,3273.55,2,1,0.30540597313846013,4
9541-ZPSEA,Two year,Fiber optic,Credit card (automatic),68,48-72m,80.35,5375.15,2,0,0.017268340312440185,9
2665-NPTGL,Month-to-month,Fiber optic,Bank transfer (automatic),26,24-48m,98.1,2510.7,3,0,0.6497031427752561,2
1139-WUOAH,Two year,DSL,Credit card (automatic),57,48-72m,53.35,3090.05,4,0,0.03813928961975759,8
4693-VWVBO,Month-to-month,No,Electronic check,3,0-6m,19.55,61.05,0,0,0.22704721352913895,5
7434-SHXLS,Month-to-month,No,Mailed check,1,0-6m,20.9,20.9,0,1,0.16369649393344252,6
6937-GCDGQ,One year,DSL,Bank transfer (automatic),19,12-24m,48.95,955.6,1,0,0.09156718089509998,7
0988-JRWWP,Month-to-month,DSL,Electronic check,3,0-6m,54.2,140.4,1,0,0.5697134594388648,2
5075-JSDKI,Two year,No,Electronic check,59,48-72m,24.45,1493.1,0,0,0.01603976918205453,9
7908-QCBCA,Month-to-month,Fiber optic,Mailed check,1,0-6m,69.4,69.4,0,1,0.5955909180513211,2
8644-XYTSV,Month-to-month,DSL,Bank transfer (automatic),42,24-48m,40.15,1626.05,2,0,0.19053653461924394,5
6711-FLDFB,Month-to-month,Fiber optic,Electronic check,7,6-12m,74.9,541.15,0,1,0.7265355577805206,1
3873-WOSBC,Two year,No,Credit card (automatic),67,48-72m,25.6,1784.9,0,0,0.007375442395137866,10
7465-ZZRVX,Month-to-month,Fiber optic,Electronic check,1,0-6m,70.35,70.35,0,0,0.7067754154879116,1
7975-JMZNT,Two year,DSL,Bank transfer (automatic),66,48-72m,91.7,6075.9,6,0,0.01267778974981364,10
7251-XFOIL,Month-to-month,Fiber optic,Mailed check,61,48-72m,89.2,5500.6,2,0,0.19930532538224865,5
4116-IQRFR,One year,No,Credit card (automatic),4,0-6m,24.1,73.1,0,0,0.09088157550967699,7
3714-JTVOV,Month-to-month,Fiber optic,Credit card (automatic),42,24-48m,74.15,3229.4,1,1,0.24827516717495257,5
8259-DZLIZ,One year,DSL,Bank transfer (automatic),64,48-72m,53.85,3399.85,1,0,0.03771287545693636,8
0442-ZXKVS,One year,Fiber optic,Bank transfer (automatic),54,48-72m,115.6,6431.05,6,0,0.1300295867106133,6
7853-WNZSY,Month-to-month,No,Credit card (automatic),1,0-6m,19.75,19.75,0,0,0.2261346024018892,5
3120-FAZKD,Two year,No,Bank transfer (automatic),54,48-72m,24.05,1230.9,0,0,0.014060481784007843,10
8606-OEGQZ,Two year,No,Credit card (automatic),18,12-24m,25.3,454.65,0,0,0.03496968612256464,8
0225-ZORZP,Month-to-month,Fiber optic,Electronic check,3,0-6m,84.3,235.05,2,0,0.6564896685564151,2
4702-IOQDC,Month-to-month,Fiber optic,Electronic check,1,0-6m,70.1,70.1,0,1,0.7080271005448167,1
9489-JMTTN,Two year,DSL,Credit card (automatic),72,72m+,89.75,6595.9,6,0,0.009623200977652789,10
0575-CUQOV,One year,Fiber optic,Electronic check,60,48-72m,97.95,5867.0,4,0,0.2369989299285997,5
0967-BMLBD,One year,No,Mailed check,11,6-12m,20.0,196.35,0,0,0.07381494243440108,7
6178-KFNHS,Month-to-month,Fiber optic,Electronic check,12,12-24m,78.3,909.25,1,1,0.5833200328340038,2
2830-LEWOA,One year,Fiber optic,Credit card (automatic),61,48-72m,103.9,6449.15,5,0,0.06267875315346984,7
5006-MXVRN,Two year,No,Credit card (automatic),39,24-48m,20.7,762.45,0,0,0.015130665380258479,9
1264-BYWMS,Month-to-month,Fiber optic,Electronic check,55,48-72m,96.8,5283.95,2,1,0.46765727338553903,3
9658-WYUFB,Month-to-month,Fiber optic,Electronic check,17,12-24m,94.4,1617.5,3,1,0.625861701469701,2
8327-WKMIE,One year,No,Credit card (automatic),37,24-48m,20.15,785.75,0,0,0.02915812137868279,9
6917-FIJHC,Two year,No,Mailed check,72,72m+,26.0,1776.0,0,0,0.008483846804949251,10
5329-KRDTM,Two year,DSL,Credit card (automatic),72,72m+,77.35,5396.25,4,0,0.014612069886026277,10
7797-EJMDP,Month-to-month,DSL,Bank transfer (automatic),8,6-12m,66.05,574.5,3,0,0.1814512210972689,5
3530-VWVGU,Month-to-month,No,Mailed check,22,12-24m,19.9,400.3,0,0,0.07344753700113367,7
2013-SGDXK,Month-to-month,Fiber optic,Electronic check,1,0-6m,84.3,84.3,2,1,0.686899796680577,1
6368-NWMCE,Month-to-month,DSL,Credit card (automatic),38,24-48m,68.15,2656.3,3,0,0.1351262958734629,6
3633-CDBUW,One year,DSL,Electronic check,17,12-24m,80.85,1445.95,5,0,0.16041308597845635,6
0707-HOVVN,Two year,DSL,Bank transfer (automatic),70,48-72m,75.5,5212.65,4,0,0.024114629309493298,9
8580-QVLOC,Two year,DSL,Credit card (automatic),72,72m+,92.45,6440.25,6,1,0.011173597332275438,10
3956-MGXOG,Month-to-month,Fiber optic,Electronic check,28,24-48m,80.6,2244.95,1,0,0.5515889201919866,2
9274-UARKJ,Month-to-month,Fiber optic,Bank transfer (automatic),15,12-24m,83.2,1130.0,2,0,0.5624596363813694,2
4077-HWUYD,Two year,DSL,Bank transfer (automatic),72,72m+,87.55,6463.15,6,0,0.013964892797221072,10
2012-NWRPA,Month-to-month,Fiber optic,Electronic check,11,6-12m,99.55,1131.2,3,1,0.8210373463897885,1
8808-ELEHO,Month-to-month,Fiber optic,Electronic check,8,6-12m,81.25,585.95,1,1,0.7510041321062506,1
0103-CSITQ,One year,Fiber optic,Bank transfer (automatic),57,48-72m,109.4,6252.7,5,0,0.13893514971681184,6
3506-LCJDC,Month-to-month,No,Bank transfer (automatic),1,0-6m,19.95,19.95,0,1,0.13883209266494556,6
8671-KKKOS,Month-to-month,DSL,Electronic check,46,24-48m,45.55,2062.15,3,0,0.1698415519699592,6
7305-ZWMAJ,One year,No,Credit card (automatic),30,24-48m,20.7,587.1,0,0,0.033624971047741564,8
9518-XXBXE,Month-to-month,Fiber optic,Electronic check,10,6-12m,75.3,720.45,1,0,0.5021720303493655,3
3934-HXCFZ,Month-to-month,Fiber optic,Electronic check,23,12-24m,99.25,2186.4,4,1,0.554307500494767,2
6578-KRMAW,Month-to-month,Fiber optic,Credit card (automatic),32,24-48m,93.4,2979.3,4,0,0.3182701205225381,4
4860-IJUDE,Month-to-month,Fiber optic,Credit card (automatic),13,12-24m,73.75,956.65,1,0,0.4344786982973532,3
7666-WKRON,Two year,Fiber optic,Electronic check,39,24-48m,80.45,3201.55,2,1,0.1111371029430573,7
9688-YGXVR,Month-to-month,Fiber optic,Credit card (automatic),44,24-48m,88.15,3973.2,3,0,0.3265003605118351,4
0423-UDIJQ,Month-to-month,DSL,Mailed check,9,6-12m,49.2,447.9,1,0,0.23851898971462007,5
1945-XISKS,Two year,No,Mailed check,67,48-72m,19.65,1335.2,0,0,0.005516493650284539,10
4910-AQFFX,Month-to-month,Fiber optic,Bank transfer (automatic),9,6-12m,79.35,661.25,1,1,0.5603181251496527,2
2154-KVJFF,Month-to-month,Fiber optic,Electronic check,15,12-24m,79.75,1111.85,1,1,0.6514764620791893,2
5360-LJCNJ,Two year,Fiber optic,Bank transfer (automatic),71,48-72m,105.15,7555.0,4,0,0.07267914441886815,7
2607-FBDFF,Month-to-month,DSL,Credit card (automatic),1,0-6m,49.0,49.0,1,0,0.25423860351061256,5
9647-ERGBE,Month-to-month,Fiber optic,Electronic check,30,24-48m,100.05,3046.15,3,1,0.6246416103239918,2
3428-XZMAZ,Month-to-month,Fiber optic,Electronic check,1,0-6m,69.35,69.35,0,1,0.7117632407851684,1
1100-DDVRV,Month-to-month,DSL,Mailed check,17,12-24m,49.8,836.35,3,0,0.47977287757430814,3
0378-TOVMS,Month-to-month,Fiber optic,Electronic check,3,0-6m,85.8,272.2,2,1,0.5843318634880754,2
4355-HBJHH,Two year,DSL,Electronic check,67,48-72m,79.7,5293.4,4,1,0.03689883651132772,8
6728-WYQBC,Month-to-month,No,Bank transfer (automatic),1,0-6m,20.95,20.95,0,0,0.1641496337481792,6
9058-CBREO,Month-to-month,DSL,Mailed check,1,0-6m,50.55,50.55,0,1,0.43067323894905635,3
9029-FEGVJ,Month-to-month,Fiber optic,Mailed check,32,24-48m,79.3,2570.0,1,0,0.3733311461009315,4
7216-KAOID,One year,No,Bank transfer (automatic),41,24-48m,19.5,798.2,0,0,0.020467270250465366,9
0318-QUUOB,Month-to-month,Fiber optic,Electronic check,1,0-6m,80.55,80.55,1,1,0.7525686136855159,1
6145-NNPNO,Month-to-month,DSL,Bank transfer (automatic),1,0-6m,44.15,44.15,0,0,0.32184375145138283,4
5520-FVEWJ,Month-to-month,Fiber optic,Electronic check,12,12-24m,84.5,916.9,2,1,0.6196082547990317,2
5339-TJFEK,Month-to-month,Fiber optic,Electronic check,62,48-72m,105.5,6487.2,4,0,0.2677809262855042,5
5572-ZDXHY,Month-to-month,Fiber optic,Mailed check,22,12-24m,84.3,1855.65,2,1,0.4784685118130799,3
2074-GUHPQ,Month-to-month,Fiber optic,Credit card (automatic),17,12-24m,92.7,1556.85,3,0,0.3886083077313966,4
4625-XMOYM,Two year,No,Bank transfer (automatic),72,72m+,26.25,1988.05,0,0,0.007325270950034044,10
5827-MWCZK,Month-to-month,Fiber optic,Credit card (automatic),56,48-72m,96.95,5432.2,3,0,0.18441644189649928,5
1385-TQOZW,Month-to-month,No,Credit card (automatic),9,6-12m,20.45,147.55,0,0,0.17999684686760728,5
5914-XRFQB,Two year,Fiber optic,Bank transfer (automatic),72,72m+,115.8,8424.9,6,0,0.03498656102017274,8
4329-YPDDQ,Month-to-month,Fiber optic,Bank transfer (automatic),20,12-24m,108.2,2203.7,6,0,0.39653441344116896,3
4804-NCPET,Two year,No,Mailed check,19,12-24m,20.2,387.4,0,0,0.023220147110188934,9
3750-CKVKH,Month-to-month,Fiber optic,Electronic check,2,0-6m,67.75,116.65,0,1,0.7127994434782841,1
5944-UGLLK,One year,DSL,Credit card (automatic),53,48-72m,54.9,3045.75,4,0,0.07304875331514853,7
8063-GBATB,Month-to-month,Fiber optic,Electronic check,27,24-48m,85.25,2287.25,1,1,0.6800043733069089,1
7787-BNTZM,Month-to-month,No,Bank transfer (automatic),6,6-12m,20.15,130.5,0,0,0.14472957931244418,6
2252-ISRNH,One year,Fiber optic,Electronic check,9,6-12m,90.35,767.9,2,0,0.5642757193471437,2
9415-TPKRV,Month-to-month,DSL,Electronic check,8,6-12m,55.75,446.8,1,0,0.35371567960755357,4
5322-TEUJK,Two year,Fiber optic,Bank transfer (automatic),71,48-72m,114.6,8100.25,6,0,0.023046223263298526,9
4547-KQRTM,Month-to-month,Fiber optic,Bank transfer (automatic),10,6-12m,80.05,830.7,1,1,0.5867316773218092,2
4877-EVATK,Month-to-month,No,Mailed check,1,0-6m,20.0,20.0,0,1,0.16669867666892632,6
1866-DIOQZ,One year,DSL,Bank transfer (automatic),71,48-72m,66.8,4689.15,6,0,0.023189584923227875,9
8375-KVTHK,One year,Fiber optic,Electronic check,68,48-72m,100.3,6754.35,4,0,0.11453411158311606,7
2697-NQBPF,Month-to-month,Fiber optic,Electronic check,34,24-48m,105.35,3540.65,4,0,0.54219619444962,2
3709-OIJEA,One year,Fiber optic,Electronic check,26,24-48m,85.2,2184.6,3,0,0.2437899904918412,5
7639-SUPCW,Month-to-month,DSL,Credit card (automatic),22,12-24m,48.8,1054.6,1,1,0.19158607336343308,5
1386-ZIKUV,Month-to-month,No,Mailed check,7,6-12m,18.95,130.55,0,0,0.1915881405067109,5
0599-XNYDO,Month-to-month,Fiber optic,Bank transfer (automatic),20,12-24m,69.8,1540.35,0,0,0.4360252934687098,3
6377-WHAOX,Month-to-month,Fiber optic,Electronic check,60,48-72m,106.15,6411.25,4,0,0.38550079026491013,4
6855-VLGOS,Two year,No,Electronic check,72,72m+,20.55,1432.55,0,0,0.006117914781157366,10
8999-XXGNS,One year,Fiber optic,Credit card (automatic),72,72m+,105.75,7629.85,4,0,0.1460433181024046,6
8746-OQQRW,Month-to-month,No,Mailed check,4,0-6m,25.25,101.9,0,0,0.1934323921975676,5
3181-MIZBN,Month-to-month,No,Electronic check,16,12-24m,19.75,313.4,0,0,0.1313768474328124,6
0471-ARVMX,One year,Fiber optic,Electronic check,62,48-72m,104.85,6312.9,4,0,0.21878141418104635,5
7766-CLTIC,Month-to-month,DSL,Mailed check,10,6-12m,60.95,629.55,2,0,0.2962387788246914,4
5650-YLIBA,Month-to-month,Fiber optic,Electronic check,31,24-48m,81.15,2640.55,1,0,0.5133300618762288,3
0825-CPPQH,Two year,No,Credit card (automatic),71,48-72m,19.1,1372.45,0,0,0.005022306107506168,10
9084-OAYKL,Two year,No,Mailed check,58,48-72m,20.8,1212.25,0,0,0.007810761741251084,10
6122-LJADA,Two year,DSL,Credit card (automatic),70,48-72m,90.15,6237.05,6,0,0.01433899521440011,10
2400-XIWIO,Two year,DSL,Electronic check,71,48-72m,90.1,6310.9,6,0,0.017147036038698164,9
7524-VRLPL,Two year,DSL,Credit card (automatic),69,48-72m,74.1,5031.0,4,0,0.013309130991802132,10
1069-XAIEM,Month-to-month,Fiber optic,Electronic check,1,0-6m,85.05,85.05,1,1,0.8366388422273513,1
7569-NMZYQ,Two year,Fiber optic,Bank transfer (automatic),72,72m+,118.75,8672.45,6,0,0.028332458061712466,9
5201-USSQZ,Month-to-month,Fiber optic,Credit card (automatic),26,24-48m,85.9,2196.45,2,0,0.2840634367245481,4
2105-PHWON,Month-to-month,Fiber optic,Credit card (automatic),33,24-48m,95.0,3008.15,3,0,0.3712298022278063,4
1494-EJZDW,Two year,No,Mailed check,10,6-12m,20.15,220.8,0,0,0.031212810161644698,9
4884-TVUQF,Two year,Fiber optic,Credit card (automatic),57,48-72m,101.3,5779.6,4,0,0.04380318469722311,8
8003-EWNDZ,Month-to-month,No,Electronic check,10,6-12m,21.2,222.65,0,0,0.2396621687530008,5
1897-RCFUM,One year,No,Mailed check,39,24-48m,24.2,914.6,0,0,0.04054628575167272,8
9256-JTBNZ,Month-to-month,No,Bank transfer (automatic),11,6-12m,20.3,246.3,0,0,0.12472687227798826,6
4658-HCOHW,Month-to-month,Fiber optic,Electronic check,21,12-24m,102.8,2110.15,5,1,0.5337734909931976,3
2211-RMNHO,Two year,DSL,Bank transfer (automatic),68,48-72m,85.3,5560.0,5,0,0.015211983871845516,9
2432-TFSMK,One year,Fiber optic,Credit card (automatic),18,12-24m,89.6,1633.0,2,0,0.44565991644741154,3
3440-JPSCL,Month-to-month,Fiber optic,Mailed check,6,6-12m,99.95,547.65,4,1,0.6118303656967525,2
4929-ROART,Month-to-month,DSL,Mailed check,18,12-24m,56.25,969.85,1,0,0.1901594055584565,5
1834-ABKHQ,One year,DSL,Bank transfer (automatic),52,48-72m,50.95,2610.65,1,0,0.04262551258319216,8
1741-WTPON,Two year,Fiber optic,Mailed check,56,48-72m,115.85,6567.9,6,0,0.03636879654626209,8
3932-IJWDZ,Month-to-month,Fiber optic,Bank transfer (automatic),45,24-48m,103.65,4747.85,4,0,0.3698427310561609,4
1240-HCBOH,Two year,No,Mailed check,67,48-72m,26.1,1759.55,0,0,0.010769730580841092,10
3594-KADLU,Month-to-month,DSL,Mailed check,3,0-6m,35.1,101.1,2,0,0.23994965505732987,5
8065-BVEPF,Month-to-month,Fiber optic,Bank transfer (automatic),65,48-72m,99.1,6496.15,4,0,0.2654260108344725,5
3796-ENZGF,Two year,DSL,Mailed check,63,48-72m,67.25,4234.15,3,0,0.01669545176632403,9
1734-ZMNTZ,Two year,No,Mailed check,11,6-12m,25.0,300.7,0,0,0.04004430213903945,8
2853-CWQFQ,Month-to-month,DSL,Mailed check,1,0-6m,59.55,59.55,2,0,0.3373639050156193,4
0813-TAXXS,Two year,DSL,Bank transfer (automatic),55,48-72m,77.8,4323.35,3,0,0.058249342363319606,8
2519-TWKFS,One year,DSL,Mailed check,25,24-48m,55.1,1466.1,1,0,0.09685319802134205,7
2889-FPWRM,One year,Fiber optic,Bank transfer (automatic),72,72m+,117.8,8684.8,6,1,0.058646171510254884,8
0626-QXNGV,Two year,No,Credit card (automatic),72,72m+,24.15,1776.45,0,0,0.009108552941523228,10
6723-CEGQI,Two year,DSL,Mailed check,65,48-72m,45.25,2933.95,3,0,0.01762056321425358,9
6987-XQSJT,Month-to-month,Fiber optic,Electronic check,54,48-72m,79.5,4370.25,1,1,0.3859513740277342,4
4732-RRJZC,Month-to-month,No,Mailed check,7,6-12m,20.25,144.35,0,0,0.11520187332300288,7
9499-XPZXM,Two year,DSL,Bank transfer (automatic),72,72m+,64.75,4804.75,3,0,0.006425303267560542,10
4338-EYCER,Month-to-month,DSL,Bank transfer (automatic),21,12-24m,54.6,1125.2,1,0,0.23295563098956468,5
3007-FDPEA,Month-to-month,No,Bank transfer (automatic),2,0-6m,20.7,39.85,0,0,0.21260267136367045,5
6350-XFYGW,Month-to-month,Fiber optic,Electronic check,4,0-6m,94.75,422.4,3,0,0.8235831700242574,1
4290-BSXUX,Month-to-month,Fiber optic,Bank transfer (automatic),3,0-6m,79.65,251.75,1,1,0.5621205626103497,2
8513-OLYGY,Two year,Fiber optic,Credit card (automatic),72,72m+,115.8,8332.15,6,0,0.02556271350198577,9
0311-QYWSS,Month-to-month,DSL,Electronic check,6,6-12m,49.45,314.6,1,0,0.3767190623264756,4
8705-DWKTI,Month-to-month,Fiber optic,Credit card (automatic),52,48-72m,83.8,4331.4,2,0,0.27020322380822115,5
8755-IWJHN,Month-to-month,Fiber optic,Bank transfer (automatic),69,48-72m,95.35,6382.0,3,0,0.21720859198530043,5
0325-XBFAC,Month-to-month,Fiber optic,Electronic check,8,6-12m,94.7,740.3,3,1,0.7669531785635479,1
4480-QQRHC,Month-to-month,Fiber optic,Bank transfer (automatic),8,6-12m,74.05,600.15,1,0,0.6065464353650214,2
0929-PECLO,Month-to-month,Fiber optic,Bank transfer (automatic),63,48-72m,89.6,5538.8,2,0,0.2888700752079798,4
3680-CTHUH,One year,Fiber optic,Credit card (automatic),60,48-72m,116.6,7049.5,6,0,0.09573574755268152,7
1202-KKGFU,Month-to-month,DSL,Bank transfer (automatic),12,12-24m,54.2,690.5,2,0,0.12861458590276778,6
6112-KTHFQ,Month-to-month,No,Mailed check,13,12-24m,19.3,279.3,0,0,0.1610999485541938,6
1852-XEMDW,Month-to-month,DSL,Mailed check,22,12-24m,65.05,1427.55,3,0,0.159270570811649,6
2462-XIIJB,Month-to-month,Fiber optic,Electronic check,5,0-6m,92.5,452.7,2,1,0.7808998262483183,1
4760-XOHVN,Month-to-month,No,Mailed check,1,0-6m,19.45,19.45,0,1,0.13974066804731652,6
1820-DJFPH,Two year,No,Bank transfer (automatic),72,72m+,24.05,1709.15,0,0,0.0077225573166885796,10
9426-SXNHE,Month-to-month,No,Bank transfer (automatic),2,0-6m,18.75,53.15,0,0,0.16685234781428368,6
9068-FHQHD,Two year,No,Bank transfer (automatic),40,24-48m,20.15,777.35,0,0,0.011657443332718365,10
1269-FOYWN,One year,No,Bank transfer (automatic),44,24-48m,20.0,860.85,0,0,0.01831982999354319,9
9470-YFUYI,One year,DSL,Bank transfer (automatic),71,48-72m,71.0,5012.1,4,0,0.02060260989922412,9
7817-BOQPW,Month-to-month,Fiber optic,Electronic check,2,0-6m,75.55,166.3,0,1,0.7557694365237798,1
7402-EYFXX,Month-to-month,Fiber optic,Electronic check,26,24-48m,93.6,2404.1,2,0,0.7576510292810219,1
1853-UDXBW,Month-to-month,Fiber optic,Electronic check,1,0-6m,70.0,70.0,0,1,0.660763447907378,2
9895-VFOXH,Month-to-month,DSL,Mailed check,1,0-6m,24.4,24.4,0,0,0.43239278410679943,3
5458-CQJTA,Two year,DSL,Bank transfer (automatic),65,48-72m,74.8,4820.15,4,1,0.01399104170309907,10
1230-QAJDW,Month-to-month,DSL,Mailed check,3,0-6m,65.25,209.9,2,0,0.4368880203845849,3
5701-ZIKJE,Month-to-month,DSL,Mailed check,13,12-24m,50.55,610.75,1,0,0.2317693443139464,5
5219-YIPTK,Month-to-month,Fiber optic,Electronic check,33,24-48m,104.4,3409.6,4,1,0.6188126957219039,2
5032-MIYKT,Month-to-month,Fiber optic,Mailed check,1,0-6m,70.7,70.7,0,0,0.6060535364784262,2
7396-VJUZB,Month-to-month,DSL,Mailed check,4,0-6m,45.25,155.35,0,0,0.24994313541686222,5
9717-QEBGU,Month-to-month,Fiber optic,Electronic check,2,0-6m,70.3,144.0,0,0,0.7000083160352994,1
5172-RKOCB,Two year,Fiber optic,Credit card (automatic),72,72m+,108.95,7875.0,5,0,0.03816513525798362,8
6509-TSGWN,Month-to-month,No,Mailed check,37,24-48m,26.45,911.6,0,0,0.05793510225491325,8
3540-RZJYU,Month-to-month,Fiber optic,Electronic check,15,12-24m,86.2,1270.2,2,1,0.4975000509325882,3
3178-CIFOT,One year,No,Credit card (automatic),23,12-24m,19.65,478.1,0,0,0.06438473893397717,7
2091-MJTFX,Month-to-month,DSL,Credit card (automatic),30,24-48m,51.2,1561.5,3,1,0.21609950885462934,5
4530-NDRKU,One year,No,Electronic check,42,24-48m,19.05,761.85,0,0,0.042737182299999246,8
5985-TBABQ,One year,DSL,Mailed check,32,24-48m,74.75,2282.95,3,0,0.11530157650772678,6
9800-ONTFE,Month-to-month,Fiber optic,Bank transfer (automatic),22,12-24m,75.8,1615.1,0,0,0.44845202148882807,3
6743-HHQPF,Month-to-month,DSL,Credit card (automatic),42,24-48m,25.1,1097.15,0,0,0.20250709715955673,5
8455-HIRAQ,Month-to-month,DSL,Mailed check,8,6-12m,44.45,369.3,0,0,0.2703974732640651,4
6616-AALSR,Two year,Fiber optic,Credit card (automatic),65,48-72m,104.3,6725.3,4,0,0.06142629606998228,8
0883-EIBTI,Month-to-month,No,Mailed check,2,0-6m,19.5,31.55,0,1,0.16372639801780556,6
9415-ZNBSX,Two year,DSL,Bank transfer (automatic),70,48-72m,89.0,6293.2,6,0,0.014415552171005224,10
4018-KJYUY,Month-to-month,No,Credit card (automatic),22,12-24m,20.15,432.5,0,0,0.08025081076447975,7
0722-TROQR,Month-to-month,Fiber optic,Electronic check,4,0-6m,74.9,321.75,0,1,0.7848754304439092,1
7571-YXDAD,Month-to-month,Fiber optic,Credit card (automatic),2,0-6m,74.9,147.15,0,1,0.5952616338547101,2
3884-UEBXB,Two year,DSL,Bank transfer (automatic),67,48-72m,36.15,2434.45,2,0,0.010977606410647425,10
8780-RSYYU,Month-to-month,No,Credit card (automatic),25,24-48m,19.2,532.1,0,0,0.11665750074527215,6
5537-UXXVS,Month-to-month,No,Bank transfer (automatic),20,12-24m,19.25,375.25,0,0,0.09104859499219514,7
1791-PQHBB,Month-to-month,DSL,Credit card (automatic),2,0-6m,61.2,125.95,2,0,0.325298551635219,4
8701-DGLVH,Two year,No,Mailed check,51,48-72m,20.45,1042.65,0,0,0.009947641705823884,10
8741-LQOBK,Month-to-month,DSL,Bank transfer (automatic),46,24-48m,35.05,1620.25,2,0,0.07801271501401993,7
3393-FMZPV,Month-to-month,Fiber optic,Electronic check,25,24-48m,100.25,2387.75,3,1,0.6966266366214977,1
8082-GHXOP,Month-to-month,DSL,Mailed check,13,12-24m,44.0,659.35,0,0,0.21476768762231643,5
6402-ZFPPI,Month-to-month,Fiber optic,Mailed check,25,24-48m,102.8,2660.2,4,1,0.5748207280411705,2
0980-FEXWF,One year,DSL,Mailed check,26,24-48m,50.35,1285.8,1,0,0.0709025755040227,7
7486-KSRVI,One year,Fiber optic,Electronic check,43,24-48m,100.0,4211.55,3,1,0.32139105420465724,4
3011-WQKSZ,Month-to-month,No,Electronic check,19,12-24m,20.0,377.55,0,0,0.1715344505530443,6
8443-WVPSS,Month-to-month,Fiber optic,Electronic check,10,6-12m,99.85,990.9,4,1,0.6514419497398201,2
3006-XIMLN,Month-to-month,Fiber optic,Bank transfer (automatic),2,0-6m,94.2,193.8,2,1,0.7565901860773303,1
8218-FFJDS,Two year,DSL,Bank transfer (automatic),72,72m+,86.4,6058.95,5,0,0.015057464123697139,9
1986-PHGZF,Month-to-month,DSL,Credit card (automatic),18,12-24m,58.4,964.9,2,0,0.29381444575746446,4
9965-YOKZB,Month-to-month,Fiber optic,Electronic check,9,6-12m,83.85,790.15,1,1,0.8011164390744319,1
0504-HHAPI,Month-to-month,Fiber optic,Credit card (automatic),27,24-48m,88.3,2467.75,2,1,0.504570072959799,3
9360-OMDZZ,Month-to-month,Fiber optic,Electronic check,24,24-48m,94.1,2322.85,2,0,0.7268677425694733,1
6305-YLBMM,One year,Fiber optic,Bank transfer (automatic),69,48-72m,104.05,7262.0,5,1,0.0807120497540525,7
0345-XMMUG,Two year,Fiber optic,Credit card (automatic),46,24-48m,108.9,4854.3,5,0,0.11822940949020339,6
8024-XNAFQ,Two year,Fiber optic,Bank transfer (automatic),72,72m+,107.4,7748.75,5,0,0.03302048108563948,8
3647-GMGDH,Month-to-month,Fiber optic,Credit card (automatic),22,12-24m,94.7,1914.9,3,1,0.5576042301709161,2
2988-GBIVW,Month-to-month,Fiber optic,Electronic check,70,48-72m,90.85,6470.1,2,0,0.240986856305048,5
2832-SCUCO,Month-to-month,No,Electronic check,2,0-6m,19.9,57.4,0,0,0.2314965659217264,5
7036-ZZKBD,Month-to-month,DSL,Credit card (automatic),31,24-48m,66.4,2019.8,3,0,0.16057423914620847,6
3791-LGQCY,Month-to-month,Fiber optic,Bank transfer (automatic),56,48-72m,100.65,5688.05,3,1,0.3885690524984175,4
0265-PSUAE,Month-to-month,Fiber optic,Bank transfer (automatic),16,12-24m,100.7,1522.7,4,0,0.384518133805657,4
0463-TXOAK,Two year,No,Credit card (automatic),52,48-72m,25.6,1334.5,0,0,0.01133003942321932,10
0594-UFTUL,Month-to-month,No,Mailed check,13,12-24m,19.85,252.0,0,0,0.1318256248584964,6
9509-MPYOD,One year,No,Mailed check,35,24-48m,20.75,700.45,0,0,0.02989880744809237,9
9128-CPXKI,Two year,Fiber optic,Electronic check,59,48-72m,95.8,5655.45,3,0,0.10016797531541952,7
0129-KPTWJ,Month-to-month,Fiber optic,Electronic check,72,72m+,94.65,6747.35,3,0,0.2619170660428991,5
8166-ZZTFS,Two year,DSL,Bank transfer (automatic),66,48-72m,80.55,5265.1,4,1,0.045496846788823465,8
5855-EIBDE,Two year,Fiber optic,Credit card (automatic),49,48-72m,106.65,5174.35,5,0,0.0391687563522734,8
5365-LLFYV,Month-to-month,DSL,Mailed check,2,0-6m,45.85,105.6,0,0,0.3825750806743758,4
5956-YHHRX,Month-to-month,Fiber optic,Electronic check,21,12-24m,104.35,2271.85,4,0,0.7650916460593928,1
6008-NAIXK,One year,DSL,Electronic check,54,48-72m,55.45,2966.95,4,0,0.20733584789267645,5
2956-GGUCQ,Month-to-month,Fiber optic,Electronic check,24,24-48m,78.85,1772.25,1,1,0.5515689503160294,2
1928-BXYIV,Month-to-month,DSL,Electronic check,1,0-6m,61.15,61.15,2,0,0.3728390022507682,4
5760-FXFVO,Month-to-month,Fiber optic,Electronic check,6,6-12m,78.95,494.95,2,0,0.5731386932023752,2
6595-COKXZ,Month-to-month,DSL,Mailed check,1,0-6m,44.45,44.45,0,1,0.39864314822174013,3
0961-ZWLVI,One year,Fiber optic,Credit card (automatic),49,48-72m,109.2,5290.45,5,0,0.16700901299121365,6
5181-OABFK,Two year,DSL,Credit card (automatic),56,48-72m,61.3,3346.8,3,0,0.01374993046709732,10
4007-NHVHI,Month-to-month,Fiber optic,Electronic check,56,48-72m,96.85,5219.65,3,0,0.3292922937200171,4
7816-VGHTO,Two year,DSL,Mailed check,6,6-12m,40.55,217.5,3,0,0.07916798554200766,7
5871-DGTXZ,One year,No,Mailed check,32,24-48m,19.8,607.7,0,0,0.03371018165252987,8
7550-WIQVA,One year,Fiber optic,Electronic check,50,48-72m,108.25,5431.4,5,0,0.21770527640172463,5
7544-ZVIKX,One year,Fiber optic,Bank transfer (automatic),58,48-72m,105.05,6004.85,4,0,0.12631268997112413,6
0016-QLJIS,Two year,DSL,Mailed check,65,48-72m,90.45,5957.9,6,0,0.016362161918774747,9
7508-DQAKK,Two year,DSL,Credit card (automatic),64,48-72m,86.4,5442.05,6,0,0.02374846674939094,9
5176-OLSKT,Two year,DSL,Bank transfer (automatic),66,48-72m,66.9,4370.25,3,0,0.010380164524771265,10
9356-AXGMP,One year,Fiber optic,Electronic check,38,24-48m,110.7,4428.6,5,0,0.2575095848473667,5
3556-BVQGL,One year,No,Mailed check,20,12-24m,20.0,416.45,0,0,0.06381302705584817,7
0362-ZBZWJ,Month-to-month,Fiber optic,Electronic check,36,24-48m,84.9,3067.2,1,1,0.560499457411559,2
8979-CAMGB,One year,Fiber optic,Electronic check,64,48-72m,102.1,6688.1,4,0,0.1770287680176362,6
4211-MMAZN,Month-to-month,No,Mailed check,1,0-6m,20.25,20.25,0,1,0.16586034528093366,6
7581-EBBOU,One year,DSL,Credit card (automatic),60,48-72m,70.15,4224.7,4,0,0.03739838615441807,8
4274-OWWYO,Month-to-month,Fiber optic,Electronic check,1,0-6m,74.35,74.35,1,1,0.6937953724503352,1
5073-RZGBK,One year,DSL,Bank transfer (automatic),50,48-72m,80.05,4042.2,5,0,0.03556644786898865,8
1541-ETJZO,Month-to-month,DSL,Mailed check,1,0-6m,62.05,62.05,2,1,0.2866726922239395,4
2192-CKRLV,Two year,DSL,Electronic check,72,72m+,49.2,3580.95,4,0,0.0300397803009805,9
3154-HMWUU,Two year,No,Bank transfer (automatic),60,48-72m,20.5,1198.8,0,0,0.009669703499495887,10
6119-SPUDB,Two year,DSL,Mailed check,46,24-48m,38.25,1755.35,3,0,0.021859144711439366,9
6522-OIQSX,Two year,DSL,Credit card (automatic),69,48-72m,54.95,3772.5,4,0,0.03644462294310791,8
7813-ZGGAW,Month-to-month,Fiber optic,Bank transfer (automatic),31,24-48m,96.6,2877.95,3,0,0.4603929360227474,3
8748-HFWBO,One year,No,Mailed check,19,12-24m,19.9,357.7,0,0,0.04139872465988933,8
1052-QJIBV,Two year,No,Credit card (automatic),71,48-72m,19.9,1397.3,0,0,0.004258153333040623,10
1319-YLZJG,Month-to-month,Fiber optic,Electronic check,12,12-24m,84.6,959.9,3,0,0.4947261547163369,3
4106-HADHQ,One year,DSL,Credit card (automatic),39,24-48m,80.0,3182.95,5,1,0.04140098680770343,8
0723-FDLAY,One year,DSL,Bank transfer (automatic),44,24-48m,85.25,3704.15,5,0,0.09935937215493003,7
3050-RLLXC,Two year,DSL,Credit card (automatic),56,48-72m,81.25,4620.4,5,0,0.012448049648558699,10
9298-WGMRW,Two year,Fiber optic,Bank transfer (automatic),72,72m+,115.5,8312.75,6,0,0.035232393478813656,8
2369-UAPKZ,Month-to-month,Fiber optic,Mailed check,5,0-6m,104.1,541.9,4,1,0.673138614783693,1
3088-LHEFH,Month-to-month,Fiber optic,Bank transfer (automatic),11,6-12m,79.0,929.3,1,0,0.5158853088523669,3
2778-OCLGR,Month-to-month,DSL,Bank transfer (automatic),24,24-48m,39.1,971.3,2,1,0.2658286258661585,5
6583-KQJLK,Month-to-month,Fiber optic,Electronic check,15,12-24m,94.65,1285.05,3,0,0.7379050425331106,1
8544-JNBOX,Two year,No,Mailed check,72,72m+,20.8,1521.2,0,0,0.006898731853495463,10
6681-ZSEXG,Two year,DSL,Credit card (automatic),56,48-72m,59.5,3389.25,2,0,0.022405363233366823,9
6139-ZZRBQ,Two year,No,Bank transfer (automatic),64,48-72m,20.05,1198.05,0,0,0.011414225893910949,10
6116-RFVHN,Month-to-month,Fiber optic,Electronic check,34,24-48m,100.45,3414.65,3,0,0.6251596521417425,2
0637-KVDLV,Month-to-month,Fiber optic,Electronic check,2,0-6m,76.5,162.45,0,1,0.7515029431578458,1
8884-FEEWR,One year,No,Bank transfer (automatic),35,24-48m,20.6,754.0,0,0,0.030135933193607474,9
3125-RAHBV,One year,No,Credit card (automatic),22,12-24m,20.3,467.15,0,0,0.04722899678429071,8
6633-MPWBS,Month-to-month,DSL,Electronic check,5,0-6m,49.2,216.9,1,1,0.3879426382050839,4
0373-AIVNJ,One year,DSL,Mailed check,9,6-12m,39.55,373.0,3,0,0.15097304500198366,6
8785-EPNCG,Month-to-month,No,Credit card (automatic),11,6-12m,23.15,245.2,0,1,0.16999605813207772,6
1682-VCOIO,One year,No,Mailed check,23,12-24m,20.45,481.1,0,0,0.04442242422268651,8
5729-KLZAR,Month-to-month,Fiber optic,Electronic check,4,0-6m,80.85,302.75,1,1,0.6085088033142657,2
2072-ZVJJX,Two year,No,Bank transfer (automatic),68,48-72m,25.25,1728.2,0,0,0.0070350443834262455,10
8849-AYPTR,Month-to-month,Fiber optic,Electronic check,33,24-48m,91.25,2964.05,2,0,0.47866285791227536,3
9518-IMLHK,Month-to-month,DSL,Bank transfer (automatic),31,24-48m,72.45,2156.25,5,0,0.1317224344366273,6
1582-RAFML,Month-to-month,DSL,Mailed check,1,0-6m,60.1,60.1,2,1,0.2834571438573731,4
3646-ITDGM,Two year,No,Bank transfer (automatic),56,48-72m,19.7,1051.9,0,0,0.008611606742036633,10
8740-CRYFY,Month-to-month,Fiber optic,Electronic check,1,0-6m,78.95,78.95,1,1,0.7731410513888367,1
3569-VLDHH,One year,DSL,Electronic check,66,48-72m,75.1,5013.0,5,0,0.026051144064407658,9
8224-KDLKN,Two year,No,Bank transfer (automatic),72,72m+,25.0,1738.9,0,0,0.005352637544558085,10
7594-LZNWR,Month-to-month,Fiber optic,Credit card (automatic),34,24-48m,69.15,2275.1,0,0,0.32194360198141003,4
4001-TSBTV,Month-to-month,Fiber optic,Electronic check,58,48-72m,91.55,5511.65,3,0,0.2525114173088607,5
2962-XPMCQ,Month-to-month,DSL,Electronic check,2,0-6m,45.15,98.5,0,1,0.4947138029714292,3
8727-XDPUD,Two year,DSL,Credit card (automatic),37,24-48m,35.8,1316.9,1,0,0.07757084470622969,7
1043-UXOVO,Two year,Fiber optic,Credit card (automatic),71,48-72m,113.15,7993.3,6,0,0.042211086622827305,8
1064-FBXNK,One year,No,Credit card (automatic),1,0-6m,19.85,19.85,0,0,0.0752675863082451,7
3996-ZNWYK,Two year,No,Credit card (automatic),71,48-72m,19.8,1388.45,0,0,0.005293437130057498,10
2878-DHMIN,One year,No,Electronic check,35,24-48m,19.9,666.0,0,0,0.03768758200984664,8
7762-ONLJY,One year,No,Mailed check,6,6-12m,19.7,94.45,0,0,0.06297408342834517,7
1678-FYZOW,Month-to-month,Fiber optic,Electronic check,3,0-6m,79.4,244.65,1,1,0.7591373301362275,1
5795-BKOYE,One year,DSL,Bank transfer (automatic),69,48-72m,59.1,4134.7,3,0,0.011799340741428728,10
8627-EHGIP,One year,DSL,Mailed check,44,24-48m,53.95,2375.4,4,1,0.16449952942695256,6
7402-PWYJJ,One year,Fiber optic,Electronic check,53,48-72m,91.15,4862.5,2,0,0.1825402116804548,5
5480-TBGPH,Month-to-month,Fiber optic,Credit card (automatic),24,24-48m,99.3,2431.35,4,1,0.5219329777916754,3
0018-NYROU,Month-to-month,Fiber optic,Electronic check,5,0-6m,68.95,351.5,0,0,0.6690701126174589,1
7501-VTYLJ,Month-to-month,DSL,Mailed check,2,0-6m,51.55,106.2,1,0,0.25463616022554325,5
7608-RGIRO,Two year,No,Mailed check,62,48-72m,24.4,1413.0,0,0,0.011460684735095995,10
0480-BIXDE,Month-to-month,Fiber optic,Electronic check,19,12-24m,96.8,1743.05,3,0,0.6671249744361248,2
5895-QSXOD,Month-to-month,Fiber optic,Mailed check,9,6-12m,70.05,657.5,0,0,0.4579359034242987,3
9814-AOUDH,Two year,No,Credit card (automatic),53,48-72m,19.5,1050.5,0,0,0.009777900041261804,10
6175-IRFIT,Month-to-month,Fiber optic,Mailed check,5,0-6m,78.75,426.35,1,0,0.5595131356532402,2
8760-ZRHKE,One year,DSL,Electronic check,71,48-72m,69.2,4982.5,3,0,0.03808243977652367,8
1622-HSHSF,Month-to-month,No,Mailed check,1,0-6m,19.55,19.55,0,0,0.22229182797431749,5
8854-CCVSQ,Month-to-month,Fiber optic,Electronic check,18,12-24m,80.65,1451.9,1,1,0.6231234665983344,2
6749-UTDVX,Two year,Fiber optic,Electronic check,72,72m+,103.65,7634.8,4,0,0.11583293792819803,6
5542-DHSXL,Month-to-month,DSL,Mailed check,4,0-6m,54.7,235.05,2,0,0.19942676412287988,5
9102-OXKFY,Two year,DSL,Credit card (automatic),59,48-72m,54.15,3116.15,1,0,0.02395911822740852,9
0511-JTEOY,Month-to-month,Fiber optic,Mailed check,1,0-6m,71.1,71.1,0,1,0.5187700727569334,3
5216-WASFJ,Month-to-month,Fiber optic,Electronic check,31,24-48m,84.85,2633.4,1,0,0.6350193468207437,2
7808-DVWEP,Month-to-month,No,Bank transfer (automatic),3,0-6m,20.0,49.65,0,0,0.14841893389662789,6
7067-KSAZT,One year,Fiber optic,Electronic check,65,48-72m,106.25,6979.8,4,1,0.24435961401726244,5
2284-VFLKH,One year,Fiber optic,Credit card (automatic),49,48-72m,99.25,4920.8,4,0,0.1504285035115993,6
0366-NQSHS,Month-to-month,No,Mailed check,2,0-6m,19.35,46.35,0,0,0.164223797545935,6
6532-YLWSI,One year,No,Bank transfer (automatic),53,48-72m,20.8,1021.8,0,1,0.015413505634895984,9
3807-BPOMJ,One year,Fiber optic,Electronic check,55,48-72m,94.75,5276.1,3,0,0.18000202794940018,5
3892-NXAZG,Two year,Fiber optic,Credit card (automatic),72,72m+,114.05,8289.2,6,0,0.03232977444028812,9
4948-WBBKL,Month-to-month,Fiber optic,Bank transfer (automatic),36,24-48m,74.9,2659.45,0,0,0.4456141993857487,3
4182-BGSIQ,Month-to-month,No,Bank transfer (automatic),10,6-12m,19.8,196.75,0,0,0.1445194880848044,6
9300-AGZNL,Month-to-month,Fiber optic,Electronic check,1,0-6m,94.0,94.0,2,1,0.8777530185805807,1
0988-AADSA,Two year,DSL,Bank transfer (automatic),72,72m+,80.85,5824.75,5,0,0.006723331125827775,10
9972-NKTFD,Month-to-month,DSL,Bank transfer (automatic),28,24-48m,54.65,1517.5,2,0,0.10824876954399412,7
3717-LNXKW,Month-to-month,Fiber optic,Bank transfer (automatic),38,24-48m,91.7,3479.05,2,0,0.2652743328207383,5
5734-EJKXG,One year,Fiber optic,Electronic check,61,48-72m,118.6,7365.7,6,0,0.1285400065880638,6
2207-RYYRL,Two year,No,Mailed check,52,48-72m,24.55,1331.05,0,0,0.010503299424071402,10
6729-FZWSY,One year,No,Mailed check,67,48-72m,19.45,1195.95,0,0,0.015085064412580057,9
9695-IDRZR,Two year,Fiber optic,Credit card (automatic),34,24-48m,116.15,3946.9,6,0,0.10947891433809702,7
8144-DGHXP,Two year,DSL,Electronic check,54,48-72m,80.6,4299.95,5,0,0.02618673912253289,9
7814-LEEVE,Month-to-month,No,Bank transfer (automatic),1,0-6m,20.3,20.3,0,0,0.20733610957336615,5
1112-CUNAO,Month-to-month,Fiber optic,Electronic check,15,12-24m,89.85,1424.95,2,1,0.6759495580301251,1
5175-AOBHI,Month-to-month,DSL,Mailed check,4,0-6m,46.0,193.6,0,1,0.36596808732319475,4
5174-RNGBH,Month-to-month,DSL,Mailed check,9,6-12m,66.25,620.55,3,1,0.23143919203079227,5
8631-WUXGY,Month-to-month,Fiber optic,Electronic check,46,24-48m,99.8,4391.25,4,0,0.42011648211532565,3
7270-BDIOA,Month-to-month,Fiber optic,Electronic check,22,12-24m,90.0,1993.8,2,1,0.6048309337264026,2
9565-JSNFM,One year,Fiber optic,Bank transfer (automatic),38,24-48m,70.45,2597.6,0,1,0.1806640931932828,5
5906-DVAPM,One year,DSL,Credit card (automatic),55,48-72m,75.0,4213.9,4,0,0.03386347235186348,8
6654-QGBZZ,Month-to-month,No,Mailed check,1,0-6m,19.9,19.9,0,0,0.16703495707921406,6
8348-JLBUG,One year,Fiber optic,Credit card (automatic),64,48-72m,80.3,5017.7,2,0,0.0495862204868928,8
0607-DAAHE,Two year,No,Bank transfer (automatic),53,48-72m,19.75,1052.35,0,1,0.008221584943616966,10
5641-DMBFJ,Two year,DSL,Electronic check,58,48-72m,84.3,4916.4,5,0,0.040703677146163415,8
9200-NLNPD,One year,DSL,Bank transfer (automatic),56,48-72m,54.05,2959.8,4,0,0.08528014776828875,7
2664-XJZNO,Two year,Fiber optic,Credit card (automatic),72,72m+,104.9,7559.55,5,0,0.02603947441997113,9
9732-KPKBW,Month-to-month,DSL,Electronic check,1,0-6m,53.95,53.95,2,1,0.33625313661540507,4
3339-EAQNV,One year,Fiber optic,Credit card (automatic),72,72m+,97.25,7133.1,3,0,0.16000074658238464,6
0921-OHLVP,Month-to-month,Fiber optic,Electronic check,22,12-24m,83.05,1799.3,1,0,0.6018124154831327,2
3389-YGYAI,Month-to-month,Fiber optic,Electronic check,8,6-12m,105.5,829.55,4,1,0.8306699165598443,1
9560-ARGQJ,Month-to-month,Fiber optic,Electronic check,16,12-24m,81.0,1312.15,1,1,0.6284057589528018,2
8350-NYMVI,Month-to-month,DSL,Bank transfer (automatic),39,24-48m,41.1,1597.05,3,0,0.11372433569081257,7
1600-DILPE,Month-to-month,DSL,Bank transfer (automatic),12,12-24m,45.0,524.35,0,0,0.31216492450821576,4
0536-ESJEP,Two year,DSL,Bank transfer (automatic),54,48-72m,74.55,4191.45,4,0,0.03041893171786608,9
4654-GGUII,One year,DSL,Mailed check,18,12-24m,40.2,711.95,3,0,0.11574701918393174,6
6478-HRRCZ,One year,DSL,Mailed check,32,24-48m,70.5,2201.75,4,0,0.04013126684335747,8
8510-BBWMU,One year,No,Mailed check,41,24-48m,19.75,806.95,0,0,0.03518530705077765,8
6857-TKDJV,Two year,No,Bank transfer (automatic),67,48-72m,24.65,1620.45,0,0,0.006380536949703916,10
2360-RDGRO,Month-to-month,Fiber optic,Electronic check,65,48-72m,104.25,6812.95,4,0,0.29583804885112813,4
0584-BJQGZ,Month-to-month,DSL,Bank transfer (automatic),25,24-48m,78.35,1837.9,5,0,0.1950735288505402,5
5134-IKDAY,Month-to-month,Fiber optic,Electronic check,1,0-6m,69.8,69.8,0,1,0.6618470190776139,2
1360-XFJMR,One year,Fiber optic,Credit card (automatic),67,48-72m,109.7,7344.45,5,0,0.10475569145282242,7
3070-DVEYC,Month-to-month,Fiber optic,Mailed check,7,6-12m,73.75,545.15,0,1,0.6069882344988725,2
5730-RIITO,Month-to-month,DSL,Credit card (automatic),43,24-48m,33.45,1500.25,2,0,0.17889581609567132,5
9058-MJLZC,Month-to-month,Fiber optic,Electronic check,24,24-48m,94.6,2283.15,3,0,0.5777785371587612,2
5707-ORNDZ,Month-to-month,DSL,Electronic check,9,6-12m,54.55,494.05,1,1,0.38978166248347706,4
0902-XKXPN,Two year,No,Bank transfer (automatic),69,48-72m,20.2,1376.5,0,0,0.004420678308066712,10
5177-RVZNU,One year,No,Bank transfer (automatic),37,24-48m,20.3,755.4,0,0,0.024651828774101173,9
0056-EPFBG,Two year,DSL,Credit card (automatic),20,12-24m,39.4,825.4,3,0,0.05717835859091054,8
8993-IZEUX,Month-to-month,Fiber optic,Bank transfer (automatic),7,6-12m,69.15,488.65,0,0,0.4812395800264992,3
8696-JKZNU,Month-to-month,Fiber optic,Electronic check,37,24-48m,76.25,2841.55,0,1,0.5377605669377585,2
5380-AFSSK,Month-to-month,Fiber optic,Mailed check,5,0-6m,93.9,486.85,2,1,0.7653697079142071,1
8190-ZTQFB,One year,DSL,Electronic check,41,24-48m,51.35,2075.1,3,0,0.2581427727305067,5
0931-MHTEM,One year,Fiber optic,Credit card (automatic),54,48-72m,100.05,5299.65,4,0,0.1284720849343209,6
2055-PDADH,Month-to-month,Fiber optic,Electronic check,3,0-6m,70.4,204.7,0,1,0.7364359764326255,1
7515-LODFU,Two year,No,Credit card (automatic),69,48-72m,20.3,1356.3,0,0,0.006969345617091278,10
0440-UEDAI,One year,Fiber optic,Credit card (automatic),53,48-72m,94.45,5042.75,4,0,0.10027897933039487,7
1337-BOZWO,One year,DSL,Credit card (automatic),18,12-24m,46.4,812.4,3,0,0.16910667746348423,6
0868-VJRDR,Two year,Fiber optic,Credit card (automatic),64,48-72m,104.05,6605.55,5,0,0.0373806936724941,8
8714-EUHJO,Month-to-month,Fiber optic,Electronic check,31,24-48m,91.15,2995.45,2,1,0.5183922210469901,3
6344-SFJVH,Month-to-month,DSL,Credit card (automatic),20,12-24m,24.9,505.95,0,0,0.2897629422200077,4
3950-VPYJB,One year,DSL,Mailed check,57,48-72m,59.6,3509.4,3,0,0.012342280912221093,10
8041-TMEID,Two year,Fiber optic,Credit card (automatic),63,48-72m,108.5,6991.9,5,0,0.06243512301971695,7
7321-ZNSLA,Two year,DSL,Mailed check,13,12-24m,40.55,590.35,3,0,0.04605212756125824,8
6941-KXRRV,One year,DSL,Bank transfer (automatic),48,48-72m,58.95,2789.7,2,0,0.08415470761187889,7
3721-CNEYS,Month-to-month,Fiber optic,Electronic check,2,0-6m,70.95,137.95,0,1,0.6966962273938643,1
8727-JQFHV,Two year,No,Mailed check,57,48-72m,20.75,1123.15,0,0,0.006489250685282299,10
9475-NNDGC,One year,Fiber optic,Bank transfer (automatic),71,48-72m,113.15,7953.25,5,0,0.08425292138430973,7
1355-KUSBG,Month-to-month,DSL,Electronic check,7,6-12m,48.8,349.8,0,0,0.3927202912490926,3
3688-FTHLT,Month-to-month,DSL,Bank transfer (automatic),16,12-24m,63.05,1067.05,1,0,0.3850344025748079,4
0899-LIIBW,Month-to-month,Fiber optic,Electronic check,34,24-48m,100.85,3527.3,3,0,0.5388885852893661,2
2568-OIADY,Month-to-month,Fiber optic,Electronic check,37,24-48m,99.5,3762.0,3,1,0.6067205775844863,2
1384-RCUXW,Month-to-month,Fiber optic,Mailed check,16,12-24m,80.55,1248.9,1,0,0.5329480601362504,3
5825-XJOCM,One year,DSL,Bank transfer (automatic),48,48-72m,64.4,3035.35,3,0,0.04622096908493274,8
6848-YLDFR,One year,DSL,Credit card (automatic),58,48-72m,75.2,4300.8,4,0,0.041544150516896076,8
8125-QPFJD,Two year,DSL,Bank transfer (automatic),72,72m+,84.9,6065.3,5,0,0.01660218064233536,9
2320-YKQBO,Month-to-month,No,Mailed check,7,6-12m,19.3,144.95,0,0,0.14256443549050699,6
1193-RTSLK,Month-to-month,Fiber optic,Credit card (automatic),38,24-48m,83.9,3233.6,3,1,0.2283739640347054,5
2302-ANTDP,Month-to-month,Fiber optic,Electronic check,48,48-72m,117.45,5438.9,6,1,0.27984532413925706,4
5923-GXUOC,Month-to-month,Fiber optic,Electronic check,10,6-12m,104.4,1081.45,5,1,0.6638304975772367,2
4973-RLZVI,One year,DSL,Credit card (automatic),30,24-48m,74.65,2308.6,5,0,0.050345179933108684,8
7869-ZYDST,Month-to-month,DSL,Credit card (automatic),31,24-48m,59.05,1882.8,1,0,0.29772732964077386,4
4501-UYKBC,One year,DSL,Credit card (automatic),46,24-48m,69.1,3255.35,3,0,0.09694633774346935,7
1215-EXRMO,Two year,No,Mailed check,50,48-72m,20.55,1067.65,0,0,0.009524978917312682,10
2305-MRGLV,Month-to-month,Fiber optic,Bank transfer (automatic),28,24-48m,76.55,2065.4,1,0,0.21897748361689717,5
8404-VIOMB,Two year,DSL,Bank transfer (automatic),66,48-72m,62.5,4136.4,6,0,0.02565389148268059,9
5233-GEEAX,Month-to-month,DSL,Electronic check,8,6-12m,29.4,221.9,1,1,0.6158709606301779,2
2359-KLTEK,Month-to-month,Fiber optic,Bank transfer (automatic),41,24-48m,94.9,3848.0,3,0,0.35857495231126707,4
5304-EFJLP,Two year,Fiber optic,Bank transfer (automatic),72,72m+,111.65,8022.85,5,0,0.05970458671314348,8
2673-ZALNP,One year,No,Mailed check,7,6-12m,19.9,173.15,0,0,0.07467984389575227,7
9184-GALIL,Month-to-month,No,Mailed check,38,24-48m,20.45,781.25,0,0,0.043665839815935324,8
4393-RYCRE,One year,Fiber optic,Electronic check,44,24-48m,106.05,4510.8,5,0,0.22939454864996886,5
9746-MDMBK,One year,Fiber optic,Bank transfer (automatic),47,24-48m,113.45,5317.8,6,0,0.1217574618080068,6
3162-ZJZFU,Month-to-month,Fiber optic,Electronic check,53,48-72m,92.55,4779.45,3,0,0.21840395917352104,5
8404-GFGCZ,Month-to-month,DSL,Electronic check,4,0-6m,65.6,250.1,2,0,0.5143404752045123,3
8875-AKBYH,Month-to-month,Fiber optic,Electronic check,20,12-24m,84.35,1745.2,1,0,0.7468284136289305,1
4432-ADRLB,Month-to-month,DSL,Mailed check,2,0-6m,44.65,74.9,0,1,0.31097438076966516,4
0533-UCAAU,One year,DSL,Credit card (automatic),57,48-72m,71.1,4140.1,3,0,0.08442613636274189,7
1394-SUIUH,Month-to-month,Fiber optic,Electronic check,44,24-48m,85.15,3670.5,3,0,0.22642770122140032,5
3521-MNKLV,Month-to-month,DSL,Mailed check,24,24-48m,49.7,1167.8,1,0,0.22897228132910366,5
2533-TIBIX,Month-to-month,DSL,Bank transfer (automatic),15,12-24m,30.2,469.65,1,0,0.26928441375413786,5
8993-PHFWD,Month-to-month,DSL,Electronic check,3,0-6m,25.25,58.9,0,1,0.5201407359947385,3
1565-RHDJD,Month-to-month,Fiber optic,Bank transfer (automatic),4,0-6m,84.05,333.55,2,1,0.5152479375611031,3
7137-RYLPP,Month-to-month,Fiber optic,Electronic check,37,24-48m,85.7,3171.15,1,1,0.5991817391844098,2
3765-JXVKY,Month-to-month,Fiber optic,Electronic check,1,0-6m,74.7,74.7,1,1,0.6919938527979294,1
5092-STPKP,Month-to-month,DSL,Credit card (automatic),24,24-48m,56.35,1381.2,2,0,0.09350781834109938,7
7330-WZLNC,Month-to-month,Fiber optic,Electronic check,5,0-6m,90.8,455.5,2,1,0.7771427697419384,1
0114-PEGZZ,Month-to-month,Fiber optic,Electronic check,33,24-48m,107.55,3645.5,4,0,0.5343025936325064,3
3359-DSRKA,Two year,No,Mailed check,58,48-72m,19.85,1158.85,0,0,0.009040029116432253,10
8639-NHQEI,Two year,Fiber optic,Bank transfer (automatic),72,72m+,95.9,6954.15,3,0,0.03462565857965676,8
7161-DFHUF,Two year,No,Mailed check,71,48-72m,23.85,1672.1,0,0,0.0065521977949689215,10
3957-LXOLK,Month-to-month,Fiber optic,Electronic check,28,24-48m,106.15,3152.5,4,1,0.7113063529281581,1
3720-DBRWL,Two year,DSL,Credit card (automatic),51,48-72m,83.85,4307.1,6,0,0.024092414364383953,9
6635-MYYYZ,One year,DSL,Bank transfer (automatic),30,24-48m,85.35,2530.4,6,1,0.060954772535865356,8
8565-WUXZU,Two year,Fiber optic,Credit card (automatic),72,72m+,84.8,6141.65,3,0,0.02035494469915289,9
5281-BUZGT,Month-to-month,Fiber optic,Electronic check,36,24-48m,90.85,3186.7,2,1,0.5355515693702271,3
4994-OBRSZ,Two year,DSL,Bank transfer (automatic),14,12-24m,76.1,1054.8,5,0,0.03685336131732232,8
0562-FGDCR,Two year,DSL,Mailed check,72,72m+,74.55,5430.65,4,0,0.007579352992335548,10
2436-QBZFP,Month-to-month,DSL,Electronic check,22,12-24m,39.2,849.9,2,0,0.3708997566911935,4
3420-YJLQT,Month-to-month,Fiber optic,Electronic check,2,0-6m,79.55,151.75,1,0,0.6730056511768526,1
6040-CGACY,Month-to-month,No,Mailed check,15,12-24m,19.6,299.4,0,0,0.11198957690223368,7
6582-PLFUU,Two year,No,Credit card (automatic),51,48-72m,19.55,1086.75,0,0,0.008381897444479753,10
8242-PDSGJ,Two year,DSL,Credit card (automatic),70,48-72m,39.15,2692.75,3,0,0.012964506189415862,10
0264-CNITK,Two year,No,Bank transfer (automatic),71,48-72m,20.1,1389.6,0,0,0.004144149185790878,10
0089-IIQKO,Month-to-month,Fiber optic,Credit card (automatic),39,24-48m,99.95,3767.4,3,0,0.36853789006605214,4
7839-NUIAA,Month-to-month,DSL,Electronic check,61,48-72m,59.8,3641.5,2,0,0.061357846736439944,8
6075-QMNRR,Month-to-month,DSL,Bank transfer (automatic),52,48-72m,49.75,2535.55,1,0,0.07624358165780129,7
5378-IKEEG,Month-to-month,DSL,Electronic check,1,0-6m,35.75,35.75,1,1,0.6887454794203989,1
5966-EMAZU,One year,Fiber optic,Mailed check,64,48-72m,108.5,6880.85,5,0,0.0893911833761574,7
0440-EKDCF,Two year,DSL,Credit card (automatic),62,48-72m,60.15,3753.2,3,0,0.013484612479280721,10
4774-HHGGS,Two year,No,Mailed check,30,24-48m,19.05,637.55,0,0,0.019169843568629653,9
2718-GAXQD,Month-to-month,DSL,Electronic check,4,0-6m,46.0,181.6,0,1,0.38692674170287367,4
2055-BFOCC,One year,DSL,Bank transfer (automatic),63,48-72m,84.0,5329.55,6,0,0.03471488997929647,8
8180-AKMJV,Month-to-month,DSL,Credit card (automatic),1,0-6m,44.55,44.55,0,0,0.40453358564376696,3
4298-OYIFC,Month-to-month,Fiber optic,Electronic check,15,12-24m,103.45,1539.8,4,0,0.6989488061976943,1
5566-SOEZD,One year,Fiber optic,Credit card (automatic),27,24-48m,80.65,2209.75,2,0,0.1422835364147848,6
9842-EFSYY,Month-to-month,DSL,Mailed check,4,0-6m,57.2,223.75,5,0,0.49003803477459745,3
2272-WUSPA,Two year,Fiber optic,Electronic check,72,72m+,110.75,7751.7,5,0,0.07425693388249686,7
4584-LBNMK,One year,No,Credit card (automatic),45,24-48m,24.7,1174.35,0,0,0.0344164161493198,8
3898-GUYTS,Month-to-month,Fiber optic,Electronic check,45,24-48m,97.05,4385.05,4,0,0.3748761353966415,4
0930-EHUZA,One year,DSL,Mailed check,36,24-48m,76.35,2606.35,5,0,0.05410719315253988,8
6413-XKKPU,Month-to-month,Fiber optic,Electronic check,17,12-24m,89.4,1539.45,3,1,0.5168872751411965,3
9975-SKRNR,Month-to-month,No,Mailed check,1,0-6m,18.9,18.9,0,0,0.17042763069317304,6
3703-KBKZP,Month-to-month,Fiber optic,Bank transfer (automatic),16,12-24m,74.45,1261.35,0,0,0.6142945001924865,2
1449-XQEMT,Month-to-month,No,Mailed check,3,0-6m,19.8,58.15,0,1,0.20987155941432,5
2626-URJFX,Month-to-month,DSL,Electronic check,4,0-6m,50.9,225.6,0,1,0.4900542700442436,3
4973-MGTON,Two year,DSL,Credit card (automatic),71,48-72m,84.4,5969.3,6,0,0.012276725116707656,10
3682-YEUWS,Month-to-month,No,Mailed check,10,6-12m,24.4,253.9,0,0,0.18471017012524596,5
1223-UNPKS,Two year,No,Mailed check,20,12-24m,20.05,400.0,0,0,0.022548970779015087,9
2612-RRIDN,Month-to-month,Fiber optic,Electronic check,4,0-6m,81.0,340.85,1,1,0.7456618036401922,1
4735-ASGMA,Month-to-month,Fiber optic,Electronic check,26,24-48m,98.35,2515.3,3,1,0.7122925554080055,1
3446-QDSZF,Month-to-month,DSL,Credit card (automatic),4,0-6m,55.5,227.35,1,0,0.3672585252322854,4
3669-LVWZB,Month-to-month,DSL,Mailed check,5,0-6m,51.0,305.95,3,1,0.5911800950397215,2
6892-EZDTG,Month-to-month,Fiber optic,Electronic check,4,0-6m,91.65,365.4,2,1,0.7662231453709449,1
5117-IFGPS,Month-to-month,Fiber optic,Electronic check,29,24-48m,84.3,2357.75,1,0,0.6534881328830061,2
7379-FNIUJ,Month-to-month,Fiber optic,Electronic check,2,0-6m,100.2,198.5,4,0,0.6473384301044982,2
1627-AFWVJ,Two year,No,Mailed check,29,24-48m,19.4,554.25,0,0,0.021148539190724482,9
9725-SCPZG,Month-to-month,Fiber optic,Electronic check,1,0-6m,90.85,90.85,2,1,0.781685376568088,1
5884-GCYMI,Month-to-month,Fiber optic,Mailed check,1,0-6m,69.4,69.4,0,1,0.5290265333729633,3
3217-FZDMN,Month-to-month,Fiber optic,Credit card (automatic),8,6-12m,94.45,742.95,3,1,0.7310316439585951,1
4486-EFAEB,Month-to-month,No,Electronic check,13,12-24m,20.4,251.65,0,0,0.22511211927120447,5
0060-FUALY,Month-to-month,Fiber optic,Electronic check,59,48-72m,94.75,5597.65,3,0,0.2724611246500589,4
7853-GVUDZ,Month-to-month,No,Credit card (automatic),1,0-6m,20.15,20.15,0,1,0.1882402785356078,5
7480-QNVZJ,Month-to-month,Fiber optic,Electronic check,50,48-72m,95.7,4816.7,2,1,0.569923799039946,2
6954-OOYZZ,Month-to-month,DSL,Bank transfer (automatic),18,12-24m,44.35,768.05,0,0,0.25898643620562456,5
7088-FBAWU,Month-to-month,DSL,Mailed check,17,12-24m,74.55,1215.8,4,0,0.19531820635916827,5
8313-AFGBW,Two year,DSL,Electronic check,47,24-48m,73.6,3522.65,4,0,0.05887756199939536,8
3943-KDREE,Month-to-month,Fiber optic,Bank transfer (automatic),26,24-48m,74.95,1834.95,0,1,0.475168197029357,3
9239-ZBZZV,Month-to-month,DSL,Electronic check,6,6-12m,47.95,305.1,3,1,0.7135068122570419,1
3097-IDVPU,Month-to-month,DSL,Credit card (automatic),19,12-24m,50.1,910.45,0,0,0.21674865846095648,5
4398-HSCJH,Month-to-month,DSL,Electronic check,3,0-6m,63.6,155.65,2,1,0.5564248532897108,2
2197-OMWGI,Two year,DSL,Electronic check,68,48-72m,53.0,3656.25,4,0,0.0714820256338848,7
2303-PJYHN,Month-to-month,No,Bank transfer (automatic),2,0-6m,19.85,52.0,0,0,0.15319208218913266,6
9795-VOWON,One year,DSL,Credit card (automatic),7,6-12m,24.35,150.85,0,0,0.3082882408865275,4
1237-WIYYZ,Month-to-month,No,Mailed check,18,12-24m,19.55,389.25,0,0,0.13891338524788135,6
1987-AUELQ,Two year,No,Credit card (automatic),71,48-72m,25.05,1873.7,0,0,0.0065385670723469005,10
7852-LECYP,Month-to-month,Fiber optic,Credit card (automatic),13,12-24m,93.8,1261.0,3,0,0.49362887012551293,3
4430-UZIPO,Month-to-month,DSL,Mailed check,3,0-6m,36.85,108.7,2,1,0.37857710871804306,4
4822-LPTYJ,Two year,Fiber optic,Bank transfer (automatic),72,72m+,103.75,7346.2,4,0,0.07269386671950215,7
8165-CBKXO,Two year,DSL,Credit card (automatic),66,48-72m,56.75,3708.4,4,0,0.03851475584355715,8
6527-PZFPV,One year,No,Credit card (automatic),24,24-48m,20.8,469.65,0,0,0.049297248402213084,8
4855-SNKMY,Month-to-month,DSL,Electronic check,1,0-6m,44.1,44.1,0,1,0.5094736075157614,3
9593-CVZKR,Two year,No,Mailed check,56,48-72m,24.45,1385.85,0,0,0.012974493606011656,10
8595-SIZNC,One year,No,Bank transfer (automatic),22,12-24m,25.6,548.8,0,0,0.06884790266416317,7
8008-HAWED,Month-to-month,DSL,Electronic check,14,12-24m,50.75,712.75,3,1,0.6400495228124988,2
7124-UGSUR,One year,Fiber optic,Credit card (automatic),61,48-72m,104.4,6405.0,4,1,0.20371833065731063,5
1862-SKORY,Month-to-month,DSL,Electronic check,40,24-48m,39.3,1637.4,2,1,0.39467039499014406,3
5236-XMZJY,Month-to-month,DSL,Bank transfer (automatic),42,24-48m,59.65,2536.55,3,0,0.06845103649354806,7
4827-DPADN,Two year,DSL,Bank transfer (automatic),72,72m+,83.3,6042.7,5,0,0.014931361500620893,9
2694-CIUMO,Month-to-month,Fiber optic,Credit card (automatic),12,12-24m,79.55,958.25,1,0,0.5117136282668922,3
5846-ABOBJ,Two year,No,Bank transfer (automatic),71,48-72m,24.45,1730.65,0,0,0.006487440751486317,10
1439-LCGVL,One year,No,Mailed check,26,24-48m,19.2,459.6,0,0,0.03862942748281291,8
0909-SDHNU,Month-to-month,DSL,Mailed check,7,6-12m,29.8,201.95,1,0,0.2699615571427494,5
4647-XXZAM,Month-to-month,DSL,Mailed check,6,6-12m,45.5,285.2,0,0,0.2364476083594166,5
1502-XFCVR,One year,Fiber optic,Electronic check,58,48-72m,106.45,6145.85,5,1,0.1554533279295078,6
7740-KKCXF,Month-to-month,DSL,Credit card (automatic),51,48-72m,30.05,1529.45,1,0,0.14699794480562128,6
5360-XGYAZ,Two year,DSL,Bank transfer (automatic),72,72m+,65.65,4664.5,6,0,0.015724507362711866,9
9692-TUSXH,Month-to-month,Fiber optic,Electronic check,18,12-24m,96.05,1740.7,3,1,0.6178573049537399,2
7912-SYRQT,Month-to-month,Fiber optic,Bank transfer (automatic),7,6-12m,75.1,552.95,0,1,0.6309371057549037,2
3557-HTYWR,Two year,DSL,Mailed check,47,24-48m,74.05,3496.3,4,0,0.02041992984019057,9
4816-JBHOV,Month-to-month,DSL,Electronic check,2,0-6m,44.7,93.7,0,1,0.5513169200371537,2
8920-NAVAY,One year,Fiber optic,Bank transfer (automatic),62,48-72m,110.75,7053.35,5,0,0.15011200105146205,6
1699-TLDLZ,Two year,No,Mailed check,16,12-24m,19.7,301.55,0,0,0.025926829190834895,9
5600-PDUJF,Month-to-month,DSL,Credit card (automatic),6,6-12m,49.5,312.7,1,0,0.28689845485373977,4
8292-TYSPY,Month-to-month,DSL,Credit card (automatic),19,12-24m,55.0,1046.5,2,1,0.20051432169301747,5
0567-XRHCU,Two year,DSL,Credit card (automatic),69,48-72m,43.95,2960.1,3,0,0.021004268211938435,9
1867-BDVFH,Month-to-month,Fiber optic,Electronic check,11,6-12m,74.35,834.2,0,1,0.6534622952823856,2
2067-QYTCF,Month-to-month,Fiber optic,Electronic check,64,48-72m,111.15,6953.4,5,0,0.27733632660214275,4
2359-QWQUL,One year,Fiber optic,Credit card (automatic),39,24-48m,104.7,4134.85,5,1,0.14549660022277436,6
9103-TCIHJ,Month-to-month,DSL,Mailed check,15,12-24m,55.7,899.8,1,1,0.27115503730738466,4
7407-SUJIZ,Month-to-month,No,Mailed check,25,24-48m,20.6,541.5,0,0,0.080822197312475,7
9150-KPBJQ,Two year,No,Credit card (automatic),6,6-12m,19.65,116.85,0,0,0.04564834745801016,8
0052-DCKON,One year,Fiber optic,Bank transfer (automatic),66,48-72m,115.8,7942.15,6,0,0.05358032291564918,8
3654-ARMGP,Two year,DSL,Credit card (automatic),61,48-72m,88.65,5321.25,5,0,0.022490913375536267,9
9699-UBQFS,Month-to-month,Fiber optic,Electronic check,43,24-48m,94.5,4156.8,3,0,0.4448422373841475,3
9367-TCUYN,Month-to-month,No,Mailed check,12,12-24m,20.1,223.6,0,0,0.12113413804199778,6
1261-FWTTE,Month-to-month,DSL,Bank transfer (automatic),23,12-24m,34.65,768.45,1,0,0.4477379245190164,3
3528-HFRIQ,Month-to-month,DSL,Bank transfer (automatic),71,48-72m,52.3,3765.05,4,0,0.16250654362563866,6
0708-SJDIS,Month-to-month,DSL,Mailed check,34,24-48m,65.0,2157.5,2,0,0.16290825657301414,6
4140-WJAWW,Month-to-month,No,Credit card (automatic),5,0-6m,19.85,108.05,0,1,0.15274483956162432,6
2073-QBVBI,One year,DSL,Mailed check,41,24-48m,35.45,1391.65,2,0,0.05367805275268235,8
6928-ONTRW,Two year,No,Credit card (automatic),72,72m+,19.7,1379.8,0,0,0.004137733474140022,10
3320-VEOYC,Month-to-month,Fiber optic,Electronic check,14,12-24m,95.6,1273.3,2,0,0.8168604435418149,1
5231-FIQPA,Two year,No,Mailed check,41,24-48m,19.85,810.45,0,0,0.019772637245759322,9
6617-WLBQC,One year,Fiber optic,Credit card (automatic),23,12-24m,81.85,1810.85,1,0,0.15942895261679807,6
2599-CIPQE,Two year,Fiber optic,Credit card (automatic),71,48-72m,109.3,7782.85,6,0,0.01788757586814167,9
6653-CBBOM,Month-to-month,Fiber optic,Electronic check,1,0-6m,70.3,70.3,0,1,0.7070260035901207,1
8774-GSBUN,Two year,No,Mailed check,72,72m+,25.4,1797.1,0,0,0.006105020927717208,10
7326-RIGQZ,Month-to-month,Fiber optic,Electronic check,6,6-12m,69.8,377.85,0,0,0.6232357966013803,2
1401-FTHFQ,One year,No,Credit card (automatic),23,12-24m,20.0,445.3,0,0,0.05184124502019295,8
3247-ZVOUO,Month-to-month,Fiber optic,Electronic check,10,6-12m,85.55,851.75,1,1,0.7104324819047899,1
0254-FNMCI,Two year,Fiber optic,Electronic check,72,72m+,109.9,7624.2,6,0,0.04425044028421864,8
1848-LBZHY,Month-to-month,DSL,Bank transfer (automatic),7,6-12m,50.3,355.1,1,0,0.2556284723602087,5
6101-IMRMM,Month-to-month,Fiber optic,Mailed check,6,6-12m,94.5,575.45,3,1,0.5818395262524666,2
8118-TJAFG,Month-to-month,Fiber optic,Electronic check,9,6-12m,101.5,906.85,4,0,0.6160102302764738,2
5429-LWCMV,Month-to-month,Fiber optic,Electronic check,12,12-24m,89.15,1057.55,2,0,0.7276631473847074,1
7298-IZWLY,Month-to-month,No,Mailed check,1,0-6m,19.4,19.4,0,0,0.22291972155745846,5
9758-MFWGD,One year,DSL,Bank transfer (automatic),48,48-72m,29.9,1388.75,1,0,0.06533658344415251,7
3955-JBZZM,Month-to-month,Fiber optic,Electronic check,20,12-24m,78.8,1641.3,1,0,0.5608279237994358,2
1268-ASBGA,Month-to-month,Fiber optic,Credit card (automatic),16,12-24m,85.35,1375.15,1,1,0.6531205511007301,2
8943-URTMR,Month-to-month,Fiber optic,Mailed check,2,0-6m,79.65,152.7,1,1,0.6759015166619454,1
4815-TUMEQ,One year,No,Mailed check,10,6-12m,19.3,185.2,0,0,0.09471371266588391,7
4713-LZDRV,Month-to-month,Fiber optic,Electronic check,2,0-6m,79.6,195.05,1,1,0.789569849218129,1
9909-IDLEK,Month-to-month,Fiber optic,Mailed check,20,12-24m,96.8,1826.7,3,0,0.34418236806676356,4
4092-OFQZS,One year,No,Mailed check,20,12-24m,20.65,417.5,0,0,0.04532367579311097,8
1561-BWHIN,One year,No,Mailed check,19,12-24m,19.8,344.5,0,0,0.04149482480978692,8
4325-NFSKC,Month-to-month,Fiber optic,Electronic check,19,12-24m,90.6,1660.0,2,1,0.6727122866996329,1
9927-DSWDF,Month-to-month,Fiber optic,Electronic check,22,12-24m,104.6,2180.55,5,0,0.46579783825068466,3
9500-LTVBP,Month-to-month,Fiber optic,Credit card (automatic),35,24-48m,80.05,2835.9,1,0,0.25255069380627176,5
7252-NTGSS,Month-to-month,DSL,Mailed check,1,0-6m,45.15,45.15,0,0,0.3156109463778358,4
8149-AIQCG,Month-to-month,Fiber optic,Credit card (automatic),39,24-48m,73.15,2730.85,0,0,0.3844141872897176,4
1360-JYXKQ,One year,Fiber optic,Electronic check,54,48-72m,99.1,5437.1,4,0,0.21994811189293223,5
2955-PSXOE,Month-to-month,No,Bank transfer (automatic),1,0-6m,20.2,20.2,0,1,0.22036040518328645,5
7762-URZQH,Two year,Fiber optic,Credit card (automatic),66,48-72m,106.05,6981.35,4,1,0.06561832456393887,7
0899-WZRSD,Month-to-month,Fiber optic,Mailed check,56,48-72m,105.35,5794.45,4,0,0.21581176360031465,5
3255-GRXMG,Month-to-month,DSL,Credit card (automatic),18,12-24m,45.65,747.2,0,0,0.2438525869892275,5
4828-FAZPK,Month-to-month,Fiber optic,Credit card (automatic),16,12-24m,79.95,1267.95,1,0,0.4879736672013916,3
6094-ZIVKX,One year,DSL,Credit card (automatic),68,48-72m,54.45,3674.95,2,0,0.023327024931900028,9
6925-BAYGL,Two year,No,Credit card (automatic),53,48-72m,25.1,1275.6,0,0,0.014733290603020427,10
3262-EIDHV,Two year,DSL,Credit card (automatic),72,72m+,84.7,5893.9,5,0,0.010491328820091624,10
7354-OIJLX,Month-to-month,Fiber optic,Electronic check,9,6-12m,75.85,724.65,0,0,0.7082384658423689,1
1376-HHBDV,Month-to-month,DSL,Mailed check,30,24-48m,48.8,1536.75,1,0,0.1498425350413706,6
6907-NZZIJ,Month-to-month,Fiber optic,Electronic check,36,24-48m,99.15,3615.6,3,1,0.619584677540125,2
6133-OZILE,Month-to-month,DSL,Electronic check,18,12-24m,35.2,607.3,2,0,0.3877283334053542,4
4135-FRWKJ,One year,DSL,Electronic check,55,48-72m,76.25,4154.55,4,0,0.045898285746053716,8
2911-UREFD,Month-to-month,DSL,Electronic check,39,24-48m,55.9,2184.35,4,1,0.25827832641039944,5
3744-ZRRDZ,Month-to-month,Fiber optic,Electronic check,21,12-24m,82.35,1852.85,1,1,0.5892261914235869,2
5673-TIYIB,Month-to-month,DSL,Credit card (automatic),2,0-6m,40.4,77.15,3,1,0.39579080511016035,3
6551-ZCOTS,One year,No,Bank transfer (automatic),33,24-48m,24.9,847.8,0,0,0.07332753200400208,7
7191-ADRGF,Two year,DSL,Bank transfer (automatic),44,24-48m,54.3,2390.45,4,0,0.06661632371603252,7
5018-LXQQG,Month-to-month,DSL,Bank transfer (automatic),30,24-48m,66.3,1923.5,3,0,0.07767600049107272,7
6892-BOGQE,Two year,No,Bank transfer (automatic),71,48-72m,20.9,1493.2,0,0,0.006634443907366395,10
1602-IJQQE,Month-to-month,Fiber optic,Electronic check,4,0-6m,75.35,338.1,0,1,0.6728727613556456,1
4628-WQCQQ,One year,Fiber optic,Electronic check,35,24-48m,85.15,3030.6,2,1,0.30476905534314624,4
1746-TGTWV,Month-to-month,Fiber optic,Credit card (automatic),1,0-6m,75.35,75.35,1,0,0.5055054548296729,3
5995-SNNEW,Month-to-month,Fiber optic,Electronic check,23,12-24m,104.45,2184.85,4,0,0.738080784529256,1
8050-WYBND,One year,DSL,Credit card (automatic),22,12-24m,49.45,1031.4,3,0,0.2828227086615407,4
2821-WARNZ,One year,No,Credit card (automatic),49,48-72m,19.45,921.3,0,0,0.01731489555326545,9
4879-GZLFH,Month-to-month,Fiber optic,Electronic check,42,24-48m,92.15,3875.4,3,0,0.4718691920396079,3
1644-IRKSF,One year,Fiber optic,Electronic check,33,24-48m,93.8,3124.5,3,1,0.36400964262297913,4
8314-HTWVE,Two year,No,Mailed check,7,6-12m,19.85,144.15,0,0,0.034655743836042786,8
9402-ROUMJ,One year,Fiber optic,Bank transfer (automatic),67,48-72m,100.25,6689.0,4,0,0.051231551845886805,8
2507-QZPQS,Month-to-month,Fiber optic,Electronic check,15,12-24m,95.7,1451.1,3,0,0.5353262978939465,3
7159-NOKYQ,Two year,Fiber optic,Electronic check,67,48-72m,93.15,6368.2,3,0,0.09623831397671986,7
5707-ZMDJP,Two year,DSL,Mailed check,53,48-72m,69.7,3729.6,4,0,0.015046598135635553,9
8779-YIQQA,One year,No,Mailed check,21,12-24m,19.8,350.1,0,0,0.03889946566157608,8
7136-IHZJA,Month-to-month,DSL,Mailed check,40,24-48m,71.35,2847.2,4,0,0.0719833883105923,7
8966-OIQHG,One year,No,Bank transfer (automatic),22,12-24m,20.75,452.35,0,0,0.03699740359637801,8
7074-STDCN,Month-to-month,DSL,Electronic check,39,24-48m,40.6,1494.5,2,0,0.28736607759007254,4
3705-PSNGL,One year,No,Electronic check,45,24-48m,20.4,930.45,0,1,0.046483464619438815,8
8739-QOTTN,Month-to-month,No,Mailed check,2,0-6m,20.35,41.85,0,0,0.15104971883877888,6
1399-OUPJN,Two year,No,Bank transfer (automatic),57,48-72m,19.75,1272.05,0,0,0.006676960413167107,10
0277-BKSQP,Month-to-month,DSL,Electronic check,8,6-12m,54.4,475.1,1,0,0.4715486930792706,3
6502-HCJTI,Month-to-month,Fiber optic,Credit card (automatic),7,6-12m,94.7,673.1,3,1,0.6225963135434635,2
2606-RMDHZ,Month-to-month,DSL,Credit card (automatic),6,6-12m,30.5,208.7,1,1,0.45510108723416953,3
5774-XZTQC,Month-to-month,No,Mailed check,7,6-12m,20.45,150.75,0,0,0.11470967237652564,7
2676-SSLTO,Two year,DSL,Bank transfer (automatic),49,48-72m,66.15,3199.0,2,0,0.04241951768146126,8
6266-QHOJZ,One year,Fiber optic,Electronic check,65,48-72m,89.85,5844.65,3,0,0.07663165612980362,7
7269-JISCY,One year,DSL,Bank transfer (automatic),55,48-72m,45.05,2462.6,0,0,0.035838475341199855,8
0363-SVHYR,Two year,DSL,Bank transfer (automatic),71,48-72m,86.85,6263.8,6,0,0.010430568446738262,10
8547-NSBBO,Month-to-month,Fiber optic,Mailed check,35,24-48m,96.75,3403.4,4,0,0.21738397954251593,5
8258-GSTJK,Month-to-month,Fiber optic,Electronic check,3,0-6m,77.0,237.75,0,1,0.7819654578538225,1
6861-OKBCE,Month-to-month,No,Credit card (automatic),11,6-12m,20.1,221.35,0,1,0.11228332366322273,7
9940-RHLFB,Month-to-month,Fiber optic,Electronic check,1,0-6m,75.3,75.3,1,1,0.6252583727428138,2
6591-QGOYB,Month-to-month,Fiber optic,Bank transfer (automatic),17,12-24m,106.65,1672.1,5,0,0.4119481712284043,3
9070-BCKQP,Two year,Fiber optic,Credit card (automatic),72,72m+,110.15,7881.2,5,0,0.03942996696708086,8
6421-SZVEM,One year,Fiber optic,Bank transfer (automatic),28,24-48m,82.85,2320.8,2,0,0.18893690960502232,5
1328-EUZHC,Two year,No,Mailed check,18,12-24m,20.1,370.5,0,0,0.027741134482256864,9
2995-UPRYS,One year,Fiber optic,Credit card (automatic),40,24-48m,99.2,4062.2,4,1,0.21858825470421928,5
8878-RYUKI,Month-to-month,DSL,Electronic check,52,48-72m,59.45,3043.7,2,0,0.187276959221839,5
9633-DENPU,Month-to-month,DSL,Bank transfer (automatic),47,24-48m,58.6,2723.4,2,0,0.14400894240501813,6
7811-JIVPF,Month-to-month,DSL,Credit card (automatic),23,12-24m,49.7,1081.25,1,0,0.1824987915864666,5
7113-HIPFI,Two year,DSL,Mailed check,66,48-72m,65.85,4097.05,4,0,0.004829317194173587,10
8541-QVFKM,Month-to-month,Fiber optic,Electronic check,8,6-12m,73.5,632.2,0,0,0.7265789519680392,1
6686-YPGHK,Month-to-month,Fiber optic,Mailed check,47,24-48m,85.5,4042.3,2,1,0.20347295375645824,5
1383-EZRWL,Month-to-month,No,Mailed check,7,6-12m,20.05,164.85,0,1,0.14036114221415072,6
9258-CNWAC,Two year,Fiber optic,Credit card (automatic),71,48-72m,113.65,8166.8,6,0,0.02409071468985382,9
5371-VYLSX,Month-to-month,Fiber optic,Electronic check,50,48-72m,83.4,4113.7,2,0,0.3389739062925041,4
6374-AFWOX,Two year,DSL,Mailed check,46,24-48m,65.65,3047.15,4,0,0.010943794011428086,10
4759-TRPLW,Month-to-month,Fiber optic,Electronic check,1,0-6m,70.4,70.4,0,1,0.6300899138257601,2
5317-FLPJF,Two year,DSL,Bank transfer (automatic),66,48-72m,61.35,4193.4,5,0,0.025477318960601274,9
7621-VPNET,Month-to-month,Fiber optic,Credit card (automatic),42,24-48m,85.9,3729.75,2,0,0.2509896633313695,5
6034-YMTOB,Month-to-month,Fiber optic,Mailed check,5,0-6m,75.65,399.45,1,0,0.4851329254914624,3
8563-IIOXK,One year,DSL,Electronic check,7,6-12m,49.75,331.3,1,1,0.18630405485928062,5
4903-CNOZC,One year,DSL,Credit card (automatic),29,24-48m,70.9,1964.6,3,0,0.11977405181190318,6
4353-HYOJD,Month-to-month,DSL,Mailed check,27,24-48m,49.85,1336.15,1,0,0.12464709659631878,6
8020-BWHYL,Month-to-month,Fiber optic,Credit card (automatic),15,12-24m,75.3,1147.45,1,1,0.5315897537694284,3
7267-FRMJW,Two year,No,Mailed check,25,24-48m,20.1,486.05,0,0,0.019101561084053666,9
2982-VPSGI,Month-to-month,Fiber optic,Electronic check,11,6-12m,94.0,1078.9,2,1,0.7930706898519485,1
4188-FRABG,Month-to-month,Fiber optic,Electronic check,57,48-72m,103.05,5925.75,5,0,0.22205765488152207,5
8199-ZLLSA,One year,Fiber optic,Bank transfer (automatic),67,48-72m,118.35,7804.15,6,1,0.07270927229770663,7
4128-ETESU,Month-to-month,Fiber optic,Electronic check,47,24-48m,99.7,4747.2,3,0,0.49063617925932557,3
0620-DLSLK,Month-to-month,Fiber optic,Mailed check,13,12-24m,81.9,1028.9,1,0,0.5769993346048699,2
4625-EWPTF,Month-to-month,DSL,Electronic check,8,6-12m,30.45,226.45,1,1,0.4722287171808931,3
5980-NOPLP,Month-to-month,Fiber optic,Electronic check,44,24-48m,96.1,4364.1,2,1,0.5454779715057179,2
3850-OKINF,One year,DSL,Electronic check,71,48-72m,66.2,4692.55,2,0,0.04471053725539373,8
6892-XPFPU,Month-to-month,Fiber optic,Electronic check,24,24-48m,104.25,2433.9,4,1,0.7324735573193859,1
8010-EZLOU,Month-to-month,Fiber optic,Electronic check,15,12-24m,80.2,1217.25,1,1,0.6965460460440022,1
1156-ZFYDO,Month-to-month,No,Electronic check,1,0-6m,19.75,19.75,0,0,0.23819417127293838,5
3295-YVUSR,Month-to-month,Fiber optic,Mailed check,2,0-6m,72.6,154.3,0,0,0.7264489477882222,1
8016-NCFVO,Month-to-month,Fiber optic,Electronic check,55,48-72m,116.5,6382.55,6,0,0.3237177806290591,4
4119-ZYPZY,Two year,Fiber optic,Electronic check,71,48-72m,106.8,7623.2,4,0,0.1004202890163836,7
5549-ZGHFB,Two year,No,Mailed check,50,48-72m,24.95,1261.45,0,0,0.011119311438975507,10
7577-SWIFR,Month-to-month,Fiber optic,Electronic check,1,0-6m,89.25,89.25,2,0,0.8116378190936792,1
0303-WMMRN,Month-to-month,No,Mailed check,5,0-6m,19.25,86.05,0,0,0.2010590935842978,5
6408-OTUBZ,One year,Fiber optic,Bank transfer (automatic),66,48-72m,104.55,6779.05,5,0,0.06525047592547642,7
5204-HMGYF,One year,DSL,Mailed check,49,48-72m,87.2,4345.0,6,0,0.03561055216338326,8
1078-TDCRN,Month-to-month,DSL,Electronic check,3,0-6m,30.75,82.85,1,0,0.615292929370024,2
3727-OVPRY,One year,No,Credit card (automatic),66,48-72m,25.7,1714.55,0,0,0.01659828567301957,9
3797-FKOGQ,Month-to-month,Fiber optic,Electronic check,11,6-12m,86.2,893.2,1,0,0.6365600289571058,2
7622-NXQZR,Month-to-month,DSL,Credit card (automatic),28,24-48m,30.1,810.85,1,0,0.23479258575087317,5
6196-HBOBZ,Two year,Fiber optic,Electronic check,65,48-72m,99.35,6347.55,4,0,0.07617499846279017,7
3970-XGJDU,Two year,No,Credit card (automatic),62,48-72m,19.2,1123.65,0,0,0.010278178482402178,10
7017-VFULY,Month-to-month,No,Bank transfer (automatic),2,0-6m,20.1,43.15,0,0,0.15240925241873454,6
5562-YJQGT,Month-to-month,No,Credit card (automatic),2,0-6m,20.35,35.1,0,0,0.16460043739901906,6
8807-OPMBM,Two year,No,Credit card (automatic),55,48-72m,25.65,1388.0,0,0,0.013384797252550793,10
5439-WIKXB,Month-to-month,Fiber optic,Electronic check,41,24-48m,94.55,3851.45,3,0,0.5405924197200687,2
9874-QLCLH,Month-to-month,Fiber optic,Electronic check,17,12-24m,104.2,1743.5,4,1,0.6462411477114569,2
8294-UIMBA,One year,Fiber optic,Bank transfer (automatic),30,24-48m,94.4,2638.1,3,0,0.26505745694458815,5
8109-YUOHE,One year,DSL,Mailed check,17,12-24m,56.1,946.95,2,0,0.07625609359917188,7
5840-NVDCG,Two year,DSL,Bank transfer (automatic),16,12-24m,68.25,1114.85,4,0,0.035107865999512544,8
8092-NLTGF,Two year,No,Bank transfer (automatic),72,72m+,24.75,1777.6,0,0,0.006711427526909906,10
5928-QLDHB,Month-to-month,Fiber optic,Electronic check,9,6-12m,76.25,684.85,0,0,0.7062351135339867,1
9840-EFJQB,Month-to-month,Fiber optic,Electronic check,1,0-6m,74.35,74.35,1,0,0.6158478738890332,2
0696-UKTOX,Month-to-month,DSL,Electronic check,23,12-24m,54.15,1312.45,2,0,0.1626200603415192,6
4801-KFYKL,Month-to-month,No,Bank transfer (automatic),8,6-12m,19.45,159.2,0,0,0.12202621557845379,6
3472-OAOOR,Month-to-month,DSL,Mailed check,19,12-24m,34.95,610.2,2,0,0.22840333534115145,5
6135-OZQVA,Month-to-month,DSL,Electronic check,7,6-12m,53.65,404.35,1,0,0.44288558198328015,3
8062-YBDOE,Month-to-month,Fiber optic,Electronic check,1,0-6m,69.65,69.65,0,1,0.752680529740192,1
2252-JHJGE,One year,Fiber optic,Electronic check,61,48-72m,104.0,6363.45,4,0,0.15371981229106269,6
4188-PCPIG,Two year,DSL,Credit card (automatic),57,48-72m,70.35,4124.65,4,0,0.015392707346172638,9
6000-APYLU,Month-to-month,Fiber optic,Electronic check,9,6-12m,80.8,713.1,1,1,0.6987876305706069,1
7105-BENQF,One year,DSL,Mailed check,15,12-24m,64.85,950.75,3,0,0.09634417028719171,7
7721-DVEKZ,Month-to-month,No,Mailed check,1,0-6m,19.65,19.65,0,0,0.1678780305982579,6
3566-VVORZ,Month-to-month,DSL,Bank transfer (automatic),12,12-24m,45.9,505.95,0,0,0.22568798045435787,5
9507-HSMMZ,Two year,No,Mailed check,54,48-72m,20.0,1149.65,0,0,0.009098769547540037,10
2480-SQIOB,Month-to-month,DSL,Electronic check,4,0-6m,44.8,169.65,0,0,0.3435585724106971,4
0947-IDHRQ,Month-to-month,Fiber optic,Mailed check,7,6-12m,80.3,526.7,1,1,0.6343783478022754,2
7813-TKCVO,One year,No,Mailed check,20,12-24m,20.35,393.15,0,0,0.04563870672446056,8
0128-MKWSG,Month-to-month,DSL,Mailed check,26,24-48m,45.8,1147.0,3,0,0.14512797095436214,6
3672-YITQD,Month-to-month,Fiber optic,Electronic check,36,24-48m,84.1,3021.6,1,1,0.5995816286495528,2
4350-ZTLPI,One year,Fiber optic,Bank transfer (automatic),53,48-72m,108.95,5718.2,5,0,0.15726861531229208,6
9048-JVYVF,Month-to-month,DSL,Electronic check,3,0-6m,69.35,191.35,3,1,0.5404119053146463,2
0361-HJRDX,Two year,DSL,Credit card (automatic),68,48-72m,64.35,4539.6,6,0,0.01674678270085056,9
5727-MYATE,Two year,DSL,Credit card (automatic),72,72m+,90.8,6397.6,6,0,0.01321180325058618,10
3823-KYNQY,One year,No,Credit card (automatic),12,12-24m,24.95,280.4,0,0,0.08540273501214588,7
8988-ECPJR,Month-to-month,Fiber optic,Mailed check,34,24-48m,79.6,2718.3,1,1,0.3879456624633705,4
7570-WELNY,Two year,Fiber optic,Bank transfer (automatic),68,48-72m,84.7,5711.05,2,0,0.0345450934908234,8
3021-VLNRJ,One year,DSL,Credit card (automatic),50,48-72m,70.8,3478.15,4,0,0.03381653064542372,8
3776-EKTKM,Month-to-month,DSL,Electronic check,1,0-6m,36.45,36.45,1,1,0.7297948742954687,1
2080-CAZNM,Month-to-month,Fiber optic,Electronic check,41,24-48m,104.4,4133.95,4,0,0.6240250854646772,2
1028-FFNJK,Month-to-month,Fiber optic,Electronic check,30,24-48m,101.5,2917.65,3,0,0.6232053523239882,2
6907-FLBER,Month-to-month,DSL,Electronic check,1,0-6m,54.3,54.3,1,0,0.47237636299731167,3
3001-UNBTL,Month-to-month,Fiber optic,Electronic check,29,24-48m,103.95,2964.8,3,0,0.6603511633093677,2
5982-PSMKW,Two year,DSL,Credit card (automatic),23,12-24m,91.1,2198.3,6,0,0.0646494863122713,7
3507-GASNP,Two year,No,Mailed check,60,48-72m,19.95,1189.9,0,0,0.006447380003609741,10
7096-ZNBZI,Two year,No,Credit card (automatic),72,72m+,26.45,1914.5,0,0,0.0061143245409191445,10
1902-XBTFB,Month-to-month,Fiber optic,Electronic check,22,12-24m,89.4,2001.5,3,1,0.5629335131770218,2
1676-MQAOA,Two year,DSL,Bank transfer (automatic),72,72m+,75.1,5336.35,5,0,0.009685142460865237,10
0786-IVLAW,One year,Fiber optic,Bank transfer (automatic),66,48-72m,108.1,7238.6,4,0,0.12850419222670953,6
7566-DSRLQ,Two year,Fiber optic,Electronic check,72,72m+,110.15,7998.8,5,0,0.07580797044768511,7
0643-OKLRP,Month-to-month,Fiber optic,Electronic check,47,24-48m,80.35,3825.85,1,1,0.2790669373525068,4
7245-JMTTQ,One year,Fiber optic,Electronic check,51,48-72m,111.5,5703.25,5,0,0.23830917883634006,5
6050-IJRHS,One year,Fiber optic,Electronic check,70,48-72m,106.5,7397.0,4,0,0.15896807356182954,6
6202-JVYEU,One year,No,Electronic check,9,6-12m,19.9,164.6,0,0,0.1421306641839996,6
8591-TKMZH,Two year,Fiber optic,Mailed check,59,48-72m,111.1,6555.2,5,0,0.04675602796010181,8
0734-OXWBT,Month-to-month,DSL,Mailed check,3,0-6m,70.7,225.65,3,0,0.3092471883042406,4
4282-ACRXS,Month-to-month,DSL,Electronic check,38,24-48m,24.85,955.75,0,0,0.35430056152259176,4
0365-TRTPY,Month-to-month,Fiber optic,Bank transfer (automatic),37,24-48m,91.2,3382.3,3,0,0.210893586302229,5
7349-ALMUX,Two year,DSL,Bank transfer (automatic),37,24-48m,65.6,2313.8,4,0,0.015979086382933865,9
9381-NDKME,Month-to-month,DSL,Credit card (automatic),24,24-48m,40.65,933.3,2,1,0.41498378630487404,3
6502-KUGLL,Month-to-month,DSL,Bank transfer (automatic),14,12-24m,59.45,780.85,3,0,0.0980471761650814,7
1841-YSJGV,Two year,Fiber optic,Credit card (automatic),72,72m+,109.95,7852.4,5,0,0.03728704548159536,8
2794-XIMMO,One year,DSL,Electronic check,53,48-72m,60.45,3184.25,5,1,0.12394368857372913,6
8382-SHQEH,Month-to-month,Fiber optic,Electronic check,8,6-12m,84.9,764.95,1,1,0.7521680884386648,1
3511-BFTJW,Two year,DSL,Credit card (automatic),72,72m+,38.5,2763.0,3,0,0.009896111475550666,10
7668-XCFYV,Month-to-month,Fiber optic,Electronic check,17,12-24m,92.55,1614.7,2,0,0.8010684975870742,1
2983-ZANRP,Month-to-month,Fiber optic,Bank transfer (automatic),2,0-6m,73.55,145.4,1,1,0.5364471284979083,3
7845-URHJN,Month-to-month,No,Bank transfer (automatic),8,6-12m,20.15,156.25,0,1,0.1279826314128585,6
3034-ZBEQN,One year,DSL,Mailed check,48,48-72m,34.7,1604.5,2,1,0.05990679871197432,8
5018-HEKFO,Month-to-month,No,Mailed check,10,6-12m,24.5,270.15,0,0,0.22000579793895228,5
2923-ARZLG,One year,No,Mailed check,0,0-6m,19.7,0.0,0,0,0.10413059930187202,7
3976-NLDEZ,Month-to-month,No,Mailed check,1,0-6m,20.6,20.6,0,0,0.16469236035005064,6
2282-YGNOR,One year,DSL,Credit card (automatic),29,24-48m,58.0,1734.5,3,0,0.043517784981925954,8
5336-UFNZP,One year,Fiber optic,Electronic check,65,48-72m,107.45,7047.5,4,0,0.21342181754366915,5
6854-EXGSF,Month-to-month,DSL,Bank transfer (automatic),8,6-12m,65.5,573.15,3,0,0.2987983142088202,4
1241-EZFMJ,Two year,No,Bank transfer (automatic),61,48-72m,25.45,1538.6,0,0,0.008844231530628681,10
9233-PSYHO,One year,Fiber optic,Bank transfer (automatic),45,24-48m,100.15,4459.8,3,0,0.33085476934532826,4
5376-PCKNB,One year,Fiber optic,Credit card (automatic),72,72m+,104.45,7459.0,4,0,0.10936388058203594,7
8044-BGWPI,Month-to-month,No,Electronic check,12,12-24m,21.15,306.05,0,0,0.1912114868791032,5
4060-LDNLU,Month-to-month,Fiber optic,Electronic check,7,6-12m,96.2,639.7,2,0,0.7602432605173093,1
3589-PPVKW,Month-to-month,DSL,Mailed check,9,6-12m,44.4,348.15,0,0,0.3364663435040096,4
8327-LZKAS,One year,Fiber optic,Electronic check,43,24-48m,107.55,4533.9,4,1,0.3338151325296055,4
5887-IKKYO,Two year,Fiber optic,Bank transfer (automatic),58,48-72m,94.35,5563.65,3,0,0.04049475151915968,8
1075-BGWOH,Month-to-month,Fiber optic,Electronic check,16,12-24m,98.75,1587.55,3,1,0.7981081536719565,1
1755-RMCXH,Month-to-month,No,Mailed check,2,0-6m,20.3,40.25,0,0,0.13335065251581493,6
0302-JOIVN,Month-to-month,Fiber optic,Electronic check,8,6-12m,101.15,842.9,4,1,0.656793815280895,2
3858-XHYJO,One year,Fiber optic,Bank transfer (automatic),40,24-48m,105.75,4228.55,4,0,0.17471226065392712,6
4299-SIMNS,Month-to-month,Fiber optic,Electronic check,9,6-12m,81.15,784.45,1,0,0.6259515252846459,2
7025-IWFHT,One year,Fiber optic,Electronic check,41,24-48m,89.55,3729.75,3,0,0.2166335427509533,5
6261-LHRTG,Month-to-month,DSL,Credit card (automatic),26,24-48m,54.75,1406.9,2,0,0.20722501922354725,5
7841-FCRQD,One year,DSL,Credit card (automatic),33,24-48m,53.75,1857.3,2,0,0.06475637122697488,7
2056-EVGZL,One year,Fiber optic,Credit card (automatic),68,48-72m,105.75,7322.5,5,0,0.04809550300293607,8
8777-MBMTS,Two year,Fiber optic,Credit card (automatic),65,48-72m,105.85,6725.5,5,0,0.059087551255532715,8
7753-USQYQ,One year,DSL,Electronic check,55,48-72m,64.2,3627.3,3,0,0.06352034251508087,7
5366-IJEQJ,Month-to-month,Fiber optic,Electronic check,20,12-24m,88.7,1761.45,2,1,0.7022727307188102,1
7661-CPURM,One year,Fiber optic,Credit card (automatic),19,12-24m,87.7,1725.95,2,0,0.2650972449709662,5
6233-HXJMX,Month-to-month,Fiber optic,Credit card (automatic),45,24-48m,89.3,4192.15,2,0,0.38182011196132143,4
5902-WBLSE,Two year,No,Credit card (automatic),70,48-72m,20.15,1411.2,0,0,0.006174759513713523,10
1981-INRFU,Month-to-month,Fiber optic,Electronic check,2,0-6m,79.75,164.5,1,1,0.7637113497690212,1
4971-PUYQO,Month-to-month,Fiber optic,Mailed check,27,24-48m,94.55,2724.6,2,1,0.6050161519936273,2
3239-TPHPZ,Two year,No,Electronic check,12,12-24m,20.05,264.55,0,0,0.0712858773864472,7
5115-GZDEL,Two year,DSL,Credit card (automatic),72,72m+,67.2,4671.7,6,0,0.011859990969579562,10
3338-CVVEH,Month-to-month,Fiber optic,Electronic check,12,12-24m,94.55,1173.55,2,0,0.736080389167507,1
8485-GJCDN,Month-to-month,Fiber optic,Mailed check,5,0-6m,69.05,318.5,0,1,0.6346769587429815,2
2615-YVMYX,Month-to-month,Fiber optic,Electronic check,71,48-72m,107.5,7713.55,5,0,0.2897644406341937,4
2851-STERV,One year,DSL,Electronic check,35,24-48m,73.0,2471.25,4,0,0.19827288641625962,5
4393-GEADV,Two year,Fiber optic,Credit card (automatic),70,48-72m,114.75,7842.3,6,0,0.024256742283642357,9
8486-AYEQH,Month-to-month,Fiber optic,Electronic check,31,24-48m,76.05,2227.8,0,0,0.5353885846578667,3
1527-SXDPN,Two year,Fiber optic,Bank transfer (automatic),52,48-72m,96.25,4990.25,3,1,0.06516999468285152,7
6029-WTIPC,Month-to-month,Fiber optic,Electronic check,37,24-48m,101.1,3744.05,3,1,0.6651146188290408,2
8634-CILSZ,One year,Fiber optic,Bank transfer (automatic),69,48-72m,104.7,7220.35,4,1,0.10555156661143648,7
5419-JKZNQ,Month-to-month,Fiber optic,Mailed check,30,24-48m,77.9,2351.45,0,0,0.3741047559594217,4
2495-KZNFB,Month-to-month,Fiber optic,Electronic check,33,24-48m,90.65,2989.6,2,0,0.4903227483767476,3
1409-PHXTF,Two year,Fiber optic,Electronic check,54,48-72m,110.45,6077.75,5,0,0.1562908343960995,6
4560-WQAQW,One year,DSL,Bank transfer (automatic),59,48-72m,68.7,4070.95,3,0,0.02697273812200475,9
9591-YVTEB,Month-to-month,DSL,Electronic check,55,48-72m,44.85,2479.05,3,0,0.22524712455781212,5
9309-BZGNT,One year,DSL,Credit card (automatic),69,48-72m,29.8,2134.3,1,0,0.05803123253384834,8
4274-DRSQT,One year,Fiber optic,Bank transfer (automatic),66,48-72m,88.9,6000.1,2,0,0.12992011752204077,6
2027-DNKIV,One year,DSL,Mailed check,37,24-48m,58.75,2203.1,3,0,0.03626673297371611,8
8075-GXIUB,One year,No,Credit card (automatic),9,6-12m,19.85,183.15,0,0,0.08204352114262727,7
2885-HIJDH,Two year,DSL,Bank transfer (automatic),69,48-72m,86.9,6194.1,5,0,0.010757337979956719,10
5424-RLQLC,Month-to-month,DSL,Mailed check,10,6-12m,59.65,638.95,2,0,0.3793471637198359,4
6682-QJDGB,Month-to-month,DSL,Mailed check,40,24-48m,55.25,2139.2,2,1,0.08787339523931632,7
6507-DTJZV,Month-to-month,DSL,Credit card (automatic),13,12-24m,66.4,831.75,2,0,0.3157786319462269,4
8780-IXSTS,Month-to-month,Fiber optic,Electronic check,6,6-12m,90.1,521.3,2,1,0.7742346628949186,1
7673-BQGKU,Two year,No,Bank transfer (automatic),69,48-72m,20.15,1337.5,0,0,0.004426004445812496,10
6723-WSNTY,One year,Fiber optic,Credit card (automatic),66,48-72m,108.1,7181.95,5,0,0.13506902835298518,6
9530-EHPOH,Month-to-month,DSL,Electronic check,11,6-12m,53.75,608.0,1,1,0.4083433330553919,3
2725-IWWBA,One year,DSL,Mailed check,46,24-48m,56.9,2560.1,3,0,0.02015501196220032,9
0345-HKJVM,Month-to-month,Fiber optic,Electronic check,6,6-12m,89.3,577.6,2,1,0.7201660419716832,1
1061-PNTHC,Month-to-month,Fiber optic,Mailed check,56,48-72m,109.6,5953.0,5,0,0.17994264408465974,5
0394-YONDK,Two year,No,Credit card (automatic),70,48-72m,25.15,1790.15,0,0,0.005830991598696124,10
6574-MCOEH,One year,DSL,Electronic check,33,24-48m,79.15,2531.4,4,0,0.1813673057826587,5
7399-QHBJS,Two year,DSL,Credit card (automatic),72,72m+,66.75,4760.3,3,0,0.00541313647564278,10
3049-SOLAY,Month-to-month,Fiber optic,Electronic check,3,0-6m,95.2,292.85,2,1,0.8297246965642918,1
0997-YTLNY,Month-to-month,DSL,Mailed check,19,12-24m,48.8,953.65,1,0,0.1358346554966224,6
3317-HRTNN,Month-to-month,DSL,Electronic check,5,0-6m,45.7,198.0,2,1,0.6841669946174483,1
9479-HYNYL,Two year,DSL,Credit card (automatic),71,48-72m,80.7,5705.05,5,0,0.017049410989240635,9
3235-ETOOB,Month-to-month,Fiber optic,Electronic check,8,6-12m,74.5,609.9,1,1,0.5560238094722243,2
9708-KFDBY,Month-to-month,No,Credit card (automatic),1,0-6m,20.55,20.55,0,0,0.1686001590069292,6
8058-INTPH,Month-to-month,Fiber optic,Electronic check,1,0-6m,79.65,79.65,1,1,0.7701575051703183,1
3642-GKTCT,One year,Fiber optic,Mailed check,61,48-72m,115.1,6993.65,6,0,0.0936532277045074,7
0774-RMNUW,Two year,DSL,Bank transfer (automatic),71,48-72m,59.7,4122.65,5,0,0.012093397170354228,10
1334-PDUKM,One year,Fiber optic,Credit card (automatic),68,48-72m,86.45,5762.95,2,0,0.05925364629580736,8
0756-MPZRL,One year,DSL,Credit card (automatic),46,24-48m,33.7,1537.85,2,0,0.055696524807651276,8
2242-MFOTG,One year,Fiber optic,Bank transfer (automatic),33,24-48m,80.1,2603.3,1,0,0.14710542649461697,6
2927-CVULT,Two year,Fiber optic,Bank transfer (automatic),53,48-72m,104.05,5566.4,5,0,0.04333322743082006,8
2144-BFDSO,Month-to-month,Fiber optic,Bank transfer (automatic),50,48-72m,108.75,5431.9,5,0,0.2685097003565497,5
8745-PVESG,One year,DSL,Credit card (automatic),57,48-72m,41.1,2258.25,3,0,0.03635369517873102,8
7647-GYYKX,Two year,No,Bank transfer (automatic),54,48-72m,20.35,1092.35,0,0,0.010251712059222496,10
5647-FXOTP,Month-to-month,Fiber optic,Electronic check,60,48-72m,105.9,6401.25,4,0,0.4393098152685147,3
5569-OUICF,Month-to-month,Fiber optic,Credit card (automatic),28,24-48m,101.3,2812.2,3,1,0.5403325870027809,2
8821-XNHVZ,Month-to-month,Fiber optic,Mailed check,1,0-6m,80.05,80.05,1,1,0.6312140098074708,2
2082-OJVTK,Month-to-month,Fiber optic,Electronic check,29,24-48m,89.2,2698.35,2,1,0.5624248776620665,2
9700-ISPUP,Month-to-month,DSL,Electronic check,10,6-12m,65.5,616.9,3,0,0.32708141229685433,4
9839-ETQOE,Month-to-month,DSL,Electronic check,43,24-48m,40.45,1912.85,3,0,0.17589406146040734,6
6078-VESFR,Month-to-month,Fiber optic,Bank transfer (automatic),13,12-24m,70.45,849.1,0,0,0.4582927265303682,3
9027-TMATR,Two year,DSL,Electronic check,43,24-48m,78.8,3460.3,5,0,0.05062162426044787,8
5940-NFXKV,Month-to-month,Fiber optic,Electronic check,19,12-24m,83.65,1465.75,1,1,0.6510976821287806,2
1941-HOSAM,Month-to-month,Fiber optic,Electronic check,1,0-6m,90.1,90.1,2,0,0.7718144310970632,1
9110-HSGTV,Two year,DSL,Credit card (automatic),69,48-72m,82.45,5555.3,5,0,0.014300317816159423,10
0704-VCUMB,Two year,No,Credit card (automatic),61,48-72m,20.25,1278.8,0,0,0.00682586372272777,10
6171-ZTVYB,Month-to-month,DSL,Bank transfer (automatic),43,24-48m,66.25,2907.35,3,0,0.05713060884743827,8
8053-WWDRO,Month-to-month,No,Bank transfer (automatic),6,6-12m,19.5,146.3,0,1,0.1375369505600882,6
9564-KCLHR,Month-to-month,DSL,Mailed check,1,0-6m,51.25,51.25,1,1,0.23912399054927688,5
1935-IMVBB,Month-to-month,Fiber optic,Mailed check,56,48-72m,89.7,4952.95,2,0,0.22057422507964208,5
2535-PBCGC,Two year,DSL,Bank transfer (automatic),70,48-72m,64.55,4504.9,6,0,0.014171113174376934,10
2082-CEFLT,Month-to-month,DSL,Electronic check,1,0-6m,45.6,45.6,0,1,0.500403879630085,3
1470-PSXNM,One year,Fiber optic,Electronic check,49,48-72m,93.65,4520.15,3,0,0.243749757048445,5
1213-NGCUN,Month-to-month,DSL,Bank transfer (automatic),6,6-12m,49.65,267.35,1,1,0.2816000589978766,4
2498-XLDZR,Two year,DSL,Mailed check,32,24-48m,73.6,2316.85,5,0,0.020074929126771397,9
9866-OCCKE,Two year,Fiber optic,Mailed check,72,72m+,109.75,8075.35,5,0,0.04769757119278063,8
5338-YHWYT,Two year,DSL,Credit card (automatic),37,24-48m,61.45,2302.35,3,0,0.014176535536766845,10
7718-UPSKJ,One year,Fiber optic,Credit card (automatic),69,48-72m,106.4,7251.9,5,0,0.052959258102013095,8
8731-WBBMB,Month-to-month,DSL,Bank transfer (automatic),26,24-48m,81.9,2078.55,5,0,0.16249940095943954,6
1448-CYWKC,One year,Fiber optic,Credit card (automatic),58,48-72m,105.2,6225.4,4,0,0.16187386454710637,6
7901-IIDQV,One year,DSL,Bank transfer (automatic),24,24-48m,54.6,1242.25,1,0,0.09055703510611883,7
2690-DVRVK,One year,No,Electronic check,5,0-6m,20.55,99.45,0,0,0.09566499098251437,7
5688-KZTSN,Month-to-month,No,Electronic check,15,12-24m,20.0,288.05,0,1,0.18015784181546898,5
1270-XKUCC,Two year,No,Mailed check,30,24-48m,19.7,599.25,0,0,0.016346596038405416,9
0334-ZFJSR,One year,DSL,Credit card (automatic),55,48-72m,66.05,3462.1,3,0,0.028129852346994517,9
2894-QOJRX,Month-to-month,DSL,Bank transfer (automatic),25,24-48m,34.0,853.0,1,1,0.3817737457857327,4
5747-PMBSQ,Month-to-month,Fiber optic,Mailed check,10,6-12m,92.5,934.1,4,1,0.5481062062372745,2
5583-EJXRD,Two year,DSL,Credit card (automatic),44,24-48m,54.05,2375.2,5,0,0.03088924017565752,9
4565-EVZMJ,One year,DSL,Mailed check,47,24-48m,58.9,2813.05,3,0,0.03043047431363541,9
3143-JQEGI,Month-to-month,Fiber optic,Electronic check,13,12-24m,88.35,1222.8,2,1,0.6250877313689245,2
6386-SZZKH,Two year,Fiber optic,Bank transfer (automatic),49,48-72m,107.95,5293.2,5,1,0.09482039588276309,7
3327-YBAKM,One year,Fiber optic,Mailed check,64,48-72m,96.9,6314.35,4,0,0.07258592401966622,7
9441-QHEVC,Month-to-month,No,Mailed check,1,0-6m,19.1,19.1,0,0,0.16974474372640022,6
6705-LNMDD,Month-to-month,DSL,Mailed check,20,12-24m,50.0,1003.05,1,0,0.14597458141879496,6
2580-ASVVY,Two year,DSL,Electronic check,37,24-48m,45.4,1593.1,3,0,0.054725015880257334,8
3370-GQEAL,Month-to-month,Fiber optic,Electronic check,30,24-48m,85.45,2509.95,1,0,0.48374101609816583,3
5032-USPKF,One year,DSL,Bank transfer (automatic),38,24-48m,84.1,3187.65,5,0,0.08879263217806346,7
2982-IHMFT,Month-to-month,Fiber optic,Mailed check,1,0-6m,74.45,74.45,0,1,0.7242369202835578,1
3521-SYVOR,Month-to-month,DSL,Electronic check,37,24-48m,64.75,2345.2,2,1,0.3464277271422266,4
4254-QPEDE,Two year,DSL,Credit card (automatic),52,48-72m,66.25,3330.1,6,0,0.02520085939816478,9
6283-GITPX,Two year,DSL,Credit card (automatic),71,48-72m,76.9,5522.7,5,0,0.008481255607963992,10
9526-JAWYF,Month-to-month,Fiber optic,Electronic check,26,24-48m,89.8,2335.3,3,1,0.4773465565632209,3
0771-CHWSK,Two year,DSL,Credit card (automatic),66,48-72m,74.6,4798.4,4,0,0.021530279789966286,9
9788-HNGUT,Two year,Fiber optic,Credit card (automatic),72,72m+,116.95,8594.4,6,0,0.03480461511089931,8
9495-REDIY,One year,DSL,Credit card (automatic),25,24-48m,40.65,970.55,2,0,0.16193701925922563,6
5375-XLDOF,Two year,Fiber optic,Bank transfer (automatic),69,48-72m,114.35,7665.8,6,0,0.03463519165083301,8
1172-VIYBP,Two year,DSL,Bank transfer (automatic),53,48-72m,69.7,3686.05,3,0,0.01892111479965031,9
5649-VUKMC,One year,Fiber optic,Mailed check,12,12-24m,95.5,1115.15,3,1,0.38757185123612553,4
6559-PDZLR,Month-to-month,Fiber optic,Electronic check,26,24-48m,98.65,2537.0,4,0,0.5631830284062121,2
8992-OBVDG,Month-to-month,DSL,Mailed check,21,12-24m,61.65,1393.6,2,0,0.2201994671378527,5
4273-MBHYA,Month-to-month,Fiber optic,Electronic check,1,0-6m,89.35,89.35,2,0,0.7878139586598062,1
4724-WXVWF,Month-to-month,Fiber optic,Electronic check,48,48-72m,95.4,4445.3,3,0,0.2902391993037532,4
5701-GUXDC,One year,DSL,Credit card (automatic),26,24-48m,35.4,978.6,2,0,0.0926553133102903,7
1460-UZPRJ,Two year,No,Mailed check,60,48-72m,19.95,1258.15,0,0,0.006921241248726282,10
6082-GLJIX,Month-to-month,No,Mailed check,18,12-24m,19.25,331.35,0,0,0.1031180382922288,7
5143-EGQFK,Month-to-month,DSL,Electronic check,10,6-12m,29.65,291.4,1,1,0.5162314570795195,3
4919-IKATY,Month-to-month,Fiber optic,Electronic check,5,0-6m,84.5,453.75,2,1,0.6093899230449805,2
2495-TTHBQ,One year,No,Mailed check,4,0-6m,20.4,84.75,0,0,0.09721198972524513,7
0485-ZBSLN,Two year,No,Credit card (automatic),65,48-72m,24.75,1715.1,0,0,0.006958462705582906,10
3810-PJUHR,Two year,No,Mailed check,70,48-72m,25.35,1715.15,0,0,0.005649692296235382,10
9050-QLROH,Month-to-month,Fiber optic,Credit card (automatic),18,12-24m,90.7,1597.25,2,1,0.5969447757510289,2
0847-HGRML,Two year,No,Bank transfer (automatic),62,48-72m,20.0,1250.1,0,0,0.006050177552913989,10
8232-CTLKO,Two year,DSL,Electronic check,66,48-72m,59.75,3996.8,2,0,0.023280279116598798,9
9227-YBAXE,Two year,DSL,Bank transfer (automatic),65,48-72m,82.5,5215.1,5,0,0.018033610894902092,9
6168-WFVVF,Month-to-month,Fiber optic,Electronic check,3,0-6m,70.3,235.5,0,1,0.7369052108764692,1
9860-LISIZ,Month-to-month,No,Mailed check,34,24-48m,20.35,673.2,0,0,0.061341457752074245,8
0112-QAWRZ,Month-to-month,Fiber optic,Bank transfer (automatic),16,12-24m,90.8,1442.2,2,0,0.5706125337649657,2
0877-SDMBN,One year,Fiber optic,Bank transfer (automatic),54,48-72m,103.95,5639.05,4,1,0.17378108528341715,6
2786-GCDPI,Month-to-month,Fiber optic,Electronic check,50,48-72m,104.95,5222.35,4,0,0.4799419251797825,3
4043-MKDTV,Two year,Fiber optic,Electronic check,71,48-72m,105.25,7291.75,5,0,0.059646375099380006,8
8065-YKXKD,Month-to-month,Fiber optic,Electronic check,10,6-12m,74.75,799.65,0,1,0.7067819724186046,1
9637-EIHEQ,Month-to-month,DSL,Electronic check,1,0-6m,50.8,50.8,1,1,0.4109386643716889,3
9229-RQABD,One year,No,Mailed check,18,12-24m,23.75,424.5,0,0,0.07103579830561085,7
8313-KTIHG,Month-to-month,DSL,Electronic check,4,0-6m,61.3,249.4,2,0,0.459929901320113,3
5320-BRKGK,Two year,DSL,Mailed check,58,48-72m,75.8,4415.75,4,0,0.01248130780920047,10
6284-KMNUF,One year,Fiber optic,Electronic check,56,48-72m,98.0,5270.6,3,0,0.2280568846717969,5
9689-PTNPG,Month-to-month,Fiber optic,Electronic check,2,0-6m,80.25,144.55,1,1,0.7615218673962669,1
9465-RWMXL,Month-to-month,Fiber optic,Electronic check,32,24-48m,78.9,2447.95,1,1,0.5154916445898633,3
6229-UOLQL,One year,DSL,Mailed check,56,48-72m,52.0,2884.9,4,0,0.03681014822001931,8
2362-IBOOY,Month-to-month,Fiber optic,Electronic check,36,24-48m,84.75,3050.15,1,1,0.5613930660329352,2
3137-LUPIX,Month-to-month,DSL,Mailed check,4,0-6m,64.4,253.0,2,0,0.4336714665991324,3
0843-WTBXE,Month-to-month,Fiber optic,Bank transfer (automatic),53,48-72m,85.45,4517.25,1,1,0.2585695352265898,5
6143-JQKEA,Month-to-month,DSL,Credit card (automatic),10,6-12m,45.8,436.2,0,0,0.3274675072631415,4
8676-OOQEJ,Month-to-month,DSL,Electronic check,4,0-6m,30.5,118.4,1,0,0.42166286488707916,3
5515-IDEJJ,Month-to-month,No,Mailed check,1,0-6m,19.9,19.9,0,1,0.13843726719377028,6
9701-CDXHR,Month-to-month,Fiber optic,Mailed check,51,48-72m,69.15,3649.6,0,0,0.16313369784324816,6
7450-NWRTR,Month-to-month,Fiber optic,Electronic check,12,12-24m,99.45,1200.15,3,1,0.8273892313940299,1
8124-NZVGJ,One year,DSL,Mailed check,6,6-12m,49.25,255.6,3,0,0.3539872986641486,4
2162-FRZAA,Two year,DSL,Bank transfer (automatic),63,48-72m,39.35,2395.05,3,0,0.012894291463227278,10
5376-DEQCP,Month-to-month,Fiber optic,Electronic check,1,0-6m,70.6,70.6,0,1,0.7055205962554616,1
5118-MUEYH,Month-to-month,Fiber optic,Credit card (automatic),48,48-72m,105.1,5083.55,4,0,0.3133492577448156,4
9095-HFAFX,Month-to-month,Fiber optic,Credit card (automatic),5,0-6m,81.0,389.6,1,1,0.6521122869617219,2
5627-TVBPP,One year,No,Credit card (automatic),35,24-48m,20.1,644.5,0,0,0.037780973471649604,8
2379-ENZGV,Month-to-month,Fiber optic,Electronic check,6,6-12m,84.85,523.5,2,1,0.72113382075934,1
3936-QQFLL,Month-to-month,No,Mailed check,2,0-6m,19.75,39.3,0,0,0.16290009220418195,6
2589-AYCRP,One year,No,Bank transfer (automatic),50,48-72m,19.75,989.05,0,0,0.018788021927812183,9
4067-HLYQI,Month-to-month,Fiber optic,Bank transfer (automatic),33,24-48m,70.4,2406.1,0,0,0.34657005456630535,4
5124-EOGYE,Two year,No,Mailed check,31,24-48m,20.45,638.55,0,0,0.01931252953762105,9
5057-RKGLH,Two year,No,Mailed check,9,6-12m,20.35,191.1,0,0,0.03209579671311745,9
0292-WEGCH,Month-to-month,DSL,Electronic check,54,48-72m,86.2,4524.05,5,0,0.16232323122891867,6
8910-ICHIU,One year,Fiber optic,Credit card (automatic),46,24-48m,95.65,4664.2,4,0,0.12732891139934252,6
4097-YODCF,One year,Fiber optic,Electronic check,34,24-48m,103.8,3470.8,4,0,0.3416634534999734,4
9715-WZCLW,Two year,Fiber optic,Electronic check,71,48-72m,97.2,6910.3,3,0,0.08010760811500733,7
9786-YWNHU,Two year,DSL,Mailed check,63,48-72m,63.55,4014.2,4,0,0.005643248525663496,10
6407-GSJNL,Two year,No,Bank transfer (automatic),51,48-72m,24.95,1288.0,0,0,0.013446766207976676,10
6005-OBZPH,Month-to-month,Fiber optic,Electronic check,26,24-48m,89.15,2277.65,2,1,0.6896940558035253,1
4049-ZPALD,Two year,Fiber optic,Bank transfer (automatic),64,48-72m,99.0,6375.8,4,0,0.0546865612676155,8
7932-WPTDS,Month-to-month,DSL,Electronic check,1,0-6m,24.8,24.8,0,1,0.6560921898535285,2
3733-UOCWF,One year,Fiber optic,Bank transfer (automatic),61,48-72m,85.55,5251.75,2,0,0.09099689537032475,7
6833-JMZYP,Month-to-month,Fiber optic,Credit card (automatic),15,12-24m,94.0,1505.45,3,0,0.6362145519697997,2
2722-VOJQL,One year,Fiber optic,Credit card (automatic),64,48-72m,105.65,6903.1,4,1,0.1224596075634041,6
1310-QRITU,Month-to-month,DSL,Electronic check,18,12-24m,50.3,913.3,0,0,0.43173434304277175,3
8961-QDZZJ,One year,Fiber optic,Electronic check,57,48-72m,95.0,5535.8,3,0,0.18885255916165472,5
9715-SBVSU,Two year,DSL,Bank transfer (automatic),14,12-24m,61.4,815.55,3,0,0.07594774633516481,7
8490-BXHEO,Month-to-month,Fiber optic,Credit card (automatic),18,12-24m,80.55,1411.65,1,0,0.576366570800789,2
7173-TETGO,Two year,Fiber optic,Bank transfer (automatic),72,72m+,78.5,5602.25,1,0,0.029899423237140947,9
7929-SKFGK,Two year,Fiber optic,Credit card (automatic),70,48-72m,114.3,8244.3,6,0,0.02827349297515685,9
2300-RQGOI,Two year,No,Mailed check,38,24-48m,20.05,741.5,0,0,0.015468700065158724,9
3563-SVYLG,Two year,DSL,Credit card (automatic),68,48-72m,62.65,4375.8,4,0,0.00501065091689078,10
5228-EXCET,Month-to-month,Fiber optic,Electronic check,13,12-24m,80.85,1008.7,1,1,0.6694585869881081,1
6435-VWCCY,Two year,Fiber optic,Credit card (automatic),65,48-72m,92.7,5968.4,3,0,0.06724155240661699,7
4998-IKFSE,Month-to-month,Fiber optic,Electronic check,30,24-48m,100.45,3096.9,3,0,0.5927151477277272,2
8630-QSGXK,Two year,DSL,Bank transfer (automatic),51,48-72m,75.2,3901.25,3,0,0.047680660314663545,8
2455-USLMV,Month-to-month,Fiber optic,Credit card (automatic),31,24-48m,84.75,2613.4,2,0,0.34792328532175826,4
7394-FKDNK,Month-to-month,Fiber optic,Electronic check,9,6-12m,89.45,853.1,2,1,0.6825784568110036,1
9488-FVZCC,Two year,DSL,Bank transfer (automatic),72,72m+,79.5,5661.7,5,0,0.009787550662909367,10
6331-LWDTQ,Month-to-month,DSL,Credit card (automatic),10,6-12m,72.15,794.25,2,1,0.522565242770073,3
5995-WWKKG,One year,No,Electronic check,37,24-48m,19.8,695.05,0,0,0.0608034807274036,8
1597-FZREH,Month-to-month,DSL,Electronic check,2,0-6m,76.4,160.8,4,1,0.444480956767769,3
7879-CGSFV,One year,Fiber optic,Mailed check,55,48-72m,100.9,5552.05,4,0,0.11965792114197638,6
9921-EZKBY,Month-to-month,Fiber optic,Bank transfer (automatic),33,24-48m,95.3,3275.15,3,0,0.34618523204068213,4
7432-FFVAR,One year,Fiber optic,Bank transfer (automatic),46,24-48m,90.95,4236.6,3,0,0.07594455962016484,7
7246-ZGQDF,Month-to-month,DSL,Electronic check,1,0-6m,54.5,54.5,2,0,0.23401581456185627,5
7000-WCEVQ,Month-to-month,DSL,Mailed check,20,12-24m,61.6,1174.35,1,1,0.41192665147918023,3
0727-IWKVK,Month-to-month,Fiber optic,Electronic check,9,6-12m,79.9,741.7,2,1,0.6076119968515976,2
5959-BELXA,Month-to-month,Fiber optic,Credit card (automatic),32,24-48m,96.15,3019.25,2,1,0.613645341874311,2
4456-RHSNB,Month-to-month,DSL,Bank transfer (automatic),19,12-24m,49.6,962.9,1,0,0.2208878177583641,5
3512-IZIKN,Two year,DSL,Credit card (automatic),70,48-72m,65.3,4759.75,3,1,0.007378962001495311,10
2481-SBOYW,Two year,No,Credit card (automatic),61,48-72m,25.0,1498.35,0,0,0.011994469070992454,10
7109-MFBYV,Month-to-month,DSL,Electronic check,26,24-48m,45.45,1233.15,0,0,0.2347158644452487,5
1833-TCXKK,Month-to-month,Fiber optic,Bank transfer (automatic),45,24-48m,107.75,4882.8,4,0,0.3926196832300782,3
1832-PEUTS,Two year,Fiber optic,Credit card (automatic),62,48-72m,89.1,5411.65,2,0,0.07600843650527954,7
6141-OOXUQ,Month-to-month,No,Mailed check,1,0-6m,19.65,19.65,0,1,0.1678780305982579,6
8660-BUETV,Month-to-month,DSL,Mailed check,3,0-6m,44.75,148.05,0,0,0.3032999028579142,4
0580-PIQHM,One year,Fiber optic,Bank transfer (automatic),41,24-48m,101.6,3930.55,4,0,0.14114159067519816,6
5696-CEIQJ,Two year,Fiber optic,Bank transfer (automatic),67,48-72m,103.15,6895.5,5,0,0.02928627816687178,9
7503-ZGUZJ,Month-to-month,Fiber optic,Mailed check,1,0-6m,84.65,84.65,1,1,0.7421129005954116,1
1696-HXOWK,One year,Fiber optic,Mailed check,71,48-72m,95.65,6856.95,3,0,0.05203129309338991,8
3026-ATZYV,One year,DSL,Bank transfer (automatic),37,24-48m,75.1,2658.8,4,0,0.057011998371296176,8
4012-YCFAI,Two year,DSL,Mailed check,60,48-72m,61.35,3766.2,3,0,0.009728674829043351,10
2506-TNFCO,Month-to-month,Fiber optic,Electronic check,1,0-6m,69.55,69.55,0,1,0.7389092407423262,1
9970-QBCDA,Month-to-month,No,Credit card (automatic),6,6-12m,19.7,129.55,0,0,0.14890048400457595,6
8718-PTMEZ,Month-to-month,DSL,Electronic check,13,12-24m,31.05,347.25,1,1,0.4961792222622345,3
9496-IVVRP,Month-to-month,DSL,Bank transfer (automatic),11,6-12m,51.0,581.7,1,0,0.15280552161452313,6
2207-OBZNX,Month-to-month,DSL,Mailed check,7,6-12m,51.0,354.05,1,1,0.26596512187201893,5
2657-VPXTA,Month-to-month,Fiber optic,Electronic check,10,6-12m,88.85,929.45,2,0,0.720311242595769,1
6551-VLJMV,Two year,No,Credit card (automatic),34,24-48m,20.05,679.0,0,0,0.016841838059030455,9
1221-GHZEP,Two year,DSL,Mailed check,62,48-72m,65.1,3846.75,3,0,0.013966419047084306,10
9289-LBQVU,One year,DSL,Mailed check,64,48-72m,70.15,4480.7,3,0,0.03754831379695761,8
6142-VSJQO,Month-to-month,DSL,Bank transfer (automatic),1,0-6m,44.35,44.35,0,1,0.348479552164661,4
3458-IDMFK,Two year,No,Mailed check,25,24-48m,20.75,499.4,0,0,0.03270683541695793,9
6933-FHBZC,One year,DSL,Mailed check,26,24-48m,56.05,1553.2,2,0,0.10828551541862028,7
0221-NAUXK,One year,No,Bank transfer (automatic),10,6-12m,19.95,219.5,0,0,0.08203075342545829,7
9770-KXGQU,One year,Fiber optic,Mailed check,53,48-72m,98.6,5311.85,4,0,0.10017515636585103,7
6437-UKHMV,Month-to-month,Fiber optic,Electronic check,7,6-12m,79.7,586.05,1,1,0.7322590733164807,1
6538-POCHL,Month-to-month,Fiber optic,Credit card (automatic),33,24-48m,79.0,2576.8,2,0,0.33469988618785335,4
6726-NNFWD,Two year,Fiber optic,Credit card (automatic),71,48-72m,89.45,6435.25,3,0,0.03778104624522905,8
3002-WQZWT,Month-to-month,Fiber optic,Electronic check,29,24-48m,74.2,1993.25,0,0,0.5631197712565738,2
4277-UDIEF,Month-to-month,DSL,Bank transfer (automatic),24,24-48m,81.0,1923.85,4,0,0.1591737063944978,6
1208-NBVFH,Month-to-month,DSL,Electronic check,20,12-24m,49.6,939.8,1,0,0.29773493839864407,4
4912-PIGUY,Month-to-month,Fiber optic,Electronic check,1,0-6m,84.6,84.6,1,0,0.8173870206044018,1
1114-CENIM,Month-to-month,DSL,Credit card (automatic),54,48-72m,55.0,3092.65,1,1,0.10669855356954688,7
6060-DRTNL,Month-to-month,Fiber optic,Mailed check,5,0-6m,84.85,415.55,2,1,0.6947421691944399,1
2725-TTRIQ,Two year,DSL,Bank transfer (automatic),72,72m+,84.2,5986.55,5,0,0.014614516671675407,10
3374-TTZTK,Two year,Fiber optic,Electronic check,52,48-72m,106.3,5487.0,6,0,0.08411548603952602,7
8990-ZXLSU,Month-to-month,Fiber optic,Electronic check,9,6-12m,69.05,651.5,0,0,0.5734860737724461,2
2275-RBYQS,Month-to-month,DSL,Mailed check,1,0-6m,45.4,45.4,0,0,0.39314738476296357,3
8473-VUVJN,Month-to-month,Fiber optic,Electronic check,1,0-6m,73.65,73.65,0,1,0.806196438515615,1
6289-CPNLD,One year,DSL,Mailed check,33,24-48m,73.9,2405.05,4,1,0.09709284084930003,7
5536-SLHPM,Month-to-month,Fiber optic,Electronic check,55,48-72m,77.75,4458.15,1,1,0.3353563716644052,4
4419-UJMUS,Two year,Fiber optic,Electronic check,69,48-72m,99.35,6856.45,3,0,0.08182808474918936,7
7794-JASDG,Month-to-month,DSL,Mailed check,1,0-6m,50.75,50.75,1,0,0.3084731120505086,4
7609-YBPXG,Two year,DSL,Bank transfer (automatic),54,48-72m,87.1,4735.2,5,0,0.021882226233326384,9
5519-TEEUH,One year,No,Mailed check,33,24-48m,20.15,682.15,0,0,0.03923034221622612,8
7856-GANIL,One year,Fiber optic,Bank transfer (automatic),45,24-48m,98.7,4525.8,4,0,0.19324917932377764,5
0804-XBFBV,Month-to-month,DSL,Electronic check,11,6-12m,25.2,321.05,0,0,0.4173106709866764,3
2676-OXPPQ,Month-to-month,DSL,Bank transfer (automatic),6,6-12m,55.7,335.65,2,0,0.25811052206264673,5
3703-TTEPD,Month-to-month,DSL,Bank transfer (automatic),21,12-24m,65.35,1424.4,3,0,0.17908491016816522,5
2799-TSLAG,Two year,No,Bank transfer (automatic),65,48-72m,25.3,1748.55,0,0,0.009465693175193588,10
0196-VULGZ,Month-to-month,Fiber optic,Electronic check,6,6-12m,84.35,474.9,1,1,0.8033016284275467,1
8837-VVWLQ,Month-to-month,Fiber optic,Electronic check,8,6-12m,84.95,668.4,2,1,0.5635935319629694,2
2696-NARTR,Month-to-month,Fiber optic,Electronic check,11,6-12m,73.85,926.25,1,1,0.5554539919592445,2
2208-NKVVH,Two year,No,Mailed check,43,24-48m,24.25,1077.95,0,0,0.014267016965534887,10
7614-QVWQL,One year,DSL,Bank transfer (automatic),49,48-72m,51.8,2541.25,3,1,0.11342485361279064,7
1976-CFOCS,Month-to-month,DSL,Electronic check,1,0-6m,46.0,46.0,0,1,0.4469898438174067,3
4631-OACRM,Month-to-month,Fiber optic,Electronic check,15,12-24m,79.4,1156.1,1,1,0.7088432526153929,1
7139-JZFVG,Two year,DSL,Bank transfer (automatic),60,48-72m,60.5,3694.45,3,0,0.008522500987655179,10
4987-GQWPO,Month-to-month,DSL,Credit card (automatic),17,12-24m,25.1,382.8,0,0,0.3099324637374011,4
3755-JBMNH,Month-to-month,Fiber optic,Bank transfer (automatic),16,12-24m,71.8,1167.8,0,1,0.5112858307307468,3
1757-TCATG,One year,No,Bank transfer (automatic),35,24-48m,20.05,746.75,0,0,0.024610210161702086,9
6345-ULYRW,One year,Fiber optic,Mailed check,44,24-48m,88.4,3912.9,2,1,0.1932022806801797,5
4776-XSKYQ,One year,DSL,Credit card (automatic),12,12-24m,30.25,368.85,1,0,0.12758269942076214,6
8048-DSDFQ,Month-to-month,No,Mailed check,1,0-6m,20.2,20.2,0,0,0.16602774090742256,6
5753-QQWPW,One year,DSL,Electronic check,28,24-48m,59.9,1654.7,3,0,0.08273410726388306,7
6010-DDPPW,Two year,No,Bank transfer (automatic),70,48-72m,25.15,1940.85,0,0,0.006596060877318066,10
1809-DMJHQ,Month-to-month,DSL,Mailed check,5,0-6m,46.0,221.7,0,1,0.2543335875197936,5
6693-FRIRW,Month-to-month,Fiber optic,Credit card (automatic),18,12-24m,101.3,1794.65,4,0,0.49259974412975516,3
6586-MYGKD,Two year,DSL,Credit card (automatic),70,48-72m,76.95,5289.8,4,0,0.019892452382220874,9
3173-NVMPX,Month-to-month,DSL,Mailed check,9,6-12m,55.3,501.2,1,0,0.3273710133410143,4
0248-PGHBZ,Two year,Fiber optic,Bank transfer (automatic),67,48-72m,92.45,6140.85,4,0,0.036136707560417536,8
0623-GDISB,Month-to-month,DSL,Bank transfer (automatic),1,0-6m,48.45,48.45,1,0,0.3214498261390949,4
2892-GESUL,Two year,No,Mailed check,18,12-24m,19.35,309.25,0,0,0.024481909768766994,9
6923-EFPNL,Month-to-month,DSL,Credit card (automatic),4,0-6m,51.75,201.1,0,1,0.3547114262132273,4
7472-EQOAV,One year,Fiber optic,Bank transfer (automatic),71,48-72m,86.7,6179.35,3,0,0.04182507285997875,8
9574-RKJIF,Month-to-month,Fiber optic,Electronic check,30,24-48m,94.4,2838.7,3,1,0.46395319748169395,3
2043-WVTQJ,Month-to-month,DSL,Mailed check,1,0-6m,55.7,55.7,2,0,0.2226680851674039,5
8034-RYTVV,One year,Fiber optic,Credit card (automatic),55,48-72m,84.25,4589.85,2,0,0.10603882501848776,7
3863-QSTYI,Month-to-month,DSL,Electronic check,59,48-72m,64.65,3735.45,3,0,0.11979810426542284,6
2619-WFQWU,Month-to-month,Fiber optic,Mailed check,1,0-6m,70.15,70.15,0,1,0.6092253631025194,2
5044-LRQAQ,Month-to-month,Fiber optic,Bank transfer (automatic),7,6-12m,69.2,477.55,0,0,0.5484980183243902,2
1716-LSAMB,Two year,DSL,Bank transfer (automatic),45,24-48m,54.65,2553.7,2,0,0.011217880788181872,10
1333-PBMXB,One year,No,Bank transfer (automatic),54,48-72m,24.75,1342.15,0,0,0.02466489861382519,9
6546-OPBBH,One year,No,Mailed check,51,48-72m,23.95,1216.35,0,0,0.0276087309810206,9
5985-BEHZK,One year,Fiber optic,Credit card (automatic),72,72m+,105.0,7578.05,4,0,0.10970112506625387,7
9127-QRZMH,One year,DSL,Bank transfer (automatic),44,24-48m,59.85,2603.95,3,0,0.030649650712133138,9
5919-VCZYM,Month-to-month,No,Mailed check,2,0-6m,20.05,42.7,0,0,0.16191296261676044,6
9644-KVCNC,One year,Fiber optic,Bank transfer (automatic),66,48-72m,92.15,6056.9,2,0,0.12815926262348507,6
2137-DQMEV,One year,DSL,Mailed check,68,48-72m,44.8,2983.65,3,0,0.02649072068422976,9
8174-LNWMW,Two year,No,Credit card (automatic),31,24-48m,20.9,689.35,0,0,0.01961877982418804,9
9279-CJEOJ,Month-to-month,Fiber optic,Bank transfer (automatic),21,12-24m,95.4,2025.1,2,0,0.6960367741090313,1
7964-VEXDG,Month-to-month,Fiber optic,Electronic check,21,12-24m,80.35,1747.2,1,0,0.4104882971448247,3
2404-JIBFC,Two year,DSL,Bank transfer (automatic),55,48-72m,85.1,4657.95,5,0,0.025067318757019702,9
0778-NELLA,Month-to-month,DSL,Credit card (automatic),9,6-12m,34.7,296.1,1,1,0.5341631995244718,3
8029-XYPWT,Two year,Fiber optic,Bank transfer (automatic),71,48-72m,115.05,8016.6,6,0,0.04525476341630599,8
4614-NUVZD,Month-to-month,Fiber optic,Electronic check,1,0-6m,81.1,81.1,1,1,0.7509047869292859,1
4632-PAOYU,One year,No,Mailed check,22,12-24m,19.95,433.5,0,0,0.037529613741473046,8
3803-KMQFW,Month-to-month,No,Mailed check,1,0-6m,20.55,20.55,0,1,0.13657260665423696,6
6804-GDMOI,Two year,Fiber optic,Electronic check,61,48-72m,106.6,6428.4,4,1,0.11872377591235438,6
2990-OGYTD,Two year,DSL,Bank transfer (automatic),67,48-72m,86.15,5883.85,5,0,0.017796666417533854,9
6646-JPPHA,Month-to-month,Fiber optic,Electronic check,14,12-24m,78.85,1043.8,2,0,0.4745744179385013,3
9572-MTILT,Month-to-month,Fiber optic,Electronic check,59,48-72m,106.75,6252.9,5,1,0.1961541350977306,5
7658-UYUQS,Month-to-month,Fiber optic,Bank transfer (automatic),21,12-24m,86.55,1857.25,2,0,0.4567102868543548,3
7880-XSOJX,Month-to-month,DSL,Mailed check,4,0-6m,42.4,146.4,3,0,0.22214599065730106,5
9611-CTWIH,Month-to-month,Fiber optic,Electronic check,3,0-6m,89.45,240.45,2,1,0.8003618644758467,1
4589-IUAJB,Two year,No,Bank transfer (automatic),70,48-72m,24.25,1724.15,0,0,0.006740253540926025,10
0329-GTIAJ,Month-to-month,Fiber optic,Electronic check,3,0-6m,97.9,315.3,4,1,0.7277321513645973,1
8746-BFOAJ,One year,No,Bank transfer (automatic),21,12-24m,20.5,429.55,0,0,0.058320055565887395,8
8457-XIGKN,Month-to-month,No,Credit card (automatic),20,12-24m,19.6,356.15,0,0,0.13401502356622721,6
6072-NUQCB,One year,No,Bank transfer (automatic),22,12-24m,20.25,488.25,0,0,0.0374307342888506,8
6629-CZTTH,Month-to-month,DSL,Mailed check,1,0-6m,55.7,55.7,1,1,0.4502781704860027,3
8838-GPHZP,Two year,No,Mailed check,63,48-72m,20.6,1298.7,0,0,0.009360591838353048,10
8750-QWZAJ,Two year,No,Bank transfer (automatic),70,48-72m,19.8,1378.75,0,0,0.0043164241489394755,10
5364-EVNIB,Month-to-month,Fiber optic,Electronic check,13,12-24m,79.8,973.45,2,1,0.5939193121627241,2
6918-UMQCG,Month-to-month,Fiber optic,Electronic check,5,0-6m,80.2,384.25,1,0,0.6715822790688116,1
0675-NCDYU,Two year,Fiber optic,Credit card (automatic),72,72m+,116.4,8543.25,6,0,0.030597938726479697,9
6339-DKLMK,Month-to-month,DSL,Electronic check,13,12-24m,31.65,389.95,1,0,0.49255135430486446,3
1346-PJWTK,Month-to-month,Fiber optic,Credit card (automatic),61,48-72m,94.15,5731.85,4,0,0.10258646815339521,7
5088-QZLRL,Month-to-month,No,Electronic check,1,0-6m,20.65,20.65,0,0,0.23426636638260567,5
8023-QHAIO,Month-to-month,Fiber optic,Bank transfer (automatic),56,48-72m,76.85,4275.75,1,0,0.22278853157241044,5
4397-FRLTA,Month-to-month,No,Mailed check,4,0-6m,20.15,84.5,0,0,0.152674826600144,6
3057-VJJQE,Two year,DSL,Mailed check,35,24-48m,55.25,1924.1,1,0,0.035750240758118314,8
5087-SUURX,Month-to-month,DSL,Electronic check,18,12-24m,39.05,669.85,2,1,0.541214455304728,2
2302-OUZXB,Two year,DSL,Bank transfer (automatic),72,72m+,82.15,5784.3,4,0,0.020911091834202054,9
8133-ANHHJ,One year,Fiber optic,Bank transfer (automatic),49,48-72m,103.0,5166.2,5,0,0.09509445785601466,7
2270-CHBFN,Month-to-month,Fiber optic,Credit card (automatic),44,24-48m,95.1,4060.55,4,0,0.16909966508839736,6
0013-EXCHZ,Month-to-month,Fiber optic,Mailed check,3,0-6m,83.9,267.4,2,1,0.6233550223745079,2
5982-FPVQN,Month-to-month,Fiber optic,Electronic check,37,24-48m,95.15,3532.85,3,0,0.46824803366734863,3
9107-UKCKY,One year,DSL,Electronic check,61,48-72m,79.8,4914.8,4,0,0.11429197073764621,7
4654-ULTTN,Two year,DSL,Credit card (automatic),70,48-72m,74.8,5315.8,4,0,0.013362530221470511,10
5550-VFRLC,Month-to-month,Fiber optic,Electronic check,1,0-6m,69.85,69.85,0,1,0.7517788617992138,1
5546-BYZSM,Month-to-month,No,Electronic check,41,24-48m,20.45,775.6,0,0,0.07409778772610813,7
1492-KGETH,One year,DSL,Bank transfer (automatic),70,48-72m,78.35,5445.95,5,0,0.013681946438506759,10
4929-BSTRX,Month-to-month,DSL,Mailed check,1,0-6m,53.55,53.55,1,1,0.48079509225914097,3
4163-HFTUK,One year,No,Electronic check,51,48-72m,19.1,1007.8,0,0,0.028265150444438482,9
8215-NGSPE,Two year,No,Mailed check,42,24-48m,20.0,833.55,0,0,0.010897504353584858,10
2225-ZRGSG,Two year,Fiber optic,Bank transfer (automatic),70,48-72m,93.9,6579.05,4,1,0.014054414393535511,10
8859-YSTWS,One year,No,Bank transfer (automatic),48,48-72m,19.95,1004.5,0,0,0.019974649009267396,9
5271-YNWVR,Two year,Fiber optic,Electronic check,68,48-72m,113.15,7856.0,6,1,0.05578104336679149,8
7601-DHFWZ,Two year,No,Credit card (automatic),48,48-72m,24.0,1183.05,0,0,0.015532810568754574,9
2657-ALMWY,Month-to-month,Fiber optic,Electronic check,26,24-48m,84.95,2169.75,2,1,0.49982191987273955,3
6330-JKLPC,Month-to-month,Fiber optic,Bank transfer (automatic),11,6-12m,80.5,896.9,1,1,0.5574618803968528,2
4667-OHGKG,Month-to-month,No,Mailed check,1,0-6m,19.3,19.3,0,1,0.22333901939187445,5
1998-VHJHK,One year,No,Mailed check,27,24-48m,19.15,501.35,0,0,0.0402442990421676,8
1707-HABPF,One year,Fiber optic,Bank transfer (automatic),46,24-48m,91.3,4126.35,3,0,0.20069290108983412,5
1660-HSOOQ,Month-to-month,DSL,Mailed check,1,0-6m,49.65,49.65,1,1,0.3919666536876555,3
7253-UVNDW,Two year,DSL,Credit card (automatic),46,24-48m,54.35,2460.15,2,1,0.019459069866937347,9
0487-VVUVK,Month-to-month,No,Mailed check,25,24-48m,19.15,477.6,0,0,0.09349116523641277,7
7228-OMTPN,Month-to-month,Fiber optic,Electronic check,4,0-6m,88.45,370.65,2,1,0.7988464794790219,1
5063-IUOKK,Two year,No,Mailed check,13,12-24m,19.75,265.75,0,0,0.03540220393708733,8
4508-OEBEY,One year,DSL,Credit card (automatic),31,24-48m,75.5,2424.45,5,0,0.05780182496078544,8
0027-KWYKW,Month-to-month,Fiber optic,Electronic check,23,12-24m,83.75,1849.95,1,0,0.6358848658293748,2
2308-STERM,Month-to-month,No,Mailed check,2,0-6m,19.4,61.05,0,0,0.16405786293235206,6
5982-XMDEX,Two year,No,Bank transfer (automatic),65,48-72m,26.5,1698.55,0,0,0.008130111179032867,10
6284-AHOOQ,Month-to-month,Fiber optic,Bank transfer (automatic),22,12-24m,90.5,1910.6,2,1,0.5482878875010243,2
6051-PTVNS,One year,No,Credit card (automatic),55,48-72m,19.15,998.1,0,0,0.013276248287753561,10
2344-JMOGN,Month-to-month,Fiber optic,Mailed check,9,6-12m,94.85,890.6,4,1,0.48839468466476366,3
3799-ISUZQ,Month-to-month,Fiber optic,Bank transfer (automatic),7,6-12m,69.95,529.5,0,1,0.5074974385316398,3
2877-VDUER,One year,DSL,Mailed check,35,24-48m,40.9,1383.6,2,0,0.08117241194809892,7
9152-AMKAK,Two year,DSL,Mailed check,6,6-12m,80.25,493.4,5,0,0.11035906478652784,7
1794-HBQTJ,Month-to-month,DSL,Credit card (automatic),1,0-6m,48.6,48.6,1,1,0.3255611866939246,4
9432-VOFYX,Month-to-month,Fiber optic,Electronic check,17,12-24m,70.8,1207.0,0,0,0.5818934485172084,2
8049-WJCLQ,Month-to-month,DSL,Mailed check,10,6-12m,60.2,563.5,2,0,0.26694426419672157,5
6586-PSJOX,One year,DSL,Credit card (automatic),15,12-24m,55.2,864.55,2,0,0.07914414098960917,7
2460-FPSYH,Month-to-month,DSL,Electronic check,40,24-48m,55.8,2109.35,4,1,0.3747664281505166,4
9705-ZJBCG,One year,DSL,Bank transfer (automatic),13,12-24m,54.15,701.05,2,0,0.05730066099707735,8
4818-DRBQT,Month-to-month,Fiber optic,Bank transfer (automatic),29,24-48m,80.15,2265.25,1,1,0.4094361801533296,3
1320-HTRDR,Month-to-month,Fiber optic,Electronic check,3,0-6m,75.5,220.6,0,1,0.7497326555500979,1
6847-KJLTS,Month-to-month,Fiber optic,Bank transfer (automatic),58,48-72m,100.4,5749.8,3,0,0.2997797428677079,4
9670-BPNXF,One year,DSL,Credit card (automatic),45,24-48m,62.55,2796.45,3,0,0.030606015147458747,9
3913-FCUUW,Two year,DSL,Bank transfer (automatic),72,72m+,70.45,5165.7,4,0,0.007527778593951734,10
3301-VKTGC,One year,Fiber optic,Bank transfer (automatic),68,48-72m,85.5,5696.6,2,0,0.05183828693182646,8
1493-AMTIE,Month-to-month,No,Bank transfer (automatic),1,0-6m,20.2,20.2,0,1,0.22036040518328645,5
9555-SAHUZ,Month-to-month,DSL,Electronic check,38,24-48m,54.5,2076.05,2,0,0.0966575834263565,7
0816-TSPHQ,Month-to-month,No,Mailed check,2,0-6m,20.75,44.2,0,0,0.15962843360028534,6
9932-WBWIK,Month-to-month,No,Mailed check,11,6-12m,20.35,215.25,0,0,0.12410319058830101,6
4619-EVPHY,One year,Fiber optic,Bank transfer (automatic),20,12-24m,91.0,1859.5,2,0,0.44422286762345664,3
5286-YHCVC,Two year,Fiber optic,Bank transfer (automatic),72,72m+,104.8,7470.1,4,0,0.07100024496003143,7
6424-ELEYH,Month-to-month,Fiber optic,Credit card (automatic),3,0-6m,74.75,229.5,0,1,0.6517255397660059,2
4391-RESHN,Month-to-month,Fiber optic,Mailed check,23,12-24m,104.05,2470.1,4,1,0.5481334570933035,2
9115-YQHGA,Month-to-month,DSL,Electronic check,40,24-48m,51.1,2092.9,1,0,0.15715611693850548,6
4462-CYWMH,Month-to-month,Fiber optic,Bank transfer (automatic),62,48-72m,89.8,5629.55,2,0,0.26696263185374225,5
8963-MQVYN,Month-to-month,No,Electronic check,22,12-24m,20.55,469.85,0,0,0.15590299352683287,6
2458-EOMRE,Month-to-month,DSL,Bank transfer (automatic),11,6-12m,64.05,733.95,3,0,0.22699881089073706,5
9334-GWGOW,Month-to-month,Fiber optic,Electronic check,7,6-12m,74.85,485.25,0,0,0.7538972537097735,1
6821-BUXUX,Month-to-month,Fiber optic,Electronic check,13,12-24m,96.65,1244.5,3,1,0.6444343965345428,2
5028-HTLJB,Month-to-month,No,Mailed check,1,0-6m,20.05,20.05,0,1,0.19874393323405515,5
9801-GDWGV,Month-to-month,Fiber optic,Electronic check,39,24-48m,103.45,3994.45,4,1,0.5940386347433371,2
6542-LWGXJ,Month-to-month,DSL,Mailed check,3,0-6m,25.0,78.25,0,0,0.3943716562817094,3
5567-GZKQY,Two year,No,Credit card (automatic),58,48-72m,20.3,1131.5,0,0,0.008119079003185195,10
1222-LRYKO,Month-to-month,No,Mailed check,6,6-12m,26.35,184.05,0,0,0.15866031332787073,6
2320-JRSDE,Month-to-month,No,Electronic check,1,0-6m,19.9,19.9,0,1,0.2608001783994085,5
2087-QAREY,Month-to-month,DSL,Mailed check,22,12-24m,54.7,1178.75,2,0,0.21283132491277493,5
0601-WZHJF,Month-to-month,DSL,Electronic check,14,12-24m,46.35,667.7,2,1,0.5406910653370834,2
4423-JWZJN,One year,Fiber optic,Credit card (automatic),64,48-72m,90.25,5629.15,2,0,0.08167118509042207,7
5143-WMWOG,Month-to-month,No,Electronic check,1,0-6m,19.95,19.95,0,1,0.2373174286185956,5
6490-FGZAT,Month-to-month,No,Mailed check,6,6-12m,20.65,109.3,0,0,0.1426856213385295,6
5393-RXQSZ,Month-to-month,Fiber optic,Electronic check,1,0-6m,79.6,79.6,1,1,0.6886391712911838,1
7452-FOLON,One year,No,Bank transfer (automatic),39,24-48m,25.45,958.45,0,0,0.03045636137340241,9
2320-TZRRH,One year,No,Mailed check,20,12-24m,19.5,403.15,0,0,0.04998980393064489,8
0231-LXVAP,Month-to-month,Fiber optic,Electronic check,1,0-6m,75.9,75.9,1,1,0.6247141399335351,2
9444-JTXHZ,Month-to-month,Fiber optic,Electronic check,1,0-6m,76.2,76.2,1,1,0.6023068359105553,2
4942-VZZOM,One year,DSL,Credit card (automatic),64,48-72m,66.15,4392.5,2,0,0.043429032291050725,8
5510-BOIUJ,Month-to-month,No,Mailed check,1,0-6m,19.25,19.25,0,1,0.14962618976902453,6
7502-BNYGS,Month-to-month,DSL,Credit card (automatic),46,24-48m,69.1,3168.0,3,0,0.18293214067304647,5
4291-HYEBC,One year,DSL,Electronic check,28,24-48m,39.1,1096.6,2,0,0.27998251783094164,4
6147-CBCRA,Month-to-month,No,Mailed check,33,24-48m,20.05,669.45,0,0,0.05940328867713976,8
6047-SUHPR,One year,DSL,Electronic check,39,24-48m,59.8,2343.85,3,0,0.04710222658443906,8
4471-KXAUH,Month-to-month,Fiber optic,Electronic check,42,24-48m,84.3,3588.4,2,1,0.345017240039286,4
9752-ZNQUT,Month-to-month,DSL,Electronic check,1,0-6m,48.6,48.6,1,0,0.49098942826487413,3
7638-QVMVY,Month-to-month,Fiber optic,Electronic check,7,6-12m,79.0,522.95,1,1,0.7355656600385834,1
1576-PFZIW,Two year,Fiber optic,Credit card (automatic),70,48-72m,105.35,7511.9,5,0,0.03634194690200091,8
5666-MBJPT,Two year,No,Bank transfer (automatic),65,48-72m,25.1,1725.0,0,0,0.011841993098190819,10
7312-XSBAT,Month-to-month,DSL,Electronic check,1,0-6m,49.75,49.75,1,0,0.334369995202391,4
3096-GKWEB,Month-to-month,Fiber optic,Electronic check,18,12-24m,94.75,1691.9,2,0,0.7483573343951878,1
2371-JQHZZ,Month-to-month,Fiber optic,Electronic check,24,24-48m,93.0,2248.05,2,0,0.7171410967373826,1
0674-GCDXG,Two year,DSL,Bank transfer (automatic),63,48-72m,71.9,4479.2,4,0,0.019011435403106132,9
1121-QSIVB,One year,DSL,Mailed check,44,24-48m,77.55,3471.1,3,0,0.11598365974383568,6
4396-KLSEH,Month-to-month,No,Electronic check,4,0-6m,19.85,63.0,0,0,0.2849577573348212,4
3244-DCJWY,Month-to-month,Fiber optic,Electronic check,1,0-6m,70.25,70.25,0,1,0.7072764662356348,1
2824-MYYBN,Month-to-month,Fiber optic,Electronic check,37,24-48m,95.25,3314.15,2,0,0.5724928872766925,2
0875-CABNR,Month-to-month,Fiber optic,Credit card (automatic),10,6-12m,84.6,865.55,2,1,0.6494102820470267,2
6345-HOVES,Month-to-month,DSL,Bank transfer (automatic),34,24-48m,25.05,852.7,0,0,0.25967423018957436,5
8318-LCNBW,One year,DSL,Credit card (automatic),35,24-48m,53.15,1930.9,4,0,0.12177577494506556,6
6469-QJKZW,Month-to-month,No,Electronic check,4,0-6m,20.15,91.4,0,0,0.20614985670764902,5
0147-ESWWR,Month-to-month,Fiber optic,Electronic check,39,24-48m,101.25,3949.15,3,0,0.551419528711436,2
1217-VASWC,One year,Fiber optic,Bank transfer (automatic),43,24-48m,100.55,4304.0,4,0,0.25046199243411216,5
7812-FZHPE,Month-to-month,No,Mailed check,17,12-24m,24.1,409.9,0,1,0.11314773449976688,7
6370-ZVHDV,Two year,No,Bank transfer (automatic),61,48-72m,25.3,1554.9,0,0,0.008876094387673374,10
5915-DGNVC,One year,DSL,Electronic check,49,48-72m,71.8,3472.05,4,0,0.06949537044874303,7
6260-XLACS,One year,No,Mailed check,4,0-6m,19.7,117.8,0,0,0.08232613963086018,7
3566-CAAYU,Two year,DSL,Electronic check,64,48-72m,49.85,3210.35,4,0,0.02398889626947982,9
4983-CCWMC,Month-to-month,Fiber optic,Mailed check,3,0-6m,69.6,207.4,0,0,0.5962992875531539,2
9103-CXVOK,Month-to-month,No,Electronic check,1,0-6m,19.75,19.75,0,0,0.2003437110544078,5
2896-TBNBE,One year,Fiber optic,Electronic check,40,24-48m,80.8,3132.75,2,0,0.1568650612297567,6
4797-AXPXK,Month-to-month,DSL,Electronic check,1,0-6m,60.0,60.0,3,1,0.28131566677088116,4
5229-PRWKT,Month-to-month,Fiber optic,Electronic check,8,6-12m,86.55,649.65,1,1,0.7586640553907732,1
6982-UQZLY,Month-to-month,No,Mailed check,1,0-6m,20.85,20.85,0,1,0.24183887225643472,5
2522-WLNSF,One year,DSL,Bank transfer (automatic),34,24-48m,64.2,2106.3,3,0,0.07646406874007838,7
3841-CONLJ,Month-to-month,DSL,Electronic check,1,0-6m,35.0,35.0,1,0,0.5794912914916385,2
5057-LCOUI,Month-to-month,DSL,Electronic check,39,24-48m,50.75,2011.4,3,1,0.43399396096553355,3
0193-ESZXP,One year,Fiber optic,Credit card (automatic),58,48-72m,105.5,6205.5,5,1,0.09315657125596886,7
4475-NVTLU,Two year,No,Electronic check,45,24-48m,19.2,903.7,0,0,0.01553050628561259,9
4369-HTUIF,Month-to-month,Fiber optic,Bank transfer (automatic),6,6-12m,85.15,503.6,2,1,0.6093046901465734,2
9386-LDCZR,One year,Fiber optic,Credit card (automatic),43,24-48m,90.65,3882.3,4,0,0.07633589727090402,7
9585-KKMFD,Two year,No,Mailed check,41,24-48m,20.0,879.8,0,0,0.01584926570927151,9
5399-ZIMKF,Month-to-month,Fiber optic,Electronic check,5,0-6m,74.65,383.65,1,0,0.66286373910021,2
0336-KXKFK,Two year,DSL,Credit card (automatic),72,72m+,61.2,4390.25,5,0,0.021457439755620696,9
5619-XZZKR,One year,No,Mailed check,4,0-6m,19.95,68.2,0,0,0.08187043175742881,7
3948-FVVRP,Month-to-month,DSL,Mailed check,9,6-12m,54.8,452.8,2,0,0.15457436431052082,6
5327-XOKKY,Two year,DSL,Credit card (automatic),72,72m+,73.45,5329.0,3,0,0.04368120232113348,8
0983-TATYJ,One year,DSL,Mailed check,33,24-48m,51.45,1758.9,1,0,0.06438182568293382,7
1813-JYWTO,Two year,Fiber optic,Bank transfer (automatic),72,72m+,80.45,5737.6,1,0,0.02313543489504497,9
0156-FVPTA,Month-to-month,DSL,Electronic check,22,12-24m,54.2,1152.7,2,1,0.18728874221293834,5
1984-FCOWB,One year,Fiber optic,Electronic check,70,48-72m,109.5,7674.55,5,1,0.1384835985347589,6
0654-HMSHN,Month-to-month,Fiber optic,Electronic check,21,12-24m,104.4,2157.95,4,1,0.597686084750719,2
6719-OXYBR,Month-to-month,Fiber optic,Electronic check,15,12-24m,85.3,1219.85,2,0,0.5874361848860457,2
3312-ZWLGF,Month-to-month,Fiber optic,Electronic check,29,24-48m,79.3,2414.55,1,0,0.5089320489647576,3
6476-YHMGA,Month-to-month,DSL,Bank transfer (automatic),15,12-24m,76.5,1155.6,5,0,0.2166171505544179,5
5287-QWLKY,Month-to-month,Fiber optic,Credit card (automatic),71,48-72m,105.1,7548.1,4,1,0.18295996774258744,5
0795-XCCTE,Two year,No,Bank transfer (automatic),72,72m+,25.4,1809.35,0,0,0.008189503158668822,10
0168-XZKBB,Month-to-month,Fiber optic,Electronic check,19,12-24m,86.85,1564.4,1,0,0.6821383568648385,1
3785-NRHYR,Month-to-month,No,Mailed check,1,0-6m,19.65,19.65,0,0,0.1678780305982579,6
5196-SGOAK,Month-to-month,Fiber optic,Electronic check,1,0-6m,75.7,75.7,1,1,0.6868144552817128,1
4537-DKTAL,Month-to-month,DSL,Electronic check,2,0-6m,45.55,84.4,0,0,0.4069029617538099,3
7072-MBHEV,Month-to-month,Fiber optic,Credit card (automatic),11,6-12m,78.1,864.85,1,0,0.6092273343287529,2
5602-BVFMK,One year,No,Mailed check,12,12-24m,19.3,228.75,0,0,0.06472779972582933,7
6297-NOOPG,Two year,Fiber optic,Electronic check,70,48-72m,110.5,7752.05,5,0,0.08003362100407475,7
1891-UAWWU,Month-to-month,Fiber optic,Electronic check,20,12-24m,90.8,1951.0,2,1,0.6462433111183716,2
8204-TIFGJ,Month-to-month,No,Bank transfer (automatic),23,12-24m,20.3,470.6,0,0,0.11855338467267251,6
8050-DVOJX,Two year,DSL,Credit card (automatic),49,48-72m,81.35,4060.9,5,0,0.02245680757014427,9
6108-OQZDQ,Month-to-month,Fiber optic,Electronic check,4,0-6m,97.95,384.5,3,1,0.7976944773122456,1
0363-QJVFX,Month-to-month,Fiber optic,Credit card (automatic),32,24-48m,108.15,3432.9,5,1,0.380216639115396,4
8903-XEBGX,Month-to-month,DSL,Electronic check,2,0-6m,55.3,108.65,1,0,0.5176344673842345,3
8169-SAEJD,Two year,DSL,Credit card (automatic),69,48-72m,56.55,3952.65,4,0,0.02562111767104742,9
9840-DVNDC,Month-to-month,Fiber optic,Credit card (automatic),6,6-12m,80.5,463.05,1,1,0.6472071499819505,2
1089-XZWHH,Two year,No,Mailed check,24,24-48m,19.7,494.05,0,0,0.027938456280770668,9
2325-WINES,One year,Fiber optic,Credit card (automatic),32,24-48m,104.05,3416.85,4,0,0.3728072221734347,4
6064-ZATLR,Two year,DSL,Bank transfer (automatic),27,24-48m,52.85,1498.65,2,0,0.03430926901026421,8
3096-JRDSO,Month-to-month,Fiber optic,Bank transfer (automatic),27,24-48m,104.3,2867.75,4,1,0.46420909548905404,3
7824-PANSQ,Month-to-month,Fiber optic,Bank transfer (automatic),58,48-72m,80.65,4807.35,1,0,0.1305796208482148,6
8042-JVNFH,Month-to-month,Fiber optic,Mailed check,1,0-6m,71.35,71.35,0,1,0.6022934776233466,2
9648-BCHKM,Two year,No,Credit card (automatic),18,12-24m,24.65,471.35,0,0,0.046042034600552326,8
2888-ADFAO,Two year,No,Bank transfer (automatic),47,24-48m,21.3,1041.8,0,0,0.012648811296433504,10
8707-HOEDG,Two year,Fiber optic,Electronic check,70,48-72m,110.2,7689.8,5,0,0.07036449302632111,7
3374-LXDEV,Month-to-month,Fiber optic,Electronic check,13,12-24m,89.4,1132.35,3,1,0.4938439108952127,3
4072-IPYLT,Month-to-month,DSL,Credit card (automatic),36,24-48m,51.05,1815.0,1,0,0.07359651656798802,7
7167-PCEYD,Two year,No,Mailed check,67,48-72m,19.8,1311.3,0,0,0.00835027538327226,10
4936-YPJNK,Month-to-month,No,Mailed check,10,6-12m,19.9,199.45,0,0,0.17312472308455495,6
1580-BMCMR,Month-to-month,Fiber optic,Electronic check,19,12-24m,87.3,1637.3,2,0,0.579407185291306,2
4817-KEQSP,Two year,No,Bank transfer (automatic),71,48-72m,19.85,1326.35,0,0,0.00416918098313898,10
6408-WHTEF,Two year,DSL,Mailed check,72,72m+,89.4,6376.55,6,0,0.013302509471014337,10
9251-AWQGT,Two year,No,Mailed check,48,48-72m,20.0,935.9,0,0,0.008923168794850313,10
8749-CLJXC,Month-to-month,No,Mailed check,1,0-6m,20.05,20.05,0,0,0.16653073965770537,6
7989-VCQOH,Month-to-month,DSL,Electronic check,18,12-24m,83.25,1611.15,5,0,0.19903681407141782,5
5049-GLYVG,Month-to-month,No,Mailed check,1,0-6m,20.6,20.6,0,1,0.16469236035005064,6
4199-QHJNM,Two year,Fiber optic,Bank transfer (automatic),67,48-72m,102.9,6989.7,4,0,0.05621499673216294,8
8882-TLVRW,Two year,DSL,Mailed check,69,48-72m,39.1,2779.5,3,0,0.008026100970766904,10
5883-GTGVD,Month-to-month,Fiber optic,Electronic check,19,12-24m,99.95,1931.75,3,1,0.7389308035747227,1
5135-GRQJV,Two year,Fiber optic,Mailed check,72,72m+,114.5,8331.95,6,0,0.04419278984021632,8
2384-OVPSA,Two year,No,Mailed check,38,24-48m,20.2,735.9,0,0,0.019063693869301325,9
1371-WEPDS,One year,DSL,Electronic check,40,24-48m,55.8,2283.3,1,0,0.12061122689669729,6
3580-GICBM,Two year,No,Mailed check,61,48-72m,24.2,1445.2,0,0,0.011053491585204115,10
4817-QRJSX,Month-to-month,Fiber optic,Credit card (automatic),10,6-12m,81.0,818.05,1,1,0.5865947307872692,2
9730-DRTMJ,One year,DSL,Credit card (automatic),32,24-48m,72.8,2333.05,3,0,0.08223755174394314,7
4686-UXDML,Month-to-month,Fiber optic,Credit card (automatic),21,12-24m,99.85,1992.55,3,0,0.6368969685942285,2
3349-ANQNH,One year,Fiber optic,Electronic check,59,48-72m,99.5,5890.0,3,0,0.32659948580161957,4
2398-YPMUR,Month-to-month,Fiber optic,Electronic check,13,12-24m,70.15,916.75,0,1,0.6506823930279794,2
0932-YIXYU,Two year,No,Credit card (automatic),47,24-48m,20.25,1029.8,0,0,0.01172694935252864,10
7480-SPLEF,Two year,No,Bank transfer (automatic),69,48-72m,26.0,1796.55,0,0,0.008145690031785911,10
7636-XUHWW,Month-to-month,No,Credit card (automatic),2,0-6m,19.9,33.7,0,0,0.21967830818936412,5
1431-CYWMH,Month-to-month,No,Bank transfer (automatic),22,12-24m,19.05,454.05,0,0,0.07517242066108322,7
5937-EORGB,Month-to-month,Fiber optic,Electronic check,15,12-24m,96.5,1392.25,3,0,0.6759294329786646,1
6349-JDHQP,Two year,No,Credit card (automatic),53,48-72m,19.85,1049.6,0,0,0.009696267704213656,10
5539-HIVAK,Month-to-month,No,Mailed check,28,24-48m,25.7,734.6,0,0,0.10860501103350309,7
5847-MXBEO,One year,No,Mailed check,22,12-24m,20.3,475.1,0,0,0.04603183478353758,8
9985-MWVIX,Month-to-month,Fiber optic,Mailed check,1,0-6m,70.15,70.15,0,1,0.6092253631025194,2
4583-PARNH,Month-to-month,Fiber optic,Electronic check,16,12-24m,91.55,1540.05,3,0,0.5863971379945493,2
1116-FRYVH,Two year,DSL,Mailed check,48,48-72m,39.4,1978.65,3,0,0.015058609220134944,9
1421-HCERK,Month-to-month,Fiber optic,Bank transfer (automatic),30,24-48m,105.7,3181.8,5,0,0.3477019366061086,4
9633-XQABV,Month-to-month,Fiber optic,Electronic check,3,0-6m,70.25,229.7,0,0,0.6931528464718157,1
0716-BQNDX,Two year,Fiber optic,Electronic check,57,48-72m,93.75,5625.55,3,0,0.07011931895739362,7
1265-XTECC,One year,Fiber optic,Credit card (automatic),68,48-72m,96.55,6581.9,3,1,0.09072251570318222,7
1183-CANVH,One year,DSL,Bank transfer (automatic),23,12-24m,60.0,1347.15,2,0,0.08836265959547858,7
1972-XMUWV,Two year,DSL,Credit card (automatic),65,48-72m,59.8,3808.2,2,0,0.018642833608090437,9
8679-LZBMD,One year,Fiber optic,Bank transfer (automatic),44,24-48m,90.65,3974.15,2,0,0.22455167388731673,5
3407-JMJQQ,Two year,Fiber optic,Bank transfer (automatic),71,48-72m,109.0,7661.8,5,0,0.04610651047911636,8
6252-DFGTK,One year,DSL,Credit card (automatic),37,24-48m,68.1,2479.25,3,0,0.03663728083747172,8
1539-LNKHM,Month-to-month,No,Mailed check,12,12-24m,20.4,266.6,0,0,0.12036370764683062,6
8645-KOMJQ,Two year,DSL,Bank transfer (automatic),69,48-72m,81.95,5601.4,5,0,0.02237911389781158,9
0289-IVARM,Month-to-month,DSL,Electronic check,35,24-48m,60.55,1982.6,3,0,0.12336553742482684,6
9761-XUJWD,Month-to-month,DSL,Bank transfer (automatic),5,0-6m,65.6,339.9,3,0,0.31645739089722313,4
4057-FKCZK,Two year,Fiber optic,Bank transfer (automatic),58,48-72m,82.5,4828.05,1,0,0.0647757314855251,7
4291-TPNFG,Two year,DSL,Bank transfer (automatic),72,72m+,82.3,5980.55,5,0,0.01058090329807555,10
6087-YPWHO,Two year,DSL,Mailed check,72,72m+,68.15,4808.7,4,0,0.00649651208331928,10
3090-QFUVD,Month-to-month,No,Credit card (automatic),1,0-6m,20.3,20.3,0,0,0.1694495254539454,6
2237-ZFSMY,One year,Fiber optic,Electronic check,39,24-48m,95.55,3692.85,4,1,0.1759482213800418,6
1722-LDZJS,One year,No,Credit card (automatic),53,48-72m,20.2,1068.15,0,0,0.013836397138594914,10
1818-ESQMW,Month-to-month,Fiber optic,Electronic check,27,24-48m,89.2,2383.6,3,0,0.47368582809395277,3
4871-JTKJF,Month-to-month,Fiber optic,Electronic check,1,0-6m,69.65,69.65,0,1,0.752680529740192,1
1415-YFWLT,Month-to-month,Fiber optic,Electronic check,1,0-6m,89.3,89.3,2,1,0.8423385113387368,1
7401-RUBNK,Month-to-month,Fiber optic,Electronic check,18,12-24m,74.8,1438.05,1,0,0.3858856828452774,4
0506-YLVKJ,Two year,No,Mailed check,46,24-48m,20.2,917.45,0,0,0.013364162396483515,10
8661-BOYNW,Two year,DSL,Credit card (automatic),72,72m+,84.4,6096.45,5,0,0.017175097889032803,9
6711-VTNRE,Month-to-month,Fiber optic,Electronic check,36,24-48m,87.55,3078.1,3,1,0.4089621631186101,3
4815-GBTCD,Month-to-month,DSL,Electronic check,4,0-6m,25.15,99.95,0,0,0.579389955641361,2
2805-AUFQN,Two year,No,Credit card (automatic),25,24-48m,19.8,475.2,0,0,0.02453126698467021,9
0980-PVMRC,Month-to-month,DSL,Electronic check,40,24-48m,50.85,2036.55,3,0,0.35752387153058773,4
7233-DRTRF,Month-to-month,Fiber optic,Electronic check,63,48-72m,102.4,6444.05,4,0,0.3830803170465201,4
3500-RMZLT,Month-to-month,Fiber optic,Mailed check,15,12-24m,96.3,1426.75,4,1,0.4154698589913774,3
3873-NFTGI,Month-to-month,DSL,Credit card (automatic),14,12-24m,55.5,767.55,1,0,0.34418585756606485,4
1162-ECVII,Two year,Fiber optic,Bank transfer (automatic),72,72m+,109.75,7932.5,5,0,0.06233754029673129,7
7048-GXDAY,Month-to-month,Fiber optic,Electronic check,39,24-48m,106.4,4040.65,4,0,0.49193129672312996,3
8571-ZCMCX,Two year,DSL,Credit card (automatic),47,24-48m,60.0,2768.65,5,0,0.05212734620696238,8
1169-WCVAK,Month-to-month,Fiber optic,Credit card (automatic),19,12-24m,88.8,1672.35,3,0,0.33262654721892737,4
4548-SDBKE,Month-to-month,Fiber optic,Electronic check,5,0-6m,85.2,474.8,1,1,0.7940717068026094,1
8066-POXGX,Month-to-month,DSL,Electronic check,13,12-24m,35.1,446.1,1,1,0.5831084282106526,2
7129-CAKJW,Month-to-month,Fiber optic,Bank transfer (automatic),17,12-24m,80.05,1345.65,1,0,0.45808158683209826,3
8695-ARGXZ,Month-to-month,Fiber optic,Electronic check,34,24-48m,75.55,2425.4,0,0,0.5483804604109453,2
3570-YUEKJ,Month-to-month,DSL,Electronic check,42,24-48m,49.55,2077.95,1,0,0.1917751060432481,5
4143-OOBWZ,Month-to-month,Fiber optic,Electronic check,5,0-6m,81.3,416.3,1,1,0.7004479864789854,1
1555-HAPSU,Two year,No,Credit card (automatic),71,48-72m,23.9,1663.5,0,0,0.005811257576515946,10
1697-NVVGY,Month-to-month,DSL,Bank transfer (automatic),19,12-24m,66.4,1286.05,3,0,0.20759491401260752,5
7854-EKTJL,Month-to-month,No,Electronic check,2,0-6m,19.6,35.85,0,1,0.27029402076010184,4
8464-EETCQ,Two year,No,Credit card (automatic),57,48-72m,18.8,1094.35,0,0,0.008702047881586475,10
2419-FSORS,Two year,Fiber optic,Electronic check,72,72m+,108.4,7719.5,5,0,0.07882747431316255,7
8132-YPVBX,Month-to-month,Fiber optic,Mailed check,6,6-12m,85.95,514.6,2,0,0.6016265497736163,2
9102-IAYHT,Month-to-month,Fiber optic,Electronic check,17,12-24m,85.45,1451.6,1,1,0.6564738921140834,2
6754-LZUKA,Two year,DSL,Bank transfer (automatic),61,48-72m,80.9,4932.5,4,0,0.03088839894124322,9
3422-LYEPQ,Month-to-month,Fiber optic,Electronic check,1,0-6m,71.0,71.0,0,1,0.6553204670687178,2
8099-MZPUJ,Two year,Fiber optic,Credit card (automatic),48,48-72m,111.8,5443.65,6,0,0.053003743167525944,8
0787-LHDYT,Month-to-month,No,Credit card (automatic),16,12-24m,20.6,330.25,0,0,0.14735230400373317,6
2642-DTVCO,Month-to-month,Fiber optic,Electronic check,9,6-12m,85.05,746.5,1,1,0.7964511892719397,1
0374-IOEGQ,Month-to-month,DSL,Electronic check,3,0-6m,44.6,122.7,0,0,0.404331334848378,3
4361-JEIVL,Month-to-month,DSL,Electronic check,1,0-6m,44.4,44.4,0,1,0.4710753550250761,3
3197-NNYNB,Two year,Fiber optic,Credit card (automatic),65,48-72m,105.1,6631.85,4,0,0.06967875743107835,7
3396-DKDEL,Two year,Fiber optic,Credit card (automatic),70,48-72m,115.15,8250.0,6,0,0.03362707249643672,8
1752-OZXFY,One year,DSL,Mailed check,60,48-72m,59.8,3561.15,2,0,0.03767878256712215,8
9066-QRSDU,One year,No,Electronic check,69,48-72m,26.3,1763.55,0,0,0.025653781574034334,9
9112-WSNPU,Month-to-month,Fiber optic,Electronic check,35,24-48m,70.55,2419.0,0,0,0.4016149597066433,3
9867-NNXLC,Month-to-month,No,Mailed check,22,12-24m,20.05,470.2,0,0,0.12227899704804568,6
5321-NTRKC,Two year,DSL,Bank transfer (automatic),66,48-72m,79.85,5234.95,4,0,0.02330966619044236,9
1363-TXLSL,Month-to-month,Fiber optic,Electronic check,1,0-6m,70.3,70.3,0,1,0.7353941576248614,1
9507-EXLTT,Month-to-month,Fiber optic,Bank transfer (automatic),1,0-6m,79.35,79.35,1,1,0.6693721351466548,1
3161-GETRM,Month-to-month,Fiber optic,Credit card (automatic),34,24-48m,90.05,3097.0,2,0,0.41304145166322526,3
0402-OAMEN,Two year,No,Bank transfer (automatic),72,72m+,24.45,1709.1,0,0,0.005423935638779371,10
6933-VLYFX,One year,DSL,Electronic check,31,24-48m,59.95,1848.8,5,0,0.12191854407430519,6
6754-WKSHP,One year,No,Bank transfer (automatic),30,24-48m,25.35,723.3,0,0,0.04088308613811077,8
9846-GKXAS,Month-to-month,Fiber optic,Bank transfer (automatic),9,6-12m,90.8,809.75,2,1,0.6721635327058175,1
6017-PPLPX,Month-to-month,Fiber optic,Electronic check,20,12-24m,70.45,1470.95,0,1,0.5041340969368653,3
4976-LNFVV,Month-to-month,DSL,Credit card (automatic),19,12-24m,34.3,577.15,2,0,0.38452979945902815,4
5055-MGMGF,Month-to-month,Fiber optic,Electronic check,65,48-72m,105.05,6914.95,4,0,0.29182284192376107,4
4641-FROLU,Two year,No,Mailed check,30,24-48m,19.3,602.9,0,0,0.016502903749180307,9
2862-JVEOY,One year,No,Mailed check,6,6-12m,19.15,124.4,0,0,0.07833829257169665,7
2969-QWUBZ,Month-to-month,DSL,Electronic check,2,0-6m,51.4,96.8,3,0,0.6352256486982106,2
9822-BIIGN,Month-to-month,DSL,Electronic check,53,48-72m,71.85,3827.9,3,0,0.0732950068083827,7
2077-MPJQO,Month-to-month,Fiber optic,Electronic check,7,6-12m,75.4,533.05,0,0,0.7514205638936333,1
1534-OULXE,One year,DSL,Bank transfer (automatic),61,48-72m,49.7,2961.4,1,0,0.0235240422756723,9
7136-RVDTZ,One year,DSL,Electronic check,70,48-72m,45.25,3264.45,2,1,0.1461119456457953,6
2971-SGAFL,Month-to-month,DSL,Electronic check,13,12-24m,78.75,995.35,4,0,0.5243450975864533,3
1480-IVEVR,One year,Fiber optic,Bank transfer (automatic),35,24-48m,81.6,2815.25,1,0,0.2626361654234598,5
2905-KFQUV,Month-to-month,Fiber optic,Credit card (automatic),2,0-6m,70.4,154.8,0,0,0.5881257147697831,2
4581-SSPWD,Month-to-month,Fiber optic,Electronic check,3,0-6m,75.8,246.3,0,1,0.7483685907784824,1
3370-HXOPH,Month-to-month,Fiber optic,Electronic check,3,0-6m,76.1,257.6,0,0,0.6762763229905971,1
9391-YZEJW,One year,Fiber optic,Bank transfer (automatic),62,48-72m,94.0,5757.2,2,0,0.1912901599993474,5
9958-MEKUC,Two year,Fiber optic,Credit card (automatic),72,72m+,103.95,7517.7,5,0,0.017041081637169407,9
0281-CNTZX,Two year,No,Bank transfer (automatic),63,48-72m,19.95,1234.8,0,0,0.008865566584395489,10
6927-WTFIV,Month-to-month,Fiber optic,Credit card (automatic),20,12-24m,71.3,1389.2,0,1,0.4192593534354628,3
4118-CEVPF,One year,Fiber optic,Bank transfer (automatic),35,24-48m,110.8,3836.3,6,0,0.25535709225084047,5
3398-ZOUAA,Month-to-month,Fiber optic,Electronic check,21,12-24m,69.1,1474.75,0,1,0.5934556529432448,2
9114-VEPUF,One year,Fiber optic,Electronic check,62,48-72m,96.1,6001.45,3,0,0.09615690781676543,7
7876-BEUTG,Month-to-month,DSL,Mailed check,15,12-24m,48.8,720.1,0,0,0.35936726979106726,4
2338-BQEZT,Month-to-month,DSL,Credit card (automatic),55,48-72m,50.55,2832.75,1,0,0.06962979720857869,7
9873-MNDKV,Month-to-month,DSL,Mailed check,11,6-12m,44.65,472.25,0,0,0.32029401640998817,4
0378-NHQXU,Month-to-month,Fiber optic,Electronic check,17,12-24m,88.25,1460.65,2,1,0.5992793335154107,2
8241-JUIQO,One year,No,Bank transfer (automatic),61,48-72m,19.45,1336.35,0,0,0.013145803618513871,10
2194-IIQOF,Two year,DSL,Credit card (automatic),71,48-72m,89.3,6388.65,6,0,0.011624966067123247,10
4512-ZUIYL,Month-to-month,Fiber optic,Bank transfer (automatic),2,0-6m,70.0,153.05,0,1,0.5181403094759801,3
9631-RXVJM,Two year,No,Mailed check,35,24-48m,19.25,677.9,0,0,0.017411534358812323,9
9584-EXCDZ,Month-to-month,Fiber optic,Bank transfer (automatic),17,12-24m,70.5,1165.6,0,0,0.39074224088430687,3
7969-AULMZ,Month-to-month,Fiber optic,Electronic check,21,12-24m,97.35,2119.5,2,1,0.731277283318191,1
5093-FEGLU,Two year,No,Bank transfer (automatic),47,24-48m,19.65,921.55,0,0,0.010803287705838376,10
2621-UDNLU,Month-to-month,No,Mailed check,3,0-6m,20.85,72.0,0,0,0.145277370937265,6
7526-IVLYU,Month-to-month,No,Mailed check,3,0-6m,19.65,68.35,0,0,0.21047386481956382,5
2428-HYUNX,Two year,No,Credit card (automatic),44,24-48m,19.35,847.25,0,0,0.02136892053395943,9
9214-EKVXR,Month-to-month,DSL,Mailed check,1,0-6m,44.0,44.0,0,0,0.4012554387543035,3
3410-MHHUM,One year,Fiber optic,Electronic check,44,24-48m,94.4,4295.35,3,0,0.1980087386741385,5
0568-ONFPC,Month-to-month,No,Bank transfer (automatic),5,0-6m,25.9,135.0,0,1,0.2061496272148864,5
0733-VUNUW,Month-to-month,DSL,Bank transfer (automatic),24,24-48m,55.65,1400.55,1,1,0.2165543354699872,5
4550-EVXNY,Month-to-month,Fiber optic,Electronic check,1,0-6m,69.65,69.65,0,1,0.6792301719457572,1
2122-YWVYA,Month-to-month,Fiber optic,Electronic check,18,12-24m,75.4,1380.4,1,0,0.4854742572747322,3
2968-SSGAA,Month-to-month,Fiber optic,Electronic check,10,6-12m,100.6,1060.2,3,1,0.8006652648415251,1
2296-DKZFP,Two year,DSL,Bank transfer (automatic),65,48-72m,71.0,4386.2,4,0,0.010471926546172348,10
4844-JJWUY,Month-to-month,Fiber optic,Electronic check,1,0-6m,86.0,86.0,2,1,0.7748803289202514,1
6777-TGHTM,One year,Fiber optic,Credit card (automatic),53,48-72m,106.95,5785.5,4,1,0.17142387960054248,6
8909-BOLNL,One year,No,Mailed check,3,0-6m,21.2,52.05,0,0,0.08212711344619397,7
6603-YRDCJ,Two year,DSL,Mailed check,33,24-48m,61.05,2018.4,3,0,0.023958098496006067,9
3538-WZPHD,Month-to-month,DSL,Electronic check,3,0-6m,29.6,79.45,1,1,0.5881328178836411,2
3229-USWAR,One year,DSL,Bank transfer (automatic),34,24-48m,79.95,2727.3,5,0,0.08108924628230618,7
2138-VFAPZ,Two year,No,Mailed check,14,12-24m,19.7,263.65,0,0,0.03868115050647045,8
6131-JLWZM,Month-to-month,No,Mailed check,13,12-24m,20.3,275.4,0,0,0.15785762597278094,6
4785-QRJHC,One year,DSL,Bank transfer (automatic),46,24-48m,59.9,2816.65,5,1,0.1271316514341771,6
0269-XFESX,One year,No,Mailed check,23,12-24m,24.35,538.5,0,0,0.04856019279218058,8
1709-EJDOX,Two year,No,Mailed check,47,24-48m,19.75,948.9,0,0,0.009281129481721752,10
4316-XCSLJ,Month-to-month,DSL,Mailed check,17,12-24m,50.3,846.8,1,0,0.18524765970167767,5
8610-WFCJF,Month-to-month,Fiber optic,Electronic check,49,48-72m,95.6,4783.5,2,1,0.46998854453169636,3
9693-XMUOB,Month-to-month,DSL,Electronic check,59,48-72m,50.25,2997.45,3,0,0.29981754079573814,4
0383-CLDDA,Two year,DSL,Credit card (automatic),69,48-72m,85.35,5897.4,5,0,0.019958501595637574,9
4905-JEFDW,One year,DSL,Electronic check,11,6-12m,41.6,470.6,2,1,0.4269958643208969,3
2709-UQGNP,Month-to-month,DSL,Mailed check,10,6-12m,51.65,524.5,1,0,0.24381937595346104,5
3549-ZTMNH,Two year,No,Bank transfer (automatic),12,12-24m,24.0,269.65,0,0,0.055415804262067686,8
7881-INRLC,Month-to-month,Fiber optic,Credit card (automatic),45,24-48m,100.85,4740.0,3,1,0.43296238515027635,3
8033-ATFAS,Month-to-month,DSL,Mailed check,39,24-48m,59.85,2341.5,2,0,0.1636261677510899,6
1635-NZATJ,Two year,No,Credit card (automatic),71,48-72m,25.45,1789.65,0,0,0.008026886906160923,10
0562-HKHML,Two year,No,Credit card (automatic),71,48-72m,23.9,1626.4,0,0,0.005811257576515946,10
8277-RVRSV,One year,No,Credit card (automatic),33,24-48m,24.15,800.3,0,0,0.036268425604739425,8
9943-VSZUV,Month-to-month,Fiber optic,Mailed check,67,48-72m,75.7,5060.85,0,0,0.21664867953538794,5
0117-LFRMW,Month-to-month,DSL,Bank transfer (automatic),37,24-48m,40.2,1448.8,3,1,0.10032974649916335,7
6172-FECYY,Month-to-month,Fiber optic,Electronic check,49,48-72m,84.5,4254.85,1,1,0.3359587678317359,4
7054-ENNGU,Month-to-month,DSL,Mailed check,9,6-12m,50.85,466.6,1,0,0.2277202292709269,5
1455-HFBXA,Two year,Fiber optic,Credit card (automatic),52,48-72m,91.6,4627.8,3,0,0.04271881133263015,8
9402-CXWPL,One year,Fiber optic,Electronic check,70,48-72m,98.9,6838.6,3,0,0.15389645608045255,6
1628-BIZYP,Month-to-month,Fiber optic,Electronic check,1,0-6m,85.0,85.0,2,0,0.7396233590273268,1
1965-AKTSX,Month-to-month,Fiber optic,Electronic check,14,12-24m,78.95,1101.85,1,1,0.7098769195650771,1
0082-LDZUE,Month-to-month,DSL,Mailed check,1,0-6m,44.3,44.3,0,0,0.3995132786830101,3
4786-UKSNZ,Month-to-month,No,Mailed check,1,0-6m,20.2,20.2,0,1,0.16602774090742256,6
5343-SGUBI,One year,Fiber optic,Mailed check,52,48-72m,80.2,4297.6,1,0,0.1444173617028755,6
0856-NAOES,Month-to-month,DSL,Mailed check,6,6-12m,60.9,414.1,2,0,0.33827574107012065,4
1976-AZZPJ,Month-to-month,DSL,Mailed check,7,6-12m,34.2,256.6,2,0,0.2699363449063081,5
7248-VZQLC,Month-to-month,Fiber optic,Bank transfer (automatic),47,24-48m,85.2,3969.35,2,1,0.3307257752067409,4
6156-UZDLF,One year,Fiber optic,Credit card (automatic),26,24-48m,87.15,2274.1,3,0,0.1333723244762804,6
3099-OONVS,Month-to-month,DSL,Electronic check,25,24-48m,54.3,1296.8,2,0,0.11269397449405506,7
9500-WBGRP,Two year,No,Mailed check,69,48-72m,19.1,1268.85,0,0,0.00794342646123658,10
5183-KLYEM,Two year,Fiber optic,Credit card (automatic),72,72m+,112.75,8192.6,6,0,0.04125253856161051,8
5144-PQCDZ,Month-to-month,No,Mailed check,4,0-6m,19.95,59.25,0,0,0.20375733116207875,5
8514-VZHEB,Two year,No,Mailed check,59,48-72m,19.5,1147.85,0,0,0.006254662015411844,10
6625-IUTTT,Two year,DSL,Bank transfer (automatic),67,48-72m,65.55,4361.55,3,0,0.01161441539673409,10
9355-NPPFS,Month-to-month,Fiber optic,Electronic check,26,24-48m,78.8,2006.1,1,0,0.630457177380586,2
0068-FIGTF,One year,DSL,Mailed check,27,24-48m,78.2,2078.95,5,0,0.09782725652894567,7
5965-GGPRW,Two year,Fiber optic,Bank transfer (automatic),72,72m+,105.25,7609.75,4,0,0.033783915569805645,8
8035-PWSEV,Month-to-month,Fiber optic,Electronic check,6,6-12m,89.25,487.05,3,0,0.6456575031070755,2
2236-HILPA,Two year,No,Credit card (automatic),62,48-72m,20.65,1218.45,0,0,0.005652555066286262,10
1840-BIUOG,One year,DSL,Electronic check,20,12-24m,68.7,1416.2,3,0,0.2419456346129857,5
1356-MKYSK,Month-to-month,DSL,Credit card (automatic),6,6-12m,78.65,483.3,5,0,0.2555201482009009,5
6080-LNESI,Two year,No,Mailed check,51,48-72m,24.75,1234.6,0,0,0.013451038713093864,10
1830-IPXVJ,Two year,No,Credit card (automatic),61,48-72m,19.75,1311.6,0,0,0.005972716391530331,10
5828-DWPIL,Month-to-month,Fiber optic,Electronic check,62,48-72m,89.1,5618.3,3,0,0.23384586804032242,5
8398-TBIYD,Two year,Fiber optic,Bank transfer (automatic),72,72m+,84.7,6185.15,2,0,0.02507055717892593,9
0011-IGKFF,Month-to-month,Fiber optic,Electronic check,13,12-24m,98.0,1237.85,4,1,0.7538438261253019,1
4192-GORJT,Month-to-month,Fiber optic,Electronic check,5,0-6m,94.45,498.1,3,1,0.7726086574879816,1
6496-SLWHQ,Month-to-month,Fiber optic,Electronic check,3,0-6m,105.0,294.45,4,1,0.8545456539162108,1
9912-GVSEQ,Month-to-month,Fiber optic,Electronic check,26,24-48m,93.85,2381.55,3,1,0.6540971191777443,2
2931-FSOHN,Month-to-month,DSL,Electronic check,13,12-24m,59.9,788.35,2,0,0.51437167137976,3
9418-RUKPH,Two year,No,Mailed check,38,24-48m,19.95,756.4,0,0,0.0175239394337232,9
5383-MMTWC,Month-to-month,Fiber optic,Electronic check,8,6-12m,84.0,613.4,1,1,0.7938405466559763,1
9971-ZWPBF,Month-to-month,Fiber optic,Electronic check,34,24-48m,108.9,3625.2,5,0,0.5438568607401235,2
4712-AUQZO,Month-to-month,DSL,Mailed check,18,12-24m,33.6,550.35,2,0,0.22925522207472362,5
9711-FJTBX,One year,Fiber optic,Mailed check,56,48-72m,85.85,4793.8,3,0,0.05629460177701348,8
2908-ZTPNF,Month-to-month,DSL,Bank transfer (automatic),36,24-48m,34.85,1267.2,2,0,0.17465042666209407,6
7240-ETPTR,Month-to-month,DSL,Electronic check,9,6-12m,48.75,442.2,3,1,0.6719715841740829,1
2202-CUYXZ,Month-to-month,Fiber optic,Electronic check,1,0-6m,84.85,84.85,2,1,0.7651760205776202,1
5995-OIGLP,Month-to-month,DSL,Mailed check,12,12-24m,56.65,654.85,2,1,0.12988555435145913,6
8421-WZOOW,Month-to-month,Fiber optic,Credit card (automatic),57,48-72m,95.3,5567.45,4,0,0.17141741527557852,6
6261-RCVNS,One year,DSL,Credit card (automatic),42,24-48m,73.9,3160.55,5,1,0.032499518999533544,9
7951-QKZPL,Two year,No,Mailed check,33,24-48m,24.5,740.3,0,1,0.02767773590508875,9
1414-YADCW,Two year,Fiber optic,Bank transfer (automatic),70,48-72m,84.6,5706.2,3,0,0.012292869478837284,10
8756-RDDLT,Month-to-month,DSL,Electronic check,68,48-72m,44.95,3085.35,3,0,0.09110411307587131,7
2862-PFNIK,Month-to-month,DSL,Electronic check,1,0-6m,24.7,24.7,0,0,0.5892085906181358,2
5816-QVHRX,Month-to-month,Fiber optic,Credit card (automatic),37,24-48m,100.3,3541.4,3,0,0.35340889272881565,4
4430-YHXGG,Month-to-month,No,Mailed check,4,0-6m,25.45,84.2,0,0,0.22562087929085853,5
6888-SBYAI,Month-to-month,DSL,Mailed check,1,0-6m,50.7,50.7,1,0,0.3087311682089349,4
7395-XWZOY,Month-to-month,DSL,Credit card (automatic),20,12-24m,55.0,1165.55,5,0,0.2551759161349365,5
7169-YWAMK,Two year,DSL,Bank transfer (automatic),72,72m+,68.4,4855.35,4,0,0.005877554841371732,10
3640-PHQXK,Month-to-month,Fiber optic,Electronic check,31,24-48m,89.9,2806.9,2,1,0.5958798151361608,2
6877-LGWXO,Month-to-month,Fiber optic,Electronic check,18,12-24m,78.55,1422.65,1,1,0.595888056791706,2
6859-RKMZJ,Month-to-month,DSL,Bank transfer (automatic),11,6-12m,55.05,608.15,1,0,0.372815229802786,4
2729-VNVAP,Two year,No,Credit card (automatic),33,24-48m,19.8,641.35,0,0,0.015162062723768157,9
2957-JIRMN,One year,Fiber optic,Electronic check,62,48-72m,84.45,4959.15,1,0,0.19972489153731868,5
2049-BAFNW,Month-to-month,DSL,Mailed check,1,0-6m,35.9,35.9,2,0,0.3344033243439566,4
3842-QTGDL,Month-to-month,Fiber optic,Bank transfer (automatic),16,12-24m,80.75,1321.3,2,0,0.28041464966265767,4
7163-OCEQI,One year,DSL,Mailed check,22,12-24m,78.65,1663.75,4,0,0.17286399446142217,6
9782-LGXMC,Month-to-month,DSL,Bank transfer (automatic),49,48-72m,61.75,3024.15,3,0,0.03262787530124801,9
5975-BAICR,One year,DSL,Credit card (automatic),36,24-48m,63.7,2188.5,3,0,0.06789695019432242,7
8019-ENHXU,Month-to-month,Fiber optic,Electronic check,42,24-48m,99.45,4138.05,4,1,0.38015950336471727,4
5167-GBFRE,Month-to-month,DSL,Bank transfer (automatic),4,0-6m,25.2,102.5,0,1,0.5434765876858225,2
9033-EOXWV,One year,DSL,Mailed check,12,12-24m,74.05,872.65,3,1,0.20750921775322068,5
4673-KKSLS,Month-to-month,Fiber optic,Electronic check,31,24-48m,87.6,2724.25,3,0,0.21846156784759221,5
4853-OITSN,Month-to-month,Fiber optic,Electronic check,5,0-6m,89.15,413.25,2,0,0.7036186112389177,1
9800-OUIGR,Two year,No,Credit card (automatic),66,48-72m,20.0,1374.2,0,0,0.0050222581213969315,10
1324-NLTJE,Month-to-month,DSL,Credit card (automatic),15,12-24m,55.0,757.1,1,1,0.25601586619948236,5
2324-EFHVG,Two year,Fiber optic,Bank transfer (automatic),64,48-72m,104.4,6692.65,4,0,0.0981891852398219,7
7094-MSZAO,Month-to-month,No,Credit card (automatic),10,6-12m,20.05,218.5,0,0,0.1465548609783795,6
1522-VVDMG,Month-to-month,Fiber optic,Electronic check,7,6-12m,89.75,608.8,3,1,0.5843021044042536,2
6907-CQGPN,Month-to-month,DSL,Electronic check,29,24-48m,34.3,1004.75,2,0,0.2289734088814758,5
0780-XNZFN,Two year,No,Bank transfer (automatic),57,48-72m,20.65,1125.6,0,0,0.008141378137312926,10
0239-OXEXL,Month-to-month,Fiber optic,Mailed check,46,24-48m,84.25,3847.6,2,0,0.17413266895181126,6
2675-IJRGJ,Two year,No,Bank transfer (automatic),53,48-72m,19.65,978.0,0,0,0.009528935618271634,10
7049-GKVZY,One year,DSL,Credit card (automatic),17,12-24m,79.85,1387.35,5,0,0.0962390862610912,7
8577-QSOCG,Two year,No,Mailed check,38,24-48m,20.2,746.05,0,0,0.017420128185352046,9
3721-CNZHX,One year,No,Mailed check,15,12-24m,19.8,304.6,0,0,0.05821249222323044,8
0212-ISBBF,Month-to-month,DSL,Electronic check,22,12-24m,50.35,1098.85,3,0,0.5629490395002228,2
9185-TQCVP,Month-to-month,Fiber optic,Electronic check,14,12-24m,85.15,1139.2,1,1,0.711418857903956,1
3585-YNADK,One year,DSL,Bank transfer (automatic),57,48-72m,74.6,4368.95,4,0,0.035954470674712274,8
5271-DBYSJ,Month-to-month,Fiber optic,Credit card (automatic),11,6-12m,79.15,827.7,1,0,0.6494859122686415,2
1099-GODLO,Two year,No,Mailed check,1,0-6m,20.35,20.35,0,0,0.041597051778578836,8
6828-HMKWP,Two year,No,Bank transfer (automatic),12,12-24m,21.05,262.05,0,0,0.028755116283341698,9
5567-WSELE,Month-to-month,Fiber optic,Electronic check,3,0-6m,94.6,279.55,2,1,0.8598981542815591,1
1472-TNCWL,Month-to-month,Fiber optic,Electronic check,36,24-48m,94.7,3512.5,3,0,0.5099182584637849,3
8063-RJYNF,Month-to-month,Fiber optic,Electronic check,16,12-24m,94.25,1483.25,3,1,0.6436624164288768,2
0687-ZVTHB,One year,DSL,Credit card (automatic),65,48-72m,72.45,4653.85,4,1,0.023924844740725558,9
2080-GKCWQ,Month-to-month,Fiber optic,Electronic check,2,0-6m,74.95,151.75,1,0,0.6043926358882735,2
9661-ACXBS,Month-to-month,Fiber optic,Electronic check,42,24-48m,105.2,4400.75,4,1,0.4896907359979565,3
2193-SFWQW,Two year,Fiber optic,Bank transfer (automatic),72,72m+,111.95,8033.1,6,0,0.015894483108239776,9
5656-JAMLX,Two year,No,Bank transfer (automatic),62,48-72m,19.85,1253.65,0,0,0.00702311466722712,10
3462-BJQQA,Month-to-month,Fiber optic,Electronic check,6,6-12m,89.75,552.65,2,0,0.7757110677758436,1
0442-TDYUO,Two year,No,Mailed check,48,48-72m,20.05,1036.0,0,0,0.014501177623587215,10
6733-LRIZX,Two year,Fiber optic,Electronic check,35,24-48m,108.95,4025.5,5,0,0.19304084627835988,5
9503-XJUME,One year,No,Credit card (automatic),52,48-72m,19.65,928.4,0,0,0.015604049185119628,9
4367-NHWMM,Month-to-month,DSL,Mailed check,1,0-6m,24.9,24.9,0,0,0.5154381878600729,3
3727-RJMEO,Month-to-month,Fiber optic,Electronic check,6,6-12m,82.85,460.25,1,1,0.7854597480322786,1
3779-OSWCF,Two year,DSL,Credit card (automatic),71,48-72m,93.2,6506.15,6,0,0.010589523292407145,10
6736-DHUQI,One year,Fiber optic,Bank transfer (automatic),67,48-72m,84.8,5598.3,3,0,0.028938792526905028,9
3915-ODIYG,One year,DSL,Electronic check,60,48-72m,71.75,4374.55,3,0,0.08136610563835549,7
1360-RCYRT,Month-to-month,DSL,Bank transfer (automatic),23,12-24m,30.35,678.75,1,0,0.22042046188989242,5
2724-FJDYW,One year,DSL,Bank transfer (automatic),39,24-48m,54.85,2191.7,4,0,0.09644155744987067,7
4451-RWASJ,One year,No,Mailed check,15,12-24m,19.5,239.75,0,0,0.06586566840627799,7
6646-VRFOL,Month-to-month,Fiber optic,Electronic check,53,48-72m,103.85,5485.5,4,1,0.510285217882429,3
3460-TJBWI,Two year,No,Mailed check,24,24-48m,24.2,609.05,0,0,0.026728068702674426,9
5917-HBSDW,Month-to-month,No,Electronic check,37,24-48m,19.35,683.75,0,0,0.0700623093632663,7
5685-IIXLY,Month-to-month,Fiber optic,Electronic check,5,0-6m,83.6,404.2,2,1,0.6729922369963839,1
5671-UUNXD,One year,Fiber optic,Electronic check,50,48-72m,100.65,5189.75,3,0,0.2978722964451266,4
0956-ACVZC,One year,Fiber optic,Credit card (automatic),54,48-72m,94.1,5060.9,3,0,0.1878699428931475,5
2325-NBPZG,Month-to-month,Fiber optic,Electronic check,3,0-6m,74.55,233.65,1,0,0.6147050059173904,2
4250-ZBWLV,One year,Fiber optic,Electronic check,68,48-72m,108.45,7176.55,5,1,0.11855957859550627,6
4482-FTFFX,Month-to-month,DSL,Electronic check,5,0-6m,56.15,291.45,2,0,0.2947983094585662,4
8859-DZTGQ,Two year,No,Mailed check,33,24-48m,20.35,689.75,0,0,0.01812141800085382,9
0440-MOGPM,One year,DSL,Electronic check,41,24-48m,80.55,3263.9,4,0,0.21118815886575673,5
0020-JDNXP,One year,DSL,Mailed check,34,24-48m,61.25,1993.2,5,0,0.07260640310348711,7
3752-CQSJI,Month-to-month,No,Mailed check,13,12-24m,20.45,254.5,0,0,0.13017346033276267,6
5025-GOOKI,Month-to-month,No,Credit card (automatic),20,12-24m,18.9,347.65,0,0,0.1359923046002701,6
4698-KVLLG,Two year,No,Credit card (automatic),51,48-72m,19.6,967.9,0,0,0.012911037502482613,10
5095-AESKG,Month-to-month,Fiber optic,Credit card (automatic),3,0-6m,91.5,242.95,2,1,0.6770119476063471,1
2887-JPYLU,Month-to-month,DSL,Bank transfer (automatic),41,24-48m,45.2,1841.9,0,0,0.09423183738375913,7
4770-QAZXN,Month-to-month,No,Credit card (automatic),13,12-24m,19.45,232.1,0,0,0.12209633173621592,6
4896-CPRPF,Two year,No,Bank transfer (automatic),35,24-48m,25.45,809.25,0,0,0.018149837758671218,9
1871-MOWRM,Month-to-month,Fiber optic,Bank transfer (automatic),12,12-24m,80.85,866.45,2,1,0.2533046116303218,5
9714-EDSUC,Month-to-month,Fiber optic,Mailed check,4,0-6m,94.9,360.55,4,0,0.4460542425492034,3
2027-OAQQC,Month-to-month,DSL,Bank transfer (automatic),43,24-48m,49.05,2076.2,3,1,0.31107972461545064,4
0282-NVSJS,Month-to-month,DSL,Mailed check,12,12-24m,29.3,355.9,1,0,0.3416445306513536,4
9090-SGQXL,Month-to-month,Fiber optic,Electronic check,68,48-72m,105.3,7299.65,4,1,0.3778652034819979,4
6595-YGXIT,Month-to-month,Fiber optic,Electronic check,25,24-48m,88.95,2291.2,2,1,0.6978695457220808,1
7353-YOWFP,One year,No,Mailed check,7,6-12m,20.25,129.15,0,0,0.07409691289158649,7
9835-ZIITK,One year,Fiber optic,Electronic check,66,48-72m,110.85,7491.75,5,1,0.18097447812844367,5
8008-ESFLK,One year,Fiber optic,Electronic check,53,48-72m,110.5,5835.5,6,0,0.09286517758718839,7
7537-CBQUZ,Month-to-month,Fiber optic,Bank transfer (automatic),63,48-72m,109.4,7031.45,5,0,0.2622541262488199,5
1555-DJEQW,Two year,Fiber optic,Bank transfer (automatic),70,48-72m,114.2,7723.9,6,1,0.03364542969209711,8
5649-TJHOV,Month-to-month,DSL,Bank transfer (automatic),27,24-48m,36.5,1032.0,1,1,0.30785156093053173,4
0519-XUZJU,Month-to-month,Fiber optic,Mailed check,1,0-6m,70.75,70.75,0,1,0.5208832759715228,3
3363-EWLGO,Month-to-month,No,Mailed check,5,0-6m,19.95,109.6,0,0,0.14898520279388847,6
4750-UKWJK,One year,No,Mailed check,37,24-48m,19.6,727.8,0,0,0.03299412553533862,8
6338-AVWCY,Month-to-month,DSL,Mailed check,3,0-6m,40.15,130.75,2,1,0.5690151090454898,2
1689-YQBYY,Month-to-month,Fiber optic,Electronic check,12,12-24m,76.6,893.0,0,0,0.6505127366207569,2
4487-ZYJZK,One year,No,Credit card (automatic),38,24-48m,19.6,763.1,0,0,0.023037738239584712,9
2959-FENLU,Month-to-month,Fiber optic,Credit card (automatic),9,6-12m,85.3,781.4,2,0,0.6027432081334624,2
0708-LGSMF,Month-to-month,DSL,Electronic check,13,12-24m,65.85,902.25,2,0,0.42120900208816564,3
9253-QXKBE,Month-to-month,Fiber optic,Electronic check,29,24-48m,94.45,2653.65,2,1,0.7197603788447842,1
7634-HLQJR,Two year,No,Credit card (automatic),47,24-48m,20.05,1016.7,0,0,0.009463787913026414,10
0487-RPVUM,Month-to-month,Fiber optic,Bank transfer (automatic),61,48-72m,99.4,5943.65,4,0,0.10746347732229816,7
4079-ULGFR,Month-to-month,No,Mailed check,16,12-24m,20.0,275.7,0,0,0.10775319588697382,7
2516-XSJKX,Two year,DSL,Electronic check,41,24-48m,78.45,3126.45,5,0,0.031951939753120474,9
0057-QBUQH,Two year,No,Electronic check,43,24-48m,25.1,1070.15,0,0,0.032470715144184786,9
9445-SZLCH,Month-to-month,Fiber optic,Bank transfer (automatic),36,24-48m,97.35,3457.9,3,1,0.37470033424688765,4
6599-SFQVE,Month-to-month,DSL,Electronic check,6,6-12m,55.0,340.4,1,0,0.522412344123784,3
8331-ZXFOE,One year,DSL,Credit card (automatic),58,48-72m,71.1,4299.2,4,0,0.026790289311888107,9
4003-FUSHP,Month-to-month,DSL,Credit card (automatic),19,12-24m,61.55,1093.2,2,0,0.2525632100390359,5
0356-ERHVT,Month-to-month,DSL,Bank transfer (automatic),11,6-12m,45.9,521.9,0,0,0.2987592434741278,4
7325-ENZFI,One year,DSL,Bank transfer (automatic),39,24-48m,40.3,1630.4,3,0,0.060778908055388256,8
4884-ZTHVF,Month-to-month,Fiber optic,Electronic check,8,6-12m,87.1,713.6,2,0,0.7397421537947471,1
3920-HIHMQ,Month-to-month,DSL,Mailed check,26,24-48m,49.5,1265.65,0,0,0.24756875164391598,5
3055-OYMSE,Month-to-month,Fiber optic,Credit card (automatic),53,48-72m,73.8,4003.85,1,0,0.24680197022275635,5
0613-WUXUM,Two year,No,Mailed check,70,48-72m,19.2,1401.4,0,0,0.006150560771390168,10
7568-PODML,Month-to-month,DSL,Mailed check,1,0-6m,45.3,45.3,2,1,0.647119704677012,2
4458-KVRBJ,Two year,No,Mailed check,59,48-72m,25.0,1510.5,0,0,0.010247989298554494,10
5349-IECLD,Month-to-month,Fiber optic,Electronic check,2,0-6m,94.95,178.1,3,1,0.7390532812398313,1
1397-XKKWR,One year,DSL,Mailed check,7,6-12m,35.3,264.8,2,0,0.16913087722190448,6
3945-GFWQL,Month-to-month,DSL,Electronic check,12,12-24m,44.55,480.6,0,1,0.3799963622537198,4
8097-OMULG,One year,DSL,Credit card (automatic),59,48-72m,76.75,4541.9,5,0,0.030536610770967303,9
6013-BHCAW,Two year,DSL,Bank transfer (automatic),61,48-72m,81.0,4976.15,4,0,0.028755463792359246,9
0401-WDBXM,Two year,Fiber optic,Bank transfer (automatic),72,72m+,105.55,7542.25,4,0,0.04676630003204633,8
3387-PLKUI,Month-to-month,No,Mailed check,13,12-24m,18.8,251.25,0,0,0.0992597942521501,7
6096-EGVTU,One year,No,Mailed check,64,48-72m,24.9,1595.5,0,0,0.012518286013326047,10
3797-VTIDR,Month-to-month,DSL,Electronic check,1,0-6m,23.45,23.45,0,1,0.6135665890145839,2
5081-NWSUP,One year,DSL,Mailed check,10,6-12m,64.9,685.55,3,0,0.12130381943933581,6
2580-ATZSQ,One year,DSL,Bank transfer (automatic),65,48-72m,61.35,3874.1,3,0,0.012673112885756123,10
8085-MSNLK,Two year,Fiber optic,Mailed check,62,48-72m,113.95,6891.4,6,0,0.03603914269037772,8
9691-HKOVS,One year,DSL,Electronic check,55,48-72m,90.15,4916.95,6,0,0.07071325591189064,7
9881-VCZEP,Month-to-month,DSL,Electronic check,25,24-48m,54.1,1373.0,1,0,0.27123843749092313,4
9526-BIHHD,Month-to-month,DSL,Mailed check,1,0-6m,29.7,29.7,1,1,0.34433120484717866,4
8757-TFHHJ,Month-to-month,DSL,Credit card (automatic),1,0-6m,49.8,49.8,1,0,0.31922030121665107,4
4523-WXCEF,Month-to-month,Fiber optic,Electronic check,59,48-72m,101.1,6039.9,3,1,0.3198899357707919,4
1468-DEFNC,Two year,No,Bank transfer (automatic),64,48-72m,24.4,1548.65,0,0,0.012383852127206614,10
5119-KEPFY,Month-to-month,Fiber optic,Bank transfer (automatic),36,24-48m,95.0,3440.25,2,0,0.5105369432314235,3
8364-TRMMK,Month-to-month,DSL,Mailed check,3,0-6m,50.65,151.3,0,1,0.4454412310607683,3
0916-KNFAJ,Two year,DSL,Mailed check,61,48-72m,69.9,4226.7,3,0,0.024806786947863903,9
8319-QBEHW,One year,DSL,Bank transfer (automatic),26,24-48m,39.95,1023.75,2,0,0.19712607595947287,5
3063-QFSZL,Month-to-month,DSL,Electronic check,1,0-6m,55.4,55.4,1,1,0.5617493016176289,2
8775-LHDJH,Month-to-month,Fiber optic,Electronic check,1,0-6m,90.6,90.6,2,1,0.8219619402924068,1
9625-QNLUX,Two year,Fiber optic,Credit card (automatic),68,48-72m,103.25,7074.4,5,0,0.04006215554867638,8
3097-NQYSN,Month-to-month,Fiber optic,Mailed check,2,0-6m,86.85,156.35,1,1,0.7523712712574652,1
4024-CSNBY,Two year,Fiber optic,Bank transfer (automatic),72,72m+,94.25,6849.75,4,0,0.021165486867272248,9
7110-BDTWG,Two year,DSL,Electronic check,71,48-72m,47.05,3263.6,3,0,0.0317945451248578,9
7493-GVFIO,Two year,No,Credit card (automatic),57,48-72m,20.55,1252.85,0,0,0.008344381513321094,10
0690-SRQID,Month-to-month,No,Mailed check,4,0-6m,19.65,67.55,0,0,0.20493718969784433,5
9605-WGJVW,Month-to-month,Fiber optic,Electronic check,1,0-6m,70.2,70.2,0,0,0.7501956525308733,1
9114-DPSIA,Two year,DSL,Credit card (automatic),72,72m+,81.0,5750.0,5,0,0.006849958960309203,10
4700-UBQMV,One year,DSL,Bank transfer (automatic),21,12-24m,75.9,1549.75,3,0,0.17272024110996442,6
7711-GQBZC,Two year,No,Bank transfer (automatic),71,48-72m,24.7,1810.55,0,0,0.00557486891699067,10
3565-UNOCC,Month-to-month,Fiber optic,Bank transfer (automatic),29,24-48m,99.05,2952.85,3,1,0.6210051347527967,2
4627-MIHJH,Two year,Fiber optic,Credit card (automatic),69,48-72m,110.25,7467.55,5,0,0.04112604493822976,8
9795-NREXC,Two year,DSL,Credit card (automatic),64,48-72m,85.0,5484.4,5,0,0.022046359332790588,9
8573-CGOCC,Month-to-month,No,Credit card (automatic),16,12-24m,19.75,294.9,0,0,0.11096501574703721,7
7356-AYNJP,One year,No,Electronic check,4,0-6m,23.9,97.5,0,0,0.15937120226140442,6
9249-FXSCK,One year,Fiber optic,Credit card (automatic),52,48-72m,111.25,5916.45,5,1,0.12512131952750652,6
5493-SDRDQ,Month-to-month,DSL,Mailed check,2,0-6m,55.1,113.35,2,1,0.2997929625779453,4
6286-SUUWT,Month-to-month,No,Mailed check,1,0-6m,19.95,19.95,0,0,0.1668667491291422,6
4819-HJPIW,Month-to-month,DSL,Mailed check,18,12-24m,25.15,476.8,0,0,0.2968754874352106,4
8654-DHAOW,Month-to-month,DSL,Mailed check,2,0-6m,54.15,101.65,1,0,0.3586611999315883,4
5438-QMDDL,Month-to-month,DSL,Mailed check,19,12-24m,59.8,1130.85,2,0,0.27998851497751653,4
9812-GHVRI,Month-to-month,Fiber optic,Bank transfer (automatic),40,24-48m,83.85,3532.25,1,0,0.3434408634457216,4
5553-AOINX,One year,Fiber optic,Electronic check,66,48-72m,104.9,6891.45,4,0,0.2181660648026166,5
1228-ZLNBX,Month-to-month,Fiber optic,Mailed check,21,12-24m,75.3,1570.7,0,0,0.42797390275724073,3
4226-KKDON,Month-to-month,DSL,Electronic check,8,6-12m,66.65,520.95,3,0,0.40378587569748636,3
3831-YCPUO,Two year,Fiber optic,Credit card (automatic),72,72m+,109.5,7854.9,6,0,0.024171297336729406,9
7445-WMRBW,One year,DSL,Bank transfer (automatic),48,48-72m,73.85,3581.4,4,0,0.07263541146420444,7
3308-DGHKL,Two year,No,Bank transfer (automatic),69,48-72m,19.3,1447.9,0,0,0.007940889278933046,10
9924-JPRMC,Two year,Fiber optic,Electronic check,72,72m+,118.2,8547.15,6,0,0.05395597073975074,8
0080-EMYVY,One year,DSL,Credit card (automatic),14,12-24m,51.45,727.85,1,0,0.11813250133072006,6
6218-KNUBD,Month-to-month,DSL,Electronic check,6,6-12m,59.45,357.6,2,0,0.4357803674004702,3
7337-CINUD,Two year,No,Bank transfer (automatic),8,6-12m,19.5,159.35,0,0,0.03397103678272995,8
7609-NRNCA,One year,No,Mailed check,17,12-24m,19.55,280.85,0,0,0.054944258836696826,8
0623-EJQEG,One year,Fiber optic,Electronic check,65,48-72m,93.55,6069.25,3,0,0.07758053092815458,7
7153-CHRBV,One year,DSL,Mailed check,57,48-72m,59.3,3274.35,3,0,0.01859412942254802,9
0871-URUWO,Month-to-month,Fiber optic,Credit card (automatic),13,12-24m,102.25,1359.0,3,1,0.6815515495061863,1
9190-MFJLN,Month-to-month,Fiber optic,Credit card (automatic),19,12-24m,95.9,1777.9,3,1,0.6444385982252123,2
6198-PNNSZ,One year,Fiber optic,Bank transfer (automatic),56,48-72m,109.8,6109.65,5,0,0.10395897130395383,7
3317-VLGQT,Month-to-month,Fiber optic,Electronic check,14,12-24m,78.1,1122.4,1,0,0.6600549321704748,2
4132-POCZS,Month-to-month,DSL,Electronic check,52,48-72m,39.9,2020.9,2,0,0.19598403413134252,5
5614-DNZCE,Two year,DSL,Credit card (automatic),58,48-72m,64.9,3795.45,4,0,0.01163969672968185,10
1095-JUDTC,Month-to-month,Fiber optic,Electronic check,47,24-48m,95.05,4504.55,3,1,0.42885764028446643,3
3896-RCYYE,Month-to-month,DSL,Credit card (automatic),67,48-72m,53.4,3579.15,4,0,0.1277155667272882,6
9638-JIQYA,Month-to-month,DSL,Credit card (automatic),2,0-6m,24.9,49.7,0,0,0.5137607240323075,3
3258-SANFR,Month-to-month,DSL,Credit card (automatic),6,6-12m,44.7,276.5,0,0,0.3344385557063278,4
3726-TBHQT,Two year,Fiber optic,Bank transfer (automatic),71,48-72m,114.0,8175.9,6,0,0.03272125245854168,9
3190-ITQXP,Two year,No,Bank transfer (automatic),46,24-48m,20.25,890.35,0,0,0.009523911052526977,10
0870-VEMYL,Month-to-month,DSL,Credit card (automatic),5,0-6m,53.85,259.8,2,1,0.17196157732550718,6
4833-QTJNO,Month-to-month,Fiber optic,Bank transfer (automatic),67,48-72m,83.85,5588.8,2,0,0.1083398215653323,7
3039-MJSLN,Month-to-month,No,Bank transfer (automatic),3,0-6m,20.2,50.6,0,0,0.13903933848418135,6
0178-CIIKR,Month-to-month,No,Mailed check,3,0-6m,19.95,58.0,0,0,0.15772012272239497,6
5385-SUIRI,Month-to-month,Fiber optic,Electronic check,52,48-72m,104.2,5568.35,4,1,0.4471151652577823,3
3982-XWFZQ,Month-to-month,DSL,Electronic check,42,24-48m,50.25,2203.65,0,1,0.23936790707050246,5
5774-QPLTF,One year,No,Mailed check,50,48-72m,20.35,938.95,0,0,0.020832712363980745,9
2322-VCZHZ,Month-to-month,Fiber optic,Electronic check,23,12-24m,90.0,2024.1,3,0,0.5200589584154548,3
5010-IPEAQ,Two year,DSL,Credit card (automatic),67,48-72m,54.2,3623.95,5,0,0.011000649945481195,10
4009-ALQFH,Month-to-month,Fiber optic,Electronic check,25,24-48m,99.5,2369.05,4,1,0.631347122177698,2
6383-ZTSIW,One year,Fiber optic,Mailed check,39,24-48m,99.1,3877.95,4,0,0.16540138247229505,6
8990-YOZLV,Two year,DSL,Mailed check,69,48-72m,66.9,4577.9,3,0,0.010194954113290286,10
3069-SSVSN,One year,DSL,Mailed check,1,0-6m,25.85,25.85,0,0,0.265917855625698,5
5222-IMUKT,Month-to-month,Fiber optic,Electronic check,32,24-48m,91.05,2871.5,2,0,0.507038369896484,3
3627-FCRDW,Month-to-month,Fiber optic,Electronic check,9,6-12m,71.0,672.55,0,1,0.5619106961047325,2
7562-GSUHK,Month-to-month,Fiber optic,Credit card (automatic),16,12-24m,93.2,1573.7,3,1,0.5062991190638447,3
6685-XSHHU,Two year,No,Bank transfer (automatic),60,48-72m,20.95,1270.55,0,0,0.008273447824970697,10
8901-UPRHR,Two year,Fiber optic,Bank transfer (automatic),72,72m+,109.2,7711.45,5,0,0.04477717907234164,8
4903-UYAVB,Month-to-month,No,Mailed check,5,0-6m,19.35,126.05,0,1,0.14146914315885992,6
0118-JPNOY,Month-to-month,Fiber optic,Credit card (automatic),26,24-48m,85.8,2193.65,2,0,0.4447662867905538,3
6776-TLWOI,Month-to-month,No,Mailed check,3,0-6m,19.85,64.55,0,1,0.1580417258889313,6
3845-FXCYS,Month-to-month,No,Electronic check,2,0-6m,19.65,31.2,0,0,0.29987973395443207,4
5857-XRECV,One year,No,Bank transfer (automatic),2,0-6m,20.5,38.25,0,0,0.07549676798310416,7
0725-CXOTM,One year,DSL,Credit card (automatic),36,24-48m,89.65,3348.1,5,0,0.09129944919793867,7
4343-EJVQB,Month-to-month,Fiber optic,Mailed check,7,6-12m,74.35,533.6,1,0,0.3895675595667005,4
9000-PLFUZ,Two year,DSL,Credit card (automatic),60,48-72m,49.45,2907.55,3,0,0.0708234001107253,7
3427-GGZZI,Month-to-month,Fiber optic,Electronic check,19,12-24m,89.1,1620.8,2,0,0.6622670092260636,2
7779-ORAEL,Two year,DSL,Credit card (automatic),45,24-48m,75.15,3480.35,4,0,0.02662627436972609,9
0644-OQMDK,Month-to-month,Fiber optic,Electronic check,4,0-6m,70.65,293.85,0,0,0.7286596118051132,1
4077-CROMM,Month-to-month,Fiber optic,Electronic check,31,24-48m,104.2,3243.45,4,1,0.5347805400862159,3
3154-CFSZG,Month-to-month,Fiber optic,Electronic check,47,24-48m,90.05,4137.2,3,0,0.20194580453896996,5
2868-MZAGQ,Month-to-month,Fiber optic,Electronic check,1,0-6m,79.25,79.25,1,1,0.759180750367372,1
4847-QNOKA,Month-to-month,DSL,Bank transfer (automatic),1,0-6m,44.9,44.9,0,1,0.3971172571149504,3
2220-IAHLS,Month-to-month,No,Credit card (automatic),1,0-6m,19.4,19.4,0,0,0.17253545088360198,6
1658-XUHBX,Month-to-month,Fiber optic,Credit card (automatic),59,48-72m,88.75,5348.65,2,0,0.2799196389861556,4
6379-RXJRQ,Month-to-month,Fiber optic,Electronic check,10,6-12m,70.1,659.65,0,1,0.6243221180252445,2
2378-HTWFW,Month-to-month,Fiber optic,Credit card (automatic),35,24-48m,91.0,3180.5,2,0,0.3412328673437717,4
8650-RHRKE,Month-to-month,DSL,Electronic check,4,0-6m,29.65,118.5,1,1,0.5949200677660121,2
4377-VDHYI,One year,Fiber optic,Electronic check,32,24-48m,90.8,3023.85,3,0,0.21200608768308854,5
0475-RIJEP,Month-to-month,Fiber optic,Electronic check,43,24-48m,77.85,3365.85,1,1,0.43276051904886587,3
1260-TTRXI,Month-to-month,DSL,Electronic check,4,0-6m,54.3,195.3,1,1,0.45709872217344144,3
3719-TDVQB,Two year,No,Mailed check,54,48-72m,18.95,1031.1,0,0,0.01509869045495087,9
6328-ZPBGN,Month-to-month,Fiber optic,Bank transfer (automatic),11,6-12m,95.15,997.65,2,1,0.7633264995014919,1
0201-MIBOL,Two year,Fiber optic,Bank transfer (automatic),66,48-72m,102.4,6471.85,3,0,0.08342612414088035,7
4937-QPZPO,One year,Fiber optic,Electronic check,61,48-72m,99.9,6241.35,3,0,0.22471999610400673,5
2925-VDZHY,Two year,DSL,Credit card (automatic),72,72m+,88.7,6501.35,6,0,0.009868302475597784,10
6981-TDRFT,One year,DSL,Electronic check,44,24-48m,54.3,2317.1,4,0,0.15638159732956558,6
3413-CSSTH,Month-to-month,DSL,Bank transfer (automatic),41,24-48m,55.7,2237.55,1,0,0.17983772090433797,5
8033-VCZGH,One year,Fiber optic,Electronic check,50,48-72m,103.95,5231.3,4,0,0.25663891591356647,5
4789-KWMXN,One year,Fiber optic,Credit card (automatic),47,24-48m,110.85,5275.8,5,1,0.144424102250657,6
0224-NIJLP,Two year,No,Mailed check,8,6-12m,20.15,165.5,0,0,0.03331309440098267,8
7542-CYDDM,Month-to-month,No,Mailed check,18,12-24m,20.05,358.5,0,0,0.10134204609757765,7
4718-WXBGI,Two year,DSL,Credit card (automatic),72,72m+,91.95,6614.9,6,0,0.012854009993154607,10
2867-UIMSS,Month-to-month,Fiber optic,Electronic check,1,0-6m,80.5,80.5,1,1,0.6839522738957243,1
8495-PRWFH,Month-to-month,DSL,Electronic check,42,24-48m,55.65,2421.75,1,0,0.2238180250538587,5
0439-IFYUN,Month-to-month,Fiber optic,Electronic check,18,12-24m,74.7,1294.6,1,0,0.6115249227710594,2
5716-LIBJC,One year,Fiber optic,Credit card (automatic),13,12-24m,104.15,1299.1,4,0,0.49254927028739737,3
2868-LLSKM,One year,Fiber optic,Bank transfer (automatic),68,48-72m,83.65,5733.4,2,0,0.05448466996923096,8
8111-RKSPX,Month-to-month,Fiber optic,Bank transfer (automatic),4,0-6m,72.2,305.55,0,1,0.6698099224236022,1
2988-QRAJY,Two year,Fiber optic,Credit card (automatic),69,48-72m,110.05,7430.75,5,0,0.06044075694319845,8
1585-MQSSU,Month-to-month,DSL,Mailed check,17,12-24m,51.5,900.5,1,1,0.15422073216489876,6
0071-NDAFP,Two year,No,Credit card (automatic),25,24-48m,25.5,630.6,0,0,0.02575308163752839,9
2856-NNASM,Month-to-month,Fiber optic,Mailed check,43,24-48m,89.55,3856.75,2,1,0.45412744809820005,3
7328-ZJAJO,Two year,No,Credit card (automatic),59,48-72m,19.5,1222.65,0,0,0.006424295239462066,10
6458-CYIDZ,Month-to-month,Fiber optic,Electronic check,5,0-6m,80.7,374.8,2,0,0.5389895443206011,2
8559-CIZFV,One year,DSL,Mailed check,21,12-24m,77.5,1625.0,4,1,0.06658535063192976,7
1090-PYKCI,One year,Fiber optic,Credit card (automatic),69,48-72m,105.1,7234.8,5,0,0.048548988052212964,8
3058-WQDRE,Month-to-month,DSL,Bank transfer (automatic),13,12-24m,25.15,331.85,0,0,0.414956471949154,3
7547-EKNFS,Month-to-month,Fiber optic,Bank transfer (automatic),42,24-48m,95.25,3959.35,3,1,0.3736208908988484,4
2279-AXJJK,Month-to-month,Fiber optic,Credit card (automatic),52,48-72m,95.65,5088.4,3,0,0.22358592626362622,5
6769-DYBQN,Month-to-month,Fiber optic,Electronic check,46,24-48m,85.0,3969.4,2,1,0.29350267036633526,4
0909-SELIE,Two year,DSL,Bank transfer (automatic),61,48-72m,80.8,4860.85,5,0,0.015802221585149396,9
3417-TSCIC,One year,DSL,Mailed check,29,24-48m,24.85,788.05,0,0,0.16975367707715522,6
1042-HFUCW,One year,DSL,Credit card (automatic),25,24-48m,54.75,1266.35,2,0,0.07609735272461232,7
4439-JMPMT,Month-to-month,Fiber optic,Electronic check,5,0-6m,85.75,470.95,2,1,0.6152896213122013,2
6537-OTKMY,One year,DSL,Electronic check,15,12-24m,50.75,688.2,3,0,0.3746560547169604,4
8999-EXMNO,Two year,No,Mailed check,19,12-24m,20.15,387.7,0,0,0.023247594395300816,9
6725-TPKJO,Two year,No,Mailed check,44,24-48m,20.05,845.25,0,0,0.012676800743872518,10
2446-BEGGB,Month-to-month,Fiber optic,Electronic check,6,6-12m,98.25,560.6,3,1,0.850075490352075,1
7162-WPHPM,Two year,DSL,Credit card (automatic),58,48-72m,71.6,4230.25,4,0,0.00847672791544712,10
1599-MMYRQ,One year,Fiber optic,Credit card (automatic),62,48-72m,81.45,4983.05,2,0,0.04772413763178079,8
8821-KVZKQ,One year,DSL,Bank transfer (automatic),70,48-72m,58.4,4113.15,5,0,0.044765934428612625,8
1496-GGSUK,Month-to-month,DSL,Mailed check,1,0-6m,25.7,25.7,0,1,0.5643104930592008,2
6434-TTGJP,Two year,DSL,Credit card (automatic),10,6-12m,53.7,521.0,5,0,0.06663921455363851,7
0042-JVWOJ,One year,No,Bank transfer (automatic),26,24-48m,19.6,471.85,0,0,0.05740683358381579,8
0130-SXOUN,Month-to-month,Fiber optic,Credit card (automatic),66,48-72m,89.4,5976.9,2,0,0.16801991559791862,6
2575-GFSOE,Month-to-month,Fiber optic,Electronic check,7,6-12m,69.0,506.9,0,1,0.619873289377355,2
2330-PQGDQ,One year,Fiber optic,Bank transfer (automatic),51,48-72m,84.2,4299.75,2,0,0.06654013968629424,7
1452-UZOSF,Two year,Fiber optic,Credit card (automatic),72,72m+,106.1,7548.6,5,0,0.02435643214831899,9
2097-YVPKN,Two year,No,Mailed check,65,48-72m,25.75,1654.75,0,0,0.008240730655384661,10
2842-JTCCU,Month-to-month,DSL,Bank transfer (automatic),2,0-6m,46.05,80.35,0,1,0.30472098004000175,4
8597-CTXVJ,One year,DSL,Bank transfer (automatic),70,48-72m,64.95,4551.5,3,0,0.011427377198545344,10
6631-HMANX,Two year,DSL,Credit card (automatic),72,72m+,85.45,6227.5,5,0,0.0220163269445593,9
9962-BFPDU,Month-to-month,No,Mailed check,1,0-6m,20.05,20.05,0,0,0.13800507330895664,6
3296-SILRA,Month-to-month,Fiber optic,Mailed check,1,0-6m,76.4,76.4,1,1,0.615138305784406,2
9681-OXGVC,Month-to-month,Fiber optic,Electronic check,5,0-6m,100.5,514.0,3,1,0.8265121437986596,1
6394-HHHZM,Month-to-month,No,Mailed check,3,0-6m,20.7,57.5,0,0,0.15532503291900404,6
5995-LFTLE,Two year,No,Credit card (automatic),58,48-72m,25.3,1474.35,0,0,0.015200783804518923,9
5180-UCIIQ,Month-to-month,DSL,Mailed check,22,12-24m,40.05,880.2,2,1,0.24553602372055772,5
1932-UEDCX,Month-to-month,Fiber optic,Bank transfer (automatic),33,24-48m,100.6,3270.25,3,0,0.5643395464964146,2
7153-OANIO,Month-to-month,Fiber optic,Electronic check,1,0-6m,69.95,69.95,0,1,0.6326233482673098,2
5188-HGMLP,Month-to-month,Fiber optic,Bank transfer (automatic),54,48-72m,74.0,3919.15,0,0,0.22735596715189682,5
0665-XHDJU,Two year,Fiber optic,Electronic check,72,72m+,99.4,7285.7,3,0,0.10884268903534101,7
6521-YYTYI,Month-to-month,Fiber optic,Electronic check,1,0-6m,93.3,93.3,2,1,0.8355564223646362,1
8878-HMWBV,Month-to-month,DSL,Electronic check,3,0-6m,49.15,169.05,1,1,0.48657921587855,3
8265-HKSOW,Two year,Fiber optic,Credit card (automatic),72,72m+,107.45,7658.3,5,0,0.015679433965427265,9
3544-FBCAS,Two year,DSL,Credit card (automatic),72,72m+,83.6,5959.3,5,0,0.01977691152030505,9
5331-RGMTT,Month-to-month,Fiber optic,Credit card (automatic),54,48-72m,99.05,5295.7,3,0,0.4194767464564502,3
4759-PXTAN,One year,DSL,Electronic check,59,48-72m,80.1,4693.2,4,0,0.08936880909120036,7
7054-DMVAS,Two year,DSL,Bank transfer (automatic),54,48-72m,65.3,3512.9,3,0,0.025414805733220237,9
3428-MMGUB,Two year,Fiber optic,Electronic check,60,48-72m,89.55,5231.2,2,0,0.1410876939108739,6
6549-BTYPG,Two year,DSL,Credit card (automatic),60,48-72m,60.8,3603.45,5,0,0.027951427229556906,9
7823-JSOAG,Month-to-month,Fiber optic,Electronic check,3,0-6m,74.5,217.45,0,0,0.6846908409423512,1
3705-RHRFR,Two year,Fiber optic,Bank transfer (automatic),69,48-72m,99.15,6875.35,3,0,0.04494656468274829,8
9374-YOLBJ,Month-to-month,No,Electronic check,1,0-6m,19.25,19.25,0,0,0.20228834500816717,5
9074-KGVOX,Month-to-month,DSL,Credit card (automatic),50,48-72m,39.45,2021.35,2,0,0.13909585694276355,6
6128-DAFVY,Month-to-month,DSL,Credit card (automatic),56,48-72m,44.85,2564.95,2,0,0.23035298910379423,5
9933-QRGTX,Two year,Fiber optic,Electronic check,60,48-72m,97.2,5611.75,4,0,0.07112695058266034,7
4476-OSWTN,One year,Fiber optic,Mailed check,69,48-72m,110.55,7610.1,5,0,0.08926391692392967,7
3751-KTZEL,Month-to-month,DSL,Mailed check,1,0-6m,35.05,35.05,1,1,0.4885003160977795,3
1977-STDKI,Month-to-month,Fiber optic,Electronic check,1,0-6m,73.0,73.0,1,1,0.7439940070954031,1
5066-GFJMM,Month-to-month,No,Mailed check,3,0-6m,19.9,45.75,0,0,0.19731030872734898,5
2661-GKBTK,Two year,DSL,Bank transfer (automatic),60,48-72m,76.95,4543.95,4,0,0.014682237473773195,10
0458-HEUZG,Two year,DSL,Mailed check,13,12-24m,35.4,450.4,2,0,0.08486432564858173,7
7268-WNTCP,Two year,No,Bank transfer (automatic),62,48-72m,20.45,1297.35,0,0,0.0055546154105147825,10
0824-VWDPO,One year,Fiber optic,Bank transfer (automatic),45,24-48m,96.75,4442.75,3,0,0.11452002284985367,7
8409-WQJUX,One year,DSL,Electronic check,25,24-48m,54.2,1423.15,4,0,0.23719391123962386,5
2578-JQPHZ,Two year,Fiber optic,Bank transfer (automatic),44,24-48m,100.1,4378.35,4,0,0.07823030065974068,7
3278-FSIXX,Month-to-month,DSL,Mailed check,2,0-6m,45.25,74.2,0,0,0.38600909809969197,4
5813-UECBU,Month-to-month,Fiber optic,Credit card (automatic),33,24-48m,83.85,2716.3,2,1,0.4554215217230094,3
0328-GRPMV,Month-to-month,Fiber optic,Electronic check,1,0-6m,70.1,70.1,0,1,0.7080271005448167,1
9746-UGFAC,One year,No,Bank transfer (automatic),22,12-24m,20.85,450.65,0,0,0.04564745743494894,8
2946-KIQSP,Month-to-month,DSL,Mailed check,35,24-48m,33.45,1175.85,2,0,0.19355416126395894,5
0625-AFOHS,Two year,No,Mailed check,29,24-48m,20.2,558.8,0,0,0.01669676974996147,9
6726-WEXXK,One year,Fiber optic,Electronic check,27,24-48m,85.9,2220.1,2,0,0.33740691983311943,4
4636-OLWOE,One year,DSL,Electronic check,54,48-72m,61.0,3283.05,3,0,0.042613490277370845,8
4342-HENTK,Month-to-month,Fiber optic,Electronic check,2,0-6m,70.65,142.35,0,1,0.7417578014779108,1
4685-ERGHK,One year,Fiber optic,Electronic check,57,48-72m,86.9,4939.25,1,0,0.24060994392688678,5
0885-HMGPY,Two year,DSL,Bank transfer (automatic),62,48-72m,69.4,4237.5,4,0,0.009525993251801212,10
5003-OKNNK,One year,No,Credit card (automatic),15,12-24m,20.35,335.95,0,0,0.04780702523099808,8
4195-SMMNX,Month-to-month,No,Mailed check,2,0-6m,20.35,33.2,0,1,0.1609306647868055,6
7208-PSIHR,Two year,Fiber optic,Bank transfer (automatic),70,48-72m,104.3,7188.5,4,0,0.05936430257476716,8
4012-ZTHBR,Month-to-month,DSL,Electronic check,21,12-24m,44.95,926.25,0,0,0.29377364143780577,4
0489-WMEMG,One year,DSL,Electronic check,23,12-24m,49.45,1119.35,1,0,0.1275963461552383,6
7435-ZNUYY,One year,No,Mailed check,6,6-12m,20.6,116.6,0,0,0.0758430593145393,7
1354-YZFNB,Two year,No,Credit card (automatic),4,0-6m,19.55,68.8,0,0,0.03947184419738262,8
6956-SMUCM,Month-to-month,Fiber optic,Credit card (automatic),3,0-6m,99.0,287.4,4,1,0.6452043977022686,2
2985-FMWYF,Month-to-month,Fiber optic,Electronic check,23,12-24m,93.5,2341.55,2,0,0.7363237566441728,1
2812-ENYMO,One year,DSL,Credit card (automatic),26,24-48m,54.55,1362.85,4,0,0.12287641409374335,6
2717-HVIZY,Month-to-month,No,Mailed check,8,6-12m,20.05,163.6,0,0,0.1200021306691169,6
3223-WZWJM,Month-to-month,Fiber optic,Electronic check,26,24-48m,83.95,2254.2,1,1,0.6462578073345493,2
3422-GALYP,Month-to-month,Fiber optic,Electronic check,2,0-6m,79.45,145.15,1,0,0.7446334012909256,1
9053-JZFKV,Two year,Fiber optic,Credit card (automatic),67,48-72m,116.2,7752.3,6,1,0.03207435513424345,9
2530-ENDWQ,Two year,Fiber optic,Bank transfer (automatic),71,48-72m,93.7,6585.35,2,1,0.0830174035179164,7
2890-WFBHU,One year,DSL,Credit card (automatic),59,48-72m,79.85,4786.1,5,0,0.024124174524630716,9
0327-WFZSY,One year,Fiber optic,Electronic check,39,24-48m,100.0,3835.55,3,0,0.30016016547468155,4
7977-HXJKU,Two year,No,Mailed check,21,12-24m,19.6,397.0,0,0,0.023731183963731167,9
6615-ZGEDR,Month-to-month,No,Mailed check,1,0-6m,19.7,19.7,0,1,0.16770914459063815,6
7033-CLAMM,Two year,No,Bank transfer (automatic),48,48-72m,20.2,1027.25,0,0,0.008920321490287276,10
4023-RTIQM,One year,DSL,Credit card (automatic),31,24-48m,50.4,1580.1,4,0,0.15034733318158403,6
0864-FVJNJ,One year,Fiber optic,Electronic check,64,48-72m,113.35,7222.75,6,0,0.079045991044156,7
7356-IWLFW,Month-to-month,Fiber optic,Bank transfer (automatic),46,24-48m,80.0,3769.7,1,0,0.2532936166818985,5
9541-PWTWO,Two year,DSL,Bank transfer (automatic),52,48-72m,80.95,4233.95,4,0,0.047689320465992335,8
3967-VQOGC,Two year,No,Mailed check,67,48-72m,24.9,1680.25,0,0,0.008900540086854352,10
7872-RDDLZ,Month-to-month,DSL,Electronic check,67,48-72m,54.9,3725.5,1,0,0.10626137501148096,7
9250-WYPLL,Month-to-month,Fiber optic,Electronic check,5,0-6m,75.55,413.65,0,1,0.6643461991849469,2
6308-CQRBU,Two year,Fiber optic,Electronic check,71,48-72m,109.25,7707.7,5,0,0.057798171395896394,8
2754-XBHTB,Month-to-month,Fiber optic,Bank transfer (automatic),9,6-12m,77.65,714.15,1,1,0.6346854489649786,2
1597-LHYNC,Month-to-month,Fiber optic,Electronic check,26,24-48m,95.0,2497.2,3,1,0.5848573574485917,2
0186-CAERR,One year,Fiber optic,Bank transfer (automatic),71,48-72m,116.3,8309.55,6,0,0.06718258903376953,7
3043-SUDUA,Month-to-month,No,Bank transfer (automatic),32,24-48m,19.9,601.55,0,0,0.0662791109877514,7
5442-BHQNG,Month-to-month,Fiber optic,Electronic check,2,0-6m,70.35,139.25,0,0,0.6224983135566139,2
2169-RRLFW,Two year,No,Credit card (automatic),71,48-72m,25.6,1888.25,0,0,0.006452712113602201,10
5872-OEQNH,One year,DSL,Electronic check,60,48-72m,44.45,2773.9,3,0,0.08897980768953802,7
3162-KKZXO,One year,Fiber optic,Electronic check,55,48-72m,100.15,5409.75,3,0,0.35325909842346315,4
7055-VKGDA,One year,Fiber optic,Credit card (automatic),54,48-72m,105.4,5643.4,5,1,0.09280419533482903,7
0754-UKWQP,Month-to-month,Fiber optic,Electronic check,2,0-6m,95.85,197.7,3,1,0.7966109606725695,1
8873-GLDMH,Month-to-month,Fiber optic,Mailed check,6,6-12m,73.85,401.3,0,0,0.6446503095238483,2
5696-JVVQY,Two year,DSL,Credit card (automatic),48,48-72m,70.1,3238.4,4,0,0.02336510646020639,9
8946-BFWSG,Two year,No,Mailed check,63,48-72m,25.25,1573.05,0,0,0.007156537861437792,10
7493-TPUWZ,Month-to-month,Fiber optic,Electronic check,1,0-6m,79.15,79.15,1,1,0.7523331376713492,1
0547-HURJB,Month-to-month,No,Credit card (automatic),12,12-24m,21.05,235.8,0,0,0.10676181673287259,7
8904-OPDCK,Month-to-month,DSL,Bank transfer (automatic),54,48-72m,24.95,1364.75,0,0,0.17122298677604222,6
8845-LWKGE,One year,DSL,Electronic check,30,24-48m,64.5,1985.15,3,0,0.12512326577415722,6
1577-HKTFG,Month-to-month,No,Bank transfer (automatic),30,24-48m,19.65,655.85,0,1,0.0661719827840405,7
8752-STIVR,Month-to-month,Fiber optic,Electronic check,4,0-6m,79.0,303.15,1,1,0.75472718484097,1
0691-NIKRI,One year,Fiber optic,Credit card (automatic),40,24-48m,105.95,4335.2,4,0,0.24859027874108877,5
5022-JNQEQ,Month-to-month,Fiber optic,Electronic check,9,6-12m,75.85,647.5,1,0,0.505025962128298,3
4558-FANTW,Month-to-month,Fiber optic,Electronic check,17,12-24m,91.85,1574.45,3,1,0.33817871325315924,4
3249-VHRIP,Two year,DSL,Credit card (automatic),62,48-72m,43.6,2748.7,3,0,0.04320593307855368,8
3736-BLEPA,One year,Fiber optic,Bank transfer (automatic),28,24-48m,91.25,2483.65,3,0,0.20996209598096954,5
4701-LKOZD,Two year,DSL,Credit card (automatic),70,48-72m,89.75,6367.2,6,0,0.012804464450709423,10
6603-QWSPR,Two year,Fiber optic,Bank transfer (automatic),46,24-48m,104.4,4904.2,5,0,0.09474086173524567,7
9921-QFQUL,Month-to-month,Fiber optic,Mailed check,23,12-24m,90.15,2044.95,2,0,0.44765742022104393,3
1929-ZCBHE,One year,DSL,Electronic check,47,24-48m,40.3,1794.8,3,0,0.04412941302428099,8
4378-MYPGO,Two year,Fiber optic,Bank transfer (automatic),68,48-72m,105.25,7173.15,5,0,0.03742658372539438,8
8651-ENBZX,One year,Fiber optic,Electronic check,60,48-72m,106.0,6441.4,4,1,0.24041615481592027,5
4129-LYCOI,Two year,Fiber optic,Electronic check,67,48-72m,104.0,7039.05,4,0,0.08682971160839927,7
7798-JVXYM,Month-to-month,DSL,Electronic check,14,12-24m,69.65,921.4,3,0,0.4463663613762845,3
8647-SDTWQ,Month-to-month,Fiber optic,Electronic check,57,48-72m,74.3,4018.35,0,0,0.28654591959302594,4
2696-ECXKC,One year,Fiber optic,Mailed check,55,48-72m,100.9,5448.6,3,0,0.10076035015848131,7
2081-KJSQF,Month-to-month,No,Mailed check,1,0-6m,20.25,20.25,0,0,0.21937837653541656,5
7623-TRNQN,Month-to-month,DSL,Mailed check,1,0-6m,49.9,49.9,1,1,0.2838708483202632,4
3323-CPBWR,Month-to-month,Fiber optic,Credit card (automatic),23,12-24m,96.9,2085.45,3,0,0.47734369261397863,3
9330-IJWIO,Month-to-month,Fiber optic,Electronic check,13,12-24m,100.35,1358.85,3,1,0.7219108254306862,1
3384-CTMSF,Month-to-month,Fiber optic,Electronic check,47,24-48m,104.1,5135.15,4,0,0.5051804779085538,3
0902-RFHOF,One year,No,Mailed check,38,24-48m,20.1,730.1,0,0,0.02752372409455516,9
9286-DOJGF,Month-to-month,Fiber optic,Bank transfer (automatic),38,24-48m,74.95,2869.85,0,1,0.41048014528777327,3
6048-QBXKL,Month-to-month,DSL,Credit card (automatic),2,0-6m,56.55,118.25,1,0,0.4874808808392658,3
9661-MHUMO,Month-to-month,DSL,Credit card (automatic),1,0-6m,49.25,49.25,1,1,0.32267489269622757,4
7718-RXDGG,Month-to-month,Fiber optic,Bank transfer (automatic),15,12-24m,68.6,1108.6,0,0,0.48499157310483026,3
1025-FALIX,Month-to-month,Fiber optic,Credit card (automatic),26,24-48m,69.05,1815.65,0,0,0.41494555703962854,3
3451-VAWLI,Two year,No,Credit card (automatic),35,24-48m,19.7,730.4,0,0,0.014223221056632608,10
3407-QGWLG,Month-to-month,No,Mailed check,3,0-6m,20.05,75.45,0,0,0.1856968496188453,5
1842-EZJMK,Month-to-month,Fiber optic,Electronic check,50,48-72m,103.7,5071.05,4,1,0.28972022337962955,4
2347-WKKAE,Month-to-month,Fiber optic,Electronic check,42,24-48m,94.4,4014.6,3,0,0.3990421037415744,3
8735-DCXNF,Month-to-month,DSL,Credit card (automatic),10,6-12m,54.95,568.85,2,0,0.18306223780286113,5
3214-IYUUQ,One year,Fiber optic,Bank transfer (automatic),61,48-72m,93.7,5860.7,4,0,0.038044515927761535,8
1936-UAFEH,Two year,Fiber optic,Credit card (automatic),68,48-72m,110.25,7279.35,5,0,0.032462400200183636,9
3587-PMCOY,One year,Fiber optic,Electronic check,10,6-12m,98.9,1064.95,4,0,0.5175630784471726,3
8079-XRJRS,One year,Fiber optic,Electronic check,65,48-72m,89.75,5769.6,3,1,0.0708396617309867,7
1027-LKKQQ,Two year,DSL,Bank transfer (automatic),72,72m+,80.45,5886.85,5,0,0.010670049234191204,10
7148-XZPHA,Month-to-month,Fiber optic,Electronic check,55,48-72m,79.4,4238.45,2,0,0.1273555772706238,6
8073-IJDCM,Month-to-month,No,Mailed check,1,0-6m,20.3,20.3,0,1,0.21917132700417696,5
5309-TAIKL,Month-to-month,DSL,Bank transfer (automatic),7,6-12m,62.8,418.3,3,0,0.25871092783283145,5
6856-RAURS,Month-to-month,Fiber optic,Mailed check,2,0-6m,74.9,136.05,0,0,0.6692493114155244,1
8778-LMWTJ,Month-to-month,Fiber optic,Electronic check,9,6-12m,74.85,708.2,1,0,0.5641445264267744,2
9717-IOAAF,Two year,No,Credit card (automatic),27,24-48m,25.85,788.55,0,0,0.035990889790047366,8
8884-ADFVN,Month-to-month,Fiber optic,Electronic check,7,6-12m,101.95,700.85,3,1,0.8320075465940453,1
2845-KDHVX,Two year,DSL,Mailed check,64,48-72m,68.3,4378.8,4,0,0.016297822424628128,9
0848-SOMKO,Two year,DSL,Bank transfer (automatic),70,48-72m,48.4,3442.8,4,0,0.012544578791498102,10
2720-WGKHP,Month-to-month,Fiber optic,Electronic check,2,0-6m,94.0,181.7,2,1,0.8740965713124956,1
6734-FQAJX,Two year,Fiber optic,Electronic check,67,48-72m,105.05,7171.7,5,0,0.06484688244694845,7
2869-ADAWR,Month-to-month,Fiber optic,Credit card (automatic),45,24-48m,89.3,4016.85,2,1,0.38364791298312473,4
1535-VTJOQ,Two year,No,Credit card (automatic),24,24-48m,25.15,553.0,0,0,0.03326379192632174,8
6368-TZZDT,Two year,No,Credit card (automatic),4,0-6m,19.5,96.85,0,0,0.039517724546091405,8
0943-ZQPXH,Month-to-month,Fiber optic,Bank transfer (automatic),44,24-48m,92.95,4122.9,3,0,0.3463041982639803,4
1293-BSEUN,Two year,No,Mailed check,72,72m+,20.7,1482.3,0,0,0.005548751269533527,10
9894-EZEWG,Month-to-month,Fiber optic,Credit card (automatic),1,0-6m,74.3,74.3,1,1,0.60001047646078,2
1302-TPUBN,Two year,No,Bank transfer (automatic),66,48-72m,19.35,1240.8,0,0,0.006218487815644725,10
7851-FLGGQ,Month-to-month,DSL,Mailed check,1,0-6m,44.65,44.65,3,1,0.46673101759312113,3
0637-UBJRP,Month-to-month,Fiber optic,Electronic check,13,12-24m,84.05,1095.3,2,1,0.4543954726037733,3
0940-OUQEC,Month-to-month,Fiber optic,Bank transfer (automatic),10,6-12m,80.7,788.8,1,1,0.582914116482923,2
2378-VTKDH,Month-to-month,Fiber optic,Electronic check,65,48-72m,104.35,6578.55,4,0,0.4074054991866754,3
0927-CNGRH,Month-to-month,No,Mailed check,1,0-6m,19.55,19.55,0,0,0.14870520741499216,6
8608-OZTLB,One year,DSL,Electronic check,38,24-48m,74.05,2802.3,5,0,0.04743630036457338,8
2335-GSODA,Two year,DSL,Mailed check,23,12-24m,40.1,857.75,3,0,0.03847939372759822,8
1952-DVVSW,One year,No,Mailed check,10,6-12m,20.1,184.4,0,0,0.06310462250199797,7
0702-PGIBZ,Month-to-month,Fiber optic,Electronic check,4,0-6m,101.7,364.55,3,1,0.7951592978953637,1
6656-GULJQ,Two year,DSL,Credit card (automatic),72,72m+,83.55,6093.3,5,0,0.015174022995430053,9
9853-JFZDU,Month-to-month,DSL,Electronic check,35,24-48m,56.85,1861.1,2,0,0.11542087264501279,6
1963-VAUKV,Month-to-month,No,Mailed check,1,0-6m,20.4,20.4,0,1,0.16535896969102534,6
3777-XROBG,Two year,No,Credit card (automatic),58,48-72m,19.55,1079.65,0,0,0.006634689293264465,10
6994-FGRHH,One year,Fiber optic,Electronic check,70,48-72m,106.15,7475.1,5,0,0.09090309969830909,7
4000-VGMQP,One year,DSL,Credit card (automatic),38,24-48m,78.95,2862.55,4,0,0.10346852714363274,7
3999-WRNGR,Month-to-month,DSL,Electronic check,60,48-72m,49.75,3069.45,3,0,0.22575426147649752,5
3466-RITXD,Month-to-month,Fiber optic,Credit card (automatic),26,24-48m,92.4,2349.8,3,0,0.46168588820575973,3
2680-XKKNJ,One year,DSL,Bank transfer (automatic),8,6-12m,58.2,469.25,3,0,0.07772097179561907,7
3058-HJCUY,One year,Fiber optic,Electronic check,41,24-48m,102.6,4213.35,4,1,0.29594643424419725,4
2974-GGUXS,Month-to-month,Fiber optic,Credit card (automatic),36,24-48m,91.95,3301.05,2,0,0.47646814139813864,3
7994-XIRTR,One year,DSL,Bank transfer (automatic),54,48-72m,65.25,3529.95,3,0,0.039721870660250236,8
3259-FDWOY,Two year,Fiber optic,Bank transfer (automatic),71,48-72m,106.0,7723.7,4,1,0.06219450257764488,8
2101-RANCD,Month-to-month,Fiber optic,Electronic check,55,48-72m,73.1,4144.9,0,0,0.3556355001918872,4
7921-BEPCI,Two year,DSL,Bank transfer (automatic),72,72m+,59.75,4265.0,2,0,0.009862252409956359,10
0807-ZABDG,Month-to-month,DSL,Mailed check,3,0-6m,55.1,154.65,2,1,0.2038876791486278,5
8510-TMWYB,Two year,DSL,Bank transfer (automatic),54,48-72m,59.8,3246.45,2,0,0.028231424399718277,9
3258-ZKPAI,Two year,Fiber optic,Bank transfer (automatic),72,72m+,116.6,8337.45,6,0,0.029799840423302075,9
1428-IEDPR,Two year,Fiber optic,Electronic check,52,48-72m,109.3,5731.4,5,0,0.1180713998213874,6
5298-GSTLM,One year,Fiber optic,Bank transfer (automatic),60,48-72m,101.4,6176.6,3,0,0.17067424616786322,6
4450-YOOHP,Month-to-month,DSL,Credit card (automatic),39,24-48m,50.65,1905.4,3,0,0.336980488256262,4
6728-CZFEI,One year,DSL,Mailed check,15,12-24m,56.15,931.9,1,0,0.15908914994486742,6
5748-RNCJT,Two year,Fiber optic,Bank transfer (automatic),69,48-72m,106.5,7348.8,4,1,0.06254041951419467,7
3653-NCRDJ,One year,No,Mailed check,43,24-48m,19.2,776.25,0,0,0.02693988840636529,9
6121-TNHBO,One year,DSL,Bank transfer (automatic),63,48-72m,83.0,5243.05,5,0,0.025422268921753866,9
5119-NZPTV,Month-to-month,Fiber optic,Electronic check,2,0-6m,70.1,141.65,0,0,0.656423153071004,2
6519-ZHPXP,Two year,Fiber optic,Bank transfer (automatic),72,72m+,108.3,7679.65,6,0,0.024327746378348503,9
7739-LAXOG,Month-to-month,Fiber optic,Bank transfer (automatic),32,24-48m,91.05,2954.5,2,1,0.41806600189261867,3
3472-QPRCH,Two year,No,Credit card (automatic),40,24-48m,25.25,1006.9,0,0,0.015800995408429303,9
8224-UAXBZ,One year,DSL,Electronic check,58,48-72m,45.35,2540.1,3,0,0.08722738382716648,7
9610-WCESF,Two year,DSL,Electronic check,67,48-72m,43.9,3097.2,3,0,0.023040683501138307,9
9776-CLUJA,Month-to-month,Fiber optic,Electronic check,51,48-72m,77.5,3807.35,1,1,0.338770418281882,4
2486-WYVVE,One year,DSL,Mailed check,31,24-48m,79.3,2484.0,4,0,0.14962671072299433,6
3865-ZYKAD,Month-to-month,Fiber optic,Credit card (automatic),69,48-72m,84.9,5785.65,2,0,0.1379851903393626,6
1422-DGUBX,One year,Fiber optic,Electronic check,32,24-48m,79.25,2619.15,1,0,0.2712055470477341,4
2999-AANRQ,Two year,DSL,Credit card (automatic),21,12-24m,71.05,1524.85,4,0,0.03787289300448549,8
8668-KNZTI,One year,DSL,Electronic check,52,48-72m,53.75,2790.65,2,0,0.04263101053781148,8
0480-KYJVA,Two year,No,Credit card (automatic),72,72m+,24.25,1784.5,0,0,0.0055729492594917855,10
6034-ZRYCV,Two year,DSL,Electronic check,72,72m+,54.2,3937.45,4,1,0.05745734335718761,8
9746-YKGXB,One year,DSL,Bank transfer (automatic),52,48-72m,44.25,2276.1,3,0,0.044972374972696905,8
3926-YZVVX,One year,DSL,Bank transfer (automatic),41,24-48m,50.05,2029.05,1,0,0.03999995289081638,8
6000-UKLWI,Two year,No,Mailed check,41,24-48m,20.15,802.35,0,0,0.013970967922164283,10
2079-FBMZK,Month-to-month,Fiber optic,Mailed check,6,6-12m,69.25,418.4,0,1,0.573854895416254,2
6332-FBZRI,One year,DSL,Credit card (automatic),67,48-72m,69.35,4653.25,4,0,0.016715096598930907,9
2096-XOTMO,Month-to-month,No,Mailed check,16,12-24m,19.35,275.9,0,0,0.08950298891474744,7
3266-FTKHB,Two year,No,Mailed check,17,12-24m,19.15,343.45,0,0,0.031522969866445816,9
8221-EQDGL,Month-to-month,DSL,Mailed check,35,24-48m,61.0,2130.45,3,0,0.07674268613164455,7
2346-LOCWC,Two year,No,Credit card (automatic),58,48-72m,20.5,1191.4,0,0,0.0064849431854845565,10
6608-QQLVK,Month-to-month,DSL,Electronic check,1,0-6m,50.5,50.5,1,1,0.4952354245366559,3
0298-XACET,Two year,DSL,Mailed check,52,48-72m,50.2,2554.0,4,0,0.024591222711850155,9
7560-QJAVJ,Two year,DSL,Bank transfer (automatic),70,48-72m,79.6,5589.45,5,0,0.010290865517099977,10
2995-YWTCD,Two year,No,Bank transfer (automatic),19,12-24m,24.9,467.7,0,0,0.04338974336109817,8
3551-HUAZH,Month-to-month,Fiber optic,Electronic check,1,0-6m,74.4,74.4,0,1,0.8033461528135595,1
9137-UIYPG,Month-to-month,Fiber optic,Electronic check,35,24-48m,106.9,3756.45,5,0,0.32880810618718426,4
2809-ZMYOQ,Month-to-month,Fiber optic,Electronic check,32,24-48m,101.35,3334.9,3,0,0.6529656834787362,2
5084-OOVCJ,Month-to-month,DSL,Credit card (automatic),17,12-24m,55.35,920.5,2,0,0.13154058850671785,6
0254-WWRKD,One year,DSL,Credit card (automatic),67,48-72m,50.55,3431.75,1,0,0.018105791281646955,9
7727-SHVZV,Month-to-month,No,Bank transfer (automatic),9,6-12m,19.5,150.35,0,0,0.13449731634762777,6
6302-JGYRJ,One year,DSL,Mailed check,31,24-48m,79.45,2587.7,4,1,0.13290605118269516,6
5339-PXDVH,Month-to-month,Fiber optic,Electronic check,4,0-6m,90.65,367.95,2,0,0.6596522446383332,2
2205-LPVGL,One year,Fiber optic,Bank transfer (automatic),58,48-72m,89.85,5125.75,3,0,0.06327956273015163,7
8782-NUUOL,One year,DSL,Mailed check,60,48-72m,79.0,4801.1,5,0,0.025832839155293753,9
3685-YLCMQ,One year,Fiber optic,Electronic check,58,48-72m,104.65,6219.6,4,1,0.2198217367081588,5
7601-WFVZV,Month-to-month,No,Mailed check,1,0-6m,19.55,19.55,0,0,0.1682162098501138,6
4609-KNNWG,Two year,No,Mailed check,27,24-48m,19.9,550.1,0,0,0.01796585040423725,9
4868-AADLV,One year,Fiber optic,Electronic check,66,48-72m,116.25,7862.25,6,0,0.11602687437784888,6
9529-OFXHY,Month-to-month,Fiber optic,Bank transfer (automatic),15,12-24m,87.75,1242.2,2,0,0.5675123346009536,2
8634-MPHTR,Month-to-month,Fiber optic,Electronic check,47,24-48m,100.05,4871.05,3,1,0.5744513977683203,2
2669-QVCRG,Month-to-month,Fiber optic,Credit card (automatic),41,24-48m,81.3,3190.65,1,0,0.2730820928693203,4
2478-EEWWM,Month-to-month,DSL,Electronic check,59,48-72m,44.3,2666.75,2,0,0.27779988212480466,4
9174-IHETN,Two year,Fiber optic,Credit card (automatic),50,48-72m,70.35,3533.6,0,0,0.048662229316492486,8
2233-TXSIU,One year,DSL,Credit card (automatic),17,12-24m,44.45,792.15,3,0,0.14309513053209813,6
9644-UMGQA,Month-to-month,DSL,Electronic check,6,6-12m,49.15,295.65,1,0,0.3278813713578142,4
3256-EZDBI,Month-to-month,DSL,Credit card (automatic),51,48-72m,29.45,1459.35,1,0,0.17834856161930923,5
8761-NSOBC,Month-to-month,Fiber optic,Electronic check,44,24-48m,100.55,4398.15,4,1,0.3086565776797648,4
0419-YAAPX,Month-to-month,Fiber optic,Credit card (automatic),49,48-72m,85.3,4297.95,2,0,0.26967504460161207,5
8413-VONUO,Month-to-month,Fiber optic,Electronic check,2,0-6m,95.65,167.3,3,1,0.7233570290589113,1
0872-CASZJ,One year,DSL,Mailed check,59,48-72m,69.1,4096.9,3,0,0.03459339725688805,8
4726-DLWQN,Month-to-month,DSL,Bank transfer (automatic),50,48-72m,70.35,3454.6,3,0,0.15307364384869795,6
8164-OCKUJ,Two year,No,Mailed check,59,48-72m,20.6,1286.0,0,0,0.006091433800501287,10
3094-JOJAI,Month-to-month,Fiber optic,Mailed check,18,12-24m,74.15,1387.0,0,0,0.45974563642441646,3
9494-MRNYX,Month-to-month,Fiber optic,Electronic check,10,6-12m,75.05,786.3,0,0,0.6286867237652993,2
2599-CZABP,One year,DSL,Electronic check,14,12-24m,44.6,641.25,0,0,0.17640543785314983,6
7945-PRBVF,Two year,No,Bank transfer (automatic),35,24-48m,21.45,705.45,0,0,0.016597646427819038,9
4544-RXFMG,One year,DSL,Mailed check,8,6-12m,43.45,345.5,0,0,0.1747597953296248,6
0859-YGKFW,One year,No,Bank transfer (automatic),18,12-24m,20.05,345.9,0,0,0.04279109741504257,8
1150-FTQGN,One year,Fiber optic,Bank transfer (automatic),60,48-72m,94.15,5811.8,3,0,0.0667300137158126,7
9223-UCPVT,Month-to-month,Fiber optic,Electronic check,1,0-6m,94.4,94.4,3,1,0.7480056440197007,1
7196-LIWRH,Two year,No,Mailed check,6,6-12m,19.55,124.45,0,0,0.044592321761221895,8
5448-VWNAM,Month-to-month,DSL,Mailed check,19,12-24m,75.9,1375.6,4,0,0.19701247546270984,5
1177-XZBJL,One year,DSL,Bank transfer (automatic),53,48-72m,64.15,3491.55,3,0,0.019002737686518043,9
3518-FSTWG,Two year,Fiber optic,Bank transfer (automatic),72,72m+,109.55,7920.7,5,0,0.06216253440019237,8
9330-VOFSZ,Two year,Fiber optic,Credit card (automatic),60,48-72m,110.8,6640.7,5,0,0.07403421915897428,7
4351-QLCSU,Month-to-month,DSL,Credit card (automatic),1,0-6m,55.0,55.0,1,1,0.47876256068822104,3
0939-EREMR,Month-to-month,DSL,Mailed check,13,12-24m,53.45,718.1,2,0,0.15934949558116332,6
9389-ACWBI,Month-to-month,Fiber optic,Credit card (automatic),5,0-6m,69.95,320.4,0,0,0.44367431819185427,3
5419-JPRRN,Month-to-month,Fiber optic,Electronic check,1,0-6m,101.45,101.45,3,1,0.8419370670441731,1
3644-QXEHN,Month-to-month,Fiber optic,Electronic check,13,12-24m,97.0,1334.45,3,0,0.5986436788918349,2
2911-IJORQ,One year,DSL,Bank transfer (automatic),37,24-48m,90.6,3358.65,6,0,0.08770327257935619,7
5921-NGYRH,Month-to-month,Fiber optic,Mailed check,64,48-72m,73.55,4764.0,1,0,0.11138036604102555,7
2100-BDNSN,Month-to-month,DSL,Bank transfer (automatic),5,0-6m,67.95,350.3,3,1,0.33068894267383525,4
5998-DZLYR,Two year,Fiber optic,Bank transfer (automatic),61,48-72m,94.35,5703.0,3,0,0.05537301031477541,8
0488-GSLFR,Month-to-month,Fiber optic,Electronic check,1,0-6m,69.5,69.5,0,1,0.7110182913419025,1
9318-NKNFC,Month-to-month,No,Mailed check,1,0-6m,18.85,18.85,0,1,0.22523280764408365,5
3985-HOYPM,One year,No,Mailed check,26,24-48m,19.4,525.55,0,0,0.04132392828959858,8
9728-FTTVZ,Month-to-month,Fiber optic,Electronic check,1,0-6m,69.2,69.2,0,1,0.7125070463447398,1
9548-LERKT,Two year,No,Mailed check,24,24-48m,19.75,483.15,0,0,0.022974756575773688,9
6576-FBXOJ,One year,DSL,Electronic check,17,12-24m,54.6,934.8,4,0,0.2721573952256874,4
4310-KEDTB,Month-to-month,DSL,Mailed check,26,24-48m,29.8,786.5,1,0,0.27958412604289934,4
7254-IQWOZ,Month-to-month,Fiber optic,Electronic check,1,0-6m,69.65,69.65,0,1,0.7102722002890642,1
2474-BRUCM,Month-to-month,Fiber optic,Electronic check,40,24-48m,101.85,4086.3,3,1,0.45126780111283016,3
4062-HBMOS,Month-to-month,Fiber optic,Electronic check,52,48-72m,103.05,5364.8,4,0,0.4882427360307149,3
0742-NXBGR,Month-to-month,Fiber optic,Electronic check,1,0-6m,82.3,82.3,2,1,0.6733712768356022,1
2676-ISHSF,Month-to-month,No,Mailed check,1,0-6m,20.3,20.3,0,0,0.16569308489715906,6
9236-NDUCW,Two year,DSL,Mailed check,21,12-24m,35.1,770.4,2,0,0.04826695595209835,8
4753-PADAS,One year,Fiber optic,Bank transfer (automatic),67,48-72m,105.7,6816.95,4,0,0.13761932675677213,6
6103-QCKFX,Month-to-month,DSL,Bank transfer (automatic),44,24-48m,56.25,2419.55,2,0,0.039696062640717705,8
7781-EWARA,One year,DSL,Electronic check,70,48-72m,60.35,4138.7,5,0,0.046637039076842156,8
6110-OHIHY,Month-to-month,Fiber optic,Electronic check,3,0-6m,79.25,267.6,1,1,0.6911757899616779,1
7018-FPXHH,Two year,DSL,Bank transfer (automatic),56,48-72m,59.8,3457.45,3,0,0.013939275715004905,10
5889-LFOLL,Month-to-month,Fiber optic,Electronic check,13,12-24m,84.6,1115.2,1,1,0.73581069692698,1
5708-EVONK,Month-to-month,Fiber optic,Bank transfer (automatic),58,48-72m,93.4,5435.6,3,1,0.17235008330937415,6
8708-XPXHZ,Month-to-month,Fiber optic,Electronic check,42,24-48m,94.2,4186.3,2,1,0.5372302524939544,2
0616-ATFGB,Month-to-month,DSL,Electronic check,1,0-6m,25.05,25.05,0,1,0.5729551293148444,2
0572-ZJKLT,Two year,Fiber optic,Mailed check,46,24-48m,99.65,4630.2,4,0,0.041568152031719936,8
5135-RDDQL,Two year,DSL,Bank transfer (automatic),63,48-72m,50.65,3221.25,1,0,0.01205725629718117,10
1353-LJWEM,Month-to-month,DSL,Electronic check,11,6-12m,60.9,688.5,3,0,0.308295636581884,4
1794-SWWKL,Month-to-month,DSL,Bank transfer (automatic),15,12-24m,59.65,867.1,2,0,0.23224895073159513,5
6166-YIPFO,Two year,DSL,Electronic check,72,72m+,64.7,4746.05,6,0,0.028437504518132792,9
7016-BPGEU,Month-to-month,DSL,Credit card (automatic),29,24-48m,25.1,712.85,0,1,0.29771001919380996,4
6876-ADESB,Month-to-month,DSL,Electronic check,1,0-6m,48.95,48.95,1,1,0.38367033902686226,4
9332-GYWLO,Month-to-month,DSL,Electronic check,6,6-12m,54.85,355.1,1,0,0.4004757513867331,3
1963-SVUCV,Month-to-month,DSL,Electronic check,1,0-6m,45.3,45.3,0,1,0.41651654270777927,3
4184-VODJZ,One year,Fiber optic,Electronic check,63,48-72m,91.35,5764.7,2,0,0.1523643680278272,6
0220-EBGCE,Month-to-month,Fiber optic,Electronic check,2,0-6m,85.85,167.3,2,1,0.7413029077684884,1
1092-WPIVQ,Two year,No,Mailed check,18,12-24m,25.1,428.45,0,0,0.03183480503478696,9
7233-IOQNP,Month-to-month,DSL,Bank transfer (automatic),43,24-48m,34.0,1505.35,2,0,0.0781554323552514,7
2834-JKOOW,One year,DSL,Mailed check,15,12-24m,45.9,693.45,4,0,0.08961167954573446,7
2754-VDLTR,Month-to-month,Fiber optic,Electronic check,10,6-12m,95.2,930.4,2,1,0.7172363504851477,1
2400-FEQME,Two year,No,Mailed check,55,48-72m,20.5,1177.95,0,0,0.006979608897326381,10
3190-XFANI,One year,Fiber optic,Bank transfer (automatic),49,48-72m,100.6,5069.65,3,1,0.1756233806850802,6
7551-DACSP,Month-to-month,DSL,Mailed check,6,6-12m,55.3,324.25,2,1,0.28280541752089955,4
4957-SREEC,Two year,No,Credit card (automatic),70,48-72m,20.35,1458.1,0,0,0.004355757984502685,10
7235-NXZCP,Month-to-month,Fiber optic,Mailed check,2,0-6m,74.85,156.4,0,1,0.7155013081551174,1
0230-UBYPQ,One year,DSL,Bank transfer (automatic),63,48-72m,36.1,2298.9,2,0,0.024520799080679487,9
4923-ADWXJ,Month-to-month,DSL,Bank transfer (automatic),25,24-48m,65.8,1679.65,3,0,0.19033101573842695,5
1763-KUAAW,One year,No,Bank transfer (automatic),18,12-24m,20.35,369.6,0,0,0.06433506119462583,7
1104-TNLZA,Month-to-month,Fiber optic,Electronic check,28,24-48m,105.8,2998.0,4,0,0.6227790334901987,2
5195-KPUNQ,One year,Fiber optic,Mailed check,53,48-72m,96.75,5206.55,4,0,0.08301675227498957,7
0520-FDVVT,One year,Fiber optic,Bank transfer (automatic),35,24-48m,102.35,3626.1,4,1,0.26664677113103713,5
3439-GVUSX,Month-to-month,DSL,Mailed check,1,0-6m,24.4,24.4,0,0,0.43239278410679943,3
1444-VVSGW,One year,Fiber optic,Credit card (automatic),70,48-72m,115.65,7968.85,6,1,0.04833553018548647,8
5712-PTIWW,Month-to-month,Fiber optic,Electronic check,2,0-6m,79.85,152.45,2,1,0.6173381268153975,2
5949-HGVJL,Month-to-month,DSL,Electronic check,26,24-48m,73.05,1959.5,4,0,0.3226705821695489,4
5203-XEHAX,One year,DSL,Electronic check,34,24-48m,64.35,2053.05,3,0,0.08773375916859856,7
1635-HDGFT,Two year,No,Mailed check,19,12-24m,20.5,398.55,0,0,0.02480902506388696,9
3315-TOTBP,Month-to-month,Fiber optic,Mailed check,15,12-24m,76.0,1130.85,0,1,0.5599069018007792,2
8050-XGRVL,One year,DSL,Credit card (automatic),62,48-72m,54.75,3425.35,2,0,0.01618387892151823,9
6661-HBGWL,Month-to-month,Fiber optic,Bank transfer (automatic),42,24-48m,104.75,4323.45,4,1,0.5071287561633242,3
1518-VOWAV,Month-to-month,DSL,Electronic check,9,6-12m,74.65,703.55,4,1,0.4648063288522812,3
9828-QHFBK,Month-to-month,DSL,Electronic check,24,24-48m,51.15,1275.7,1,0,0.24044356792239333,5
3908-MKIMJ,Two year,DSL,Electronic check,68,48-72m,41.95,2965.75,3,0,0.03130338093923198,9
5012-YSPJJ,Month-to-month,DSL,Mailed check,31,24-48m,54.35,1647.0,2,0,0.08583781423080883,7
5909-ECHUI,Month-to-month,DSL,Electronic check,1,0-6m,56.25,56.25,1,1,0.5566812879713455,2
1309-BXVOQ,Month-to-month,Fiber optic,Electronic check,21,12-24m,106.1,2249.95,4,1,0.6402201170749797,2
6728-VOIFY,One year,Fiber optic,Electronic check,63,48-72m,96.0,6109.75,3,0,0.17696033303697872,6
9317-WZPGV,Month-to-month,Fiber optic,Bank transfer (automatic),2,0-6m,79.75,159.4,1,1,0.7073746387509501,1
4891-NLUBA,Two year,DSL,Bank transfer (automatic),61,48-72m,61.45,3751.15,5,0,0.031638544478899105,9
2856-HYAPG,Month-to-month,Fiber optic,Electronic check,1,0-6m,68.65,68.65,0,1,0.6399007162324595,2
8969-PRHFK,One year,No,Mailed check,18,12-24m,19.65,411.25,0,0,0.05310134863101976,8
0661-KQHNK,One year,No,Credit card (automatic),6,6-12m,19.0,105.5,0,0,0.06561250928214686,7
8709-KRDVL,Month-to-month,Fiber optic,Electronic check,33,24-48m,100.0,3320.6,3,0,0.6383393127182541,2
4488-PSYCG,Month-to-month,No,Bank transfer (automatic),16,12-24m,20.25,327.45,0,1,0.10760604568731508,7
1427-VERSM,Month-to-month,Fiber optic,Electronic check,56,48-72m,98.7,5669.5,4,0,0.30331219521457464,4
9801-NOSHQ,One year,No,Mailed check,23,12-24m,19.8,465.45,0,0,0.03919136148624333,8
6339-YPSAH,Month-to-month,Fiber optic,Electronic check,9,6-12m,73.8,704.3,1,0,0.6513559345507707,2
3621-CEOVK,Month-to-month,Fiber optic,Electronic check,14,12-24m,100.2,1369.8,3,1,0.7931115129683857,1
6906-ANDWJ,Month-to-month,Fiber optic,Bank transfer (automatic),15,12-24m,74.9,1107.25,0,1,0.5125887987891419,3
2159-TURXX,Month-to-month,No,Credit card (automatic),5,0-6m,20.05,95.55,0,0,0.15211981336925162,6
1548-FEHVL,Month-to-month,Fiber optic,Electronic check,61,48-72m,106.2,6375.2,4,0,0.30096086035757347,4
3795-CAWEX,Two year,Fiber optic,Credit card (automatic),70,48-72m,116.55,8152.3,6,0,0.032543812166961096,9
6215-NQCPY,Month-to-month,Fiber optic,Electronic check,15,12-24m,99.7,1566.75,3,0,0.7114404736800005,1
5647-URDKA,Two year,No,Mailed check,8,6-12m,19.7,130.25,0,0,0.03366541504379611,8
2229-DPMBI,Two year,No,Mailed check,8,6-12m,19.5,162.15,0,0,0.033823153944302624,8
9626-WEQRM,Month-to-month,DSL,Mailed check,4,0-6m,29.15,110.05,1,0,0.40474705805415523,3
2188-SXWVT,One year,DSL,Mailed check,34,24-48m,55.0,1885.15,2,0,0.045663637932229224,8
6258-PVZWJ,Two year,DSL,Credit card (automatic),68,48-72m,90.8,6302.85,6,0,0.017424667973256043,9
1094-BKOSX,One year,DSL,Bank transfer (automatic),45,24-48m,51.0,2264.5,4,0,0.05017773276795906,8
6969-MVBAI,Month-to-month,Fiber optic,Electronic check,9,6-12m,90.1,816.8,2,0,0.8038669307417723,1
2978-XXSOG,Month-to-month,DSL,Mailed check,22,12-24m,59.05,1253.5,2,0,0.17635429310089068,6
2342-CKIAO,Month-to-month,No,Mailed check,2,0-6m,20.3,41.2,0,0,0.16109404596340196,6
6953-PBDIN,Two year,DSL,Bank transfer (automatic),70,48-72m,72.95,5265.55,4,0,0.013705846770483523,10
3898-BSJYF,One year,DSL,Credit card (automatic),10,6-12m,73.55,693.3,4,0,0.11101199426459282,7
3938-YFPXD,Two year,DSL,Credit card (automatic),72,72m+,84.3,5997.1,5,0,0.013184491839819613,10
7696-AMHOD,One year,DSL,Credit card (automatic),49,48-72m,78.0,3824.2,4,0,0.05138425237388626,8
2453-SAFNS,One year,DSL,Mailed check,54,48-72m,72.1,3886.05,3,0,0.05028208347973422,8
9558-IHEZX,Two year,Fiber optic,Credit card (automatic),71,48-72m,106.75,7283.25,5,0,0.06115631383605065,8
9617-UDPEU,One year,No,Mailed check,22,12-24m,19.25,412.55,0,0,0.06537921095715425,7
6340-DACFT,Two year,No,Credit card (automatic),50,48-72m,20.55,1070.25,0,0,0.008460868574699803,10
4955-VCWBI,One year,No,Mailed check,43,24-48m,20.0,817.95,0,0,0.0188511338821447,9
6813-GZQCG,Two year,No,Credit card (automatic),45,24-48m,24.65,1171.3,0,0,0.0190863630799098,9
7426-GSWPO,Month-to-month,Fiber optic,Bank transfer (automatic),64,48-72m,103.5,6548.65,4,0,0.2644301821607788,5
3389-KTRXV,Two year,No,Mailed check,23,12-24m,23.85,625.65,0,0,0.02784567299743393,9
3118-UHVVQ,Two year,No,Credit card (automatic),68,48-72m,25.8,1911.5,0,0,0.007098975280487919,10
1031-IIDEO,Month-to-month,Fiber optic,Electronic check,1,0-6m,70.85,70.85,0,1,0.7042626540907367,1
5832-XKAES,Month-to-month,Fiber optic,Credit card (automatic),2,0-6m,69.8,134.7,0,1,0.6096420365475309,2
3205-MXZRA,One year,DSL,Credit card (automatic),26,24-48m,59.45,1507.0,2,0,0.08915952259439744,7
4701-AHWMW,Month-to-month,DSL,Bank transfer (automatic),55,48-72m,54.55,2978.3,4,1,0.1620762398201088,6
8317-BVKSO,Month-to-month,No,Electronic check,14,12-24m,20.05,299.3,0,0,0.22075022791690213,5
5702-KVQRD,Two year,DSL,Electronic check,71,48-72m,82.55,5832.65,5,0,0.018629041199165693,9
0083-PIVIK,One year,DSL,Electronic check,64,48-72m,81.25,5567.55,5,0,0.03174043315049518,9
9210-IAHGH,Month-to-month,DSL,Credit card (automatic),7,6-12m,70.75,450.8,3,1,0.3964994666596919,3
6169-PGNCD,Two year,DSL,Credit card (automatic),57,48-72m,74.3,4166.35,5,0,0.016610470549298553,9
0023-XUOPT,Month-to-month,Fiber optic,Electronic check,13,12-24m,94.1,1215.6,3,1,0.6403578538039939,2
4592-IWTJI,Month-to-month,DSL,Credit card (automatic),3,0-6m,29.7,91.7,1,1,0.28782817452820025,4
4909-JOUPP,Two year,Fiber optic,Credit card (automatic),72,72m+,109.7,7898.45,5,0,0.045949916656570625,8
4657-FWVFY,Month-to-month,Fiber optic,Credit card (automatic),40,24-48m,96.35,3915.4,3,0,0.3543242040188207,4
2257-BOVXD,Month-to-month,DSL,Credit card (automatic),14,12-24m,66.6,979.5,2,0,0.33076980237074055,4
7729-JTEEC,Month-to-month,DSL,Electronic check,2,0-6m,44.5,90.05,0,0,0.4435011325361303,3
7632-MNYOY,One year,Fiber optic,Credit card (automatic),66,48-72m,110.9,7432.05,5,1,0.10015684112084636,7
6518-LGAOV,Month-to-month,Fiber optic,Electronic check,38,24-48m,105.0,4026.4,4,1,0.5077352106982993,3
7242-QZLXF,Month-to-month,DSL,Electronic check,1,0-6m,25.3,25.3,0,1,0.5856912536892518,2
4576-CSAJH,One year,DSL,Credit card (automatic),22,12-24m,55.15,1193.05,2,1,0.09458793339788202,7
1000-AJSLD,Month-to-month,No,Mailed check,1,0-6m,20.1,20.1,0,1,0.22000036864602768,5
9696-RMYBA,Month-to-month,Fiber optic,Mailed check,5,0-6m,80.1,398.55,1,0,0.6509406552586906,2
8690-UPCZI,One year,DSL,Bank transfer (automatic),29,24-48m,69.05,1958.45,3,0,0.06090927544849457,8
1062-LHZOD,Month-to-month,Fiber optic,Mailed check,1,0-6m,69.9,69.9,0,1,0.5568931482776843,2
9770-LXDBK,Month-to-month,No,Mailed check,3,0-6m,20.4,63.15,0,0,0.15627948761235383,6
4086-WITJG,Two year,No,Credit card (automatic),71,48-72m,19.7,1301.1,0,0,0.004278714951569662,10
8344-WFMFH,Month-to-month,DSL,Electronic check,9,6-12m,50.1,484.05,1,0,0.38037217202256585,4
9600-NAXZN,Month-to-month,Fiber optic,Electronic check,43,24-48m,101.4,4528.0,3,1,0.5492987338400946,2
8822-KNBHV,One year,DSL,Credit card (automatic),48,48-72m,83.45,3887.85,5,0,0.09272324066773341,7
8404-FYDIB,Month-to-month,Fiber optic,Credit card (automatic),26,24-48m,86.65,2208.75,2,0,0.36150108435823103,4
2791-SFVEW,Month-to-month,No,Bank transfer (automatic),9,6-12m,20.15,238.15,0,0,0.13267755202854017,6
6457-USBER,Month-to-month,Fiber optic,Electronic check,1,0-6m,80.8,80.8,1,1,0.7522596545612862,1
6762-NSODU,Two year,No,Credit card (automatic),46,24-48m,19.4,958.15,0,0,0.009937970696909373,10
4662-EKDPQ,Month-to-month,DSL,Bank transfer (automatic),2,0-6m,62.05,118.3,1,1,0.42092898103784065,3
9248-OJYKK,Month-to-month,Fiber optic,Electronic check,1,0-6m,76.45,76.45,0,1,0.7953943002814623,1
9888-ZCUMM,Two year,DSL,Bank transfer (automatic),64,48-72m,60.05,3845.45,5,0,0.02259961939945681,9
3398-FSHON,Month-to-month,Fiber optic,Electronic check,12,12-24m,91.3,1094.5,2,1,0.771663632011641,1
3319-DWOEP,Month-to-month,Fiber optic,Electronic check,6,6-12m,95.75,573.75,3,1,0.7980678580567895,1
1074-WVEVG,One year,No,Mailed check,59,48-72m,20.35,1267.0,0,0,0.012711124107925896,10
9979-RGMZT,One year,Fiber optic,Mailed check,7,6-12m,94.05,633.45,3,0,0.5071970169219086,3
6437-UDQJM,Two year,DSL,Credit card (automatic),72,72m+,84.1,6129.65,5,0,0.02785112048398894,9
1226-IENZN,Month-to-month,Fiber optic,Electronic check,16,12-24m,78.75,1218.25,1,0,0.7051303624288923,1
2108-GLPQB,Month-to-month,DSL,Credit card (automatic),25,24-48m,55.55,1405.3,1,0,0.20195821501503305,5
9259-PACGQ,Month-to-month,DSL,Electronic check,34,24-48m,62.65,2274.9,3,1,0.12156921062661027,6
4415-IJZTP,Month-to-month,Fiber optic,Electronic check,1,0-6m,74.5,74.5,0,1,0.7665027849905088,1
1465-VINDH,Month-to-month,Fiber optic,Credit card (automatic),10,6-12m,102.1,1068.85,4,1,0.680030727291693,1
5474-LAMUQ,One year,No,Mailed check,24,24-48m,20.1,533.9,0,0,0.040355957383028766,8
3468-DRVQJ,One year,DSL,Electronic check,10,6-12m,70.3,676.15,3,0,0.19472068809660803,5
1122-YJBCS,One year,DSL,Credit card (automatic),69,48-72m,53.65,3804.4,2,0,0.020097602004518992,9
4990-ALDGW,Two year,No,Mailed check,57,48-72m,20.75,1118.8,0,0,0.008085570552365048,10
4816-OKWNX,One year,Fiber optic,Bank transfer (automatic),50,48-72m,103.4,5236.4,5,0,0.11928124021814959,6
3315-IKYZQ,One year,DSL,Mailed check,28,24-48m,50.8,1386.8,4,0,0.07067448958939762,7
2810-FTLEM,Month-to-month,DSL,Electronic check,16,12-24m,50.15,762.25,1,1,0.297989270379138,4
4747-LCAQL,Month-to-month,DSL,Mailed check,25,24-48m,79.0,1902.0,5,0,0.18830802609331898,5
3411-WLRSQ,Month-to-month,Fiber optic,Bank transfer (automatic),3,0-6m,74.6,239.05,1,0,0.6105742648895153,2
0898-XCGTF,One year,Fiber optic,Bank transfer (automatic),61,48-72m,96.5,5673.7,2,0,0.1760202535775023,6
8006-PYCSW,Month-to-month,No,Mailed check,2,0-6m,20.1,39.8,0,0,0.16174891103344824,6
8249-THVEC,One year,No,Mailed check,51,48-72m,19.4,997.75,0,0,0.014675280307102257,10
8722-PRFDV,Two year,DSL,Credit card (automatic),71,48-72m,77.55,5574.35,4,0,0.010842057774469168,10
2164-SOQXL,Month-to-month,No,Mailed check,20,12-24m,20.05,406.05,0,0,0.07789944961458219,7
4020-KIUDI,Month-to-month,No,Credit card (automatic),6,6-12m,19.85,138.85,0,0,0.1225585615088177,6
5850-BDWCY,Month-to-month,No,Mailed check,6,6-12m,20.2,123.65,0,0,0.14402233453267485,6
2038-YSEZE,Month-to-month,DSL,Mailed check,29,24-48m,67.45,1801.1,3,0,0.09187003233668564,7
0827-ITJPH,Two year,No,Credit card (automatic),36,24-48m,18.55,689.0,0,0,0.02467744236786214,9
8799-OXZMD,Month-to-month,DSL,Mailed check,28,24-48m,29.75,790.7,1,0,0.2960585297761541,4
1925-TIBLE,Month-to-month,Fiber optic,Electronic check,7,6-12m,86.5,582.5,1,1,0.7641982774012059,1
1705-GUHPV,Two year,No,Mailed check,63,48-72m,24.2,1618.2,0,0,0.009142777366742318,10
4779-ZGICK,Two year,No,Mailed check,48,48-72m,23.55,1173.35,0,0,0.012288418359115922,10
0048-PIHNL,One year,No,Bank transfer (automatic),49,48-72m,20.45,900.9,0,0,0.01774186598732124,9
0818-OCPZO,Month-to-month,Fiber optic,Electronic check,27,24-48m,81.45,2122.05,1,1,0.597946054309588,2
3967-KXAPS,Two year,DSL,Credit card (automatic),72,72m+,92.3,6719.9,6,0,0.010465813714851536,10
1447-GIQMR,Month-to-month,Fiber optic,Electronic check,1,0-6m,69.15,69.15,0,1,0.6971428394000775,1
3704-IEAXF,Two year,DSL,Credit card (automatic),72,72m+,53.65,3784.0,4,0,0.017566108356157288,9
6810-VCAEX,One year,DSL,Credit card (automatic),47,24-48m,39.65,1798.65,3,0,0.035066881475486665,8
0674-EYYZV,Month-to-month,DSL,Electronic check,1,0-6m,54.65,54.65,1,0,0.5834833294617751,2
4480-MBMLB,One year,Fiber optic,Bank transfer (automatic),36,24-48m,104.8,3886.45,4,0,0.3328476613918947,4
1395-OFUWC,Month-to-month,DSL,Credit card (automatic),43,24-48m,29.3,1224.05,1,0,0.12309255430478748,6
0822-QGCXA,Month-to-month,DSL,Electronic check,27,24-48m,83.85,2310.2,5,0,0.3409661811680895,4
0872-NXJYS,Month-to-month,Fiber optic,Electronic check,9,6-12m,79.55,723.4,1,1,0.705113349121526,1
2832-KJCRD,Month-to-month,Fiber optic,Electronic check,38,24-48m,103.65,3988.5,4,0,0.5346121198443003,3
3588-WSTTJ,Month-to-month,Fiber optic,Electronic check,35,24-48m,99.05,3554.6,3,0,0.613356714960253,2
4075-WKNIU,Two year,DSL,Mailed check,0,0-6m,73.35,0.0,4,0,0.11090159487783943,7
5090-EMGTC,Two year,Fiber optic,Mailed check,59,48-72m,100.05,6034.85,4,0,0.05915080377718571,8
2346-CZYIL,Two year,No,Credit card (automatic),27,24-48m,20.35,531.6,0,0,0.02267478866270215,9
3798-EPWRR,Month-to-month,DSL,Electronic check,2,0-6m,43.95,85.1,0,0,0.4695807657304545,3
6258-NGCNG,Month-to-month,No,Mailed check,7,6-12m,23.5,173.0,0,0,0.18445254884570264,5
4186-ZBUEW,One year,DSL,Mailed check,36,24-48m,70.7,2511.95,3,0,0.09621590117764287,7
5274-XHAKY,Month-to-month,Fiber optic,Bank transfer (automatic),41,24-48m,94.3,3893.6,3,0,0.2792539571095381,4
1442-BQPVU,Month-to-month,DSL,Electronic check,13,12-24m,29.15,357.15,1,0,0.42182489015513697,3
3978-YNKDD,Two year,No,Credit card (automatic),19,12-24m,20.85,467.5,0,0,0.025259685660371633,9
4940-KHCWD,Two year,DSL,Bank transfer (automatic),60,48-72m,37.7,2288.7,3,0,0.012221296800097078,10
9412-ARGBX,Two year,Fiber optic,Mailed check,48,48-72m,95.5,4627.85,4,1,0.06043928325937812,8
1389-CXMLU,Month-to-month,Fiber optic,Electronic check,3,0-6m,91.05,289.1,2,1,0.7761857720778821,1
9589-ABEPT,Two year,Fiber optic,Mailed check,69,48-72m,92.45,6460.55,3,0,0.04770945945926439,8
9388-ZEYVT,One year,DSL,Electronic check,43,24-48m,44.15,1931.3,3,0,0.11055927236860215,7
0305-SQECB,One year,DSL,Mailed check,11,6-12m,36.05,402.6,2,0,0.1325262494153462,6
7605-SNLQG,Month-to-month,DSL,Credit card (automatic),45,24-48m,50.25,2221.55,1,0,0.12109118287063575,6
4670-TABXH,Two year,Fiber optic,Credit card (automatic),72,72m+,109.75,7758.9,5,0,0.051923436333393504,8
5561-NWEVX,Month-to-month,Fiber optic,Electronic check,2,0-6m,79.2,172.85,1,1,0.7179681137248054,1
0064-SUDOG,Two year,No,Bank transfer (automatic),12,12-24m,20.3,224.5,0,0,0.029266137851001996,9
8561-NMTBD,One year,Fiber optic,Credit card (automatic),67,48-72m,112.35,7388.45,5,0,0.08658713828861456,7
5161-XEUVX,Two year,Fiber optic,Mailed check,37,24-48m,94.3,3460.95,3,0,0.09579637545951186,7
8292-FRFZQ,One year,DSL,Bank transfer (automatic),39,24-48m,41.15,1700.9,3,0,0.04292896535930219,8
8591-NXRCV,Month-to-month,DSL,Bank transfer (automatic),41,24-48m,74.65,3090.65,4,0,0.12219551152498102,6
7895-VONWT,Month-to-month,DSL,Electronic check,25,24-48m,48.25,1293.8,3,0,0.5660969146926709,2
4526-RMTLL,Two year,DSL,Credit card (automatic),8,6-12m,76.15,645.8,4,0,0.07886567664324799,7
6253-GNHWH,Two year,DSL,Mailed check,71,48-72m,71.1,5224.95,4,0,0.005409611852260724,10
4566-NECEV,Month-to-month,Fiber optic,Electronic check,5,0-6m,96.55,500.1,3,0,0.6880916113466293,1
8080-POTJR,One year,DSL,Credit card (automatic),30,24-48m,79.3,2427.1,4,0,0.16662762299909503,6
6906-MPARY,One year,Fiber optic,Credit card (automatic),40,24-48m,89.6,3488.15,3,0,0.14966078862968352,6
3662-FXJFO,Two year,No,Mailed check,54,48-72m,20.5,1035.7,0,0,0.012659487719995019,10
8107-RZLNV,Two year,Fiber optic,Bank transfer (automatic),72,72m+,106.3,7565.35,4,0,0.0686439530351605,7
0516-OOHAR,One year,Fiber optic,Bank transfer (automatic),28,24-48m,100.35,2799.0,4,0,0.21495607243971607,5
2027-CWDNU,Month-to-month,Fiber optic,Electronic check,18,12-24m,85.6,1601.5,2,0,0.49128784317137775,3
2737-WFVYW,Month-to-month,DSL,Electronic check,2,0-6m,45.25,85.5,2,1,0.7339038698350877,1
9912-OMZDS,One year,Fiber optic,Electronic check,59,48-72m,106.15,6256.2,4,0,0.21630123437880944,5
3733-ZEECP,Month-to-month,DSL,Electronic check,22,12-24m,51.1,1232.9,1,0,0.2149311337666487,5
7878-RTCZG,Month-to-month,No,Mailed check,1,0-6m,19.9,19.9,0,0,0.16703495707921406,6
2452-MRMZF,Two year,No,Credit card (automatic),72,72m+,25.7,1937.4,0,0,0.010872027919382061,10
2272-QAGFO,Month-to-month,Fiber optic,Electronic check,14,12-24m,74.3,1096.25,0,1,0.7255896167504062,1
7103-IPXPJ,One year,Fiber optic,Electronic check,50,48-72m,99.4,5059.75,3,0,0.19949878231666832,5
4342-HFXWS,One year,DSL,Bank transfer (automatic),48,48-72m,69.7,3023.65,4,0,0.02408108998935696,9
3545-CNWRG,Month-to-month,Fiber optic,Electronic check,49,48-72m,98.35,4889.2,3,0,0.4621215219286996,3
1785-BPHTP,Month-to-month,Fiber optic,Electronic check,28,24-48m,85.45,2289.9,2,0,0.42331165001945587,3
4989-LIXVT,Month-to-month,Fiber optic,Electronic check,68,48-72m,95.9,6503.2,3,0,0.3207003498877196,4
7315-WYOAW,Month-to-month,Fiber optic,Electronic check,13,12-24m,100.75,1313.25,3,0,0.6470638531582519,2
1173-XZPYF,Month-to-month,Fiber optic,Electronic check,11,6-12m,89.2,990.3,2,0,0.7593034791916,1
9850-OWRHQ,Month-to-month,Fiber optic,Credit card (automatic),3,0-6m,74.1,228.0,0,1,0.6552857306051311,2
3768-NLUBH,Month-to-month,Fiber optic,Electronic check,57,48-72m,100.6,5746.15,3,1,0.40234805748376007,3
8676-TRMJS,Month-to-month,Fiber optic,Mailed check,3,0-6m,75.0,209.1,0,1,0.5799978615483228,2
2509-TFPJU,Two year,No,Credit card (automatic),72,72m+,25.75,1864.2,0,0,0.006218086193118902,10
9530-GRMJG,Two year,DSL,Electronic check,70,48-72m,84.1,5979.7,5,0,0.03147418880196231,9
6898-RBTLU,Two year,DSL,Bank transfer (automatic),49,48-72m,79.3,3902.45,4,0,0.029777158619005602,9
5481-NTDOH,One year,Fiber optic,Credit card (automatic),67,48-72m,107.05,7142.5,4,0,0.12922231716590948,6
2068-WWXQZ,Two year,No,Bank transfer (automatic),46,24-48m,20.05,902.0,0,0,0.011914650390924817,10
7359-SSBJK,Two year,DSL,Credit card (automatic),64,48-72m,70.2,4481.0,4,1,0.01631985736101648,9
2061-VVFST,Month-to-month,No,Bank transfer (automatic),37,24-48m,19.5,805.2,0,0,0.05320502665481101,8
0685-MLYYM,Month-to-month,Fiber optic,Electronic check,2,0-6m,70.75,154.85,0,1,0.6696812713937654,1
0749-IRGQE,Month-to-month,DSL,Electronic check,13,12-24m,45.3,528.45,2,0,0.6078832288625743,2
2380-DAMQP,Two year,Fiber optic,Electronic check,72,72m+,115.15,8349.7,6,0,0.03873977184254013,8
2256-YLYLP,Two year,DSL,Bank transfer (automatic),68,48-72m,72.95,4953.25,4,0,0.01852690751730131,9
1272-ILHFG,One year,No,Mailed check,15,12-24m,19.65,332.65,0,0,0.047353941238212745,8
0164-XAIRP,Two year,No,Bank transfer (automatic),24,24-48m,19.55,470.2,0,0,0.034900539909024704,8
5666-CYCYZ,Month-to-month,Fiber optic,Electronic check,24,24-48m,89.55,2259.35,2,0,0.5740867758967809,2
4011-ARPHK,Month-to-month,DSL,Mailed check,27,24-48m,50.35,1411.35,1,0,0.11728937606418889,6
8182-PNAGI,Month-to-month,DSL,Bank transfer (automatic),12,12-24m,50.25,593.75,1,1,0.1825910029710184,5
6365-HITVU,Two year,DSL,Credit card (automatic),71,48-72m,87.25,6328.7,6,0,0.007040097753102052,10
7558-IMLMT,Two year,No,Mailed check,67,48-72m,20.8,1411.9,0,0,0.006542925779264007,10
9488-FYQAU,Two year,Fiber optic,Bank transfer (automatic),63,48-72m,109.25,6841.4,5,0,0.06835926679806918,7
3590-TCXTB,Month-to-month,No,Mailed check,1,0-6m,20.35,20.35,0,0,0.16552595971444944,6
6994-KERXL,Month-to-month,DSL,Electronic check,4,0-6m,55.9,238.5,1,0,0.5337564922468034,3
7957-RYHQD,Month-to-month,Fiber optic,Credit card (automatic),40,24-48m,79.2,3233.85,2,1,0.25870358034349134,5
2180-DXNEG,Month-to-month,Fiber optic,Electronic check,12,12-24m,96.0,1062.1,3,1,0.7359757473700954,1
1960-UOTYM,Two year,DSL,Electronic check,52,48-72m,79.2,4016.3,5,0,0.030309163340938534,9
2740-JFBOK,Month-to-month,No,Electronic check,10,6-12m,24.0,226.55,0,0,0.30725511472462214,4
6500-JVEGC,One year,Fiber optic,Bank transfer (automatic),68,48-72m,101.35,7110.75,4,0,0.059413859137525234,8
5515-AKOAJ,Month-to-month,Fiber optic,Electronic check,54,48-72m,100.1,5440.9,3,1,0.3985169073556617,3
8976-OQHGT,Month-to-month,DSL,Mailed check,4,0-6m,56.5,235.1,2,1,0.17192356083690938,6
5245-VDBUR,One year,DSL,Mailed check,52,48-72m,35.45,1958.95,2,0,0.03975031972853034,8
6230-BSUXY,Month-to-month,Fiber optic,Electronic check,1,0-6m,85.0,85.0,2,1,0.7897155665051317,1
8469-SNFFH,One year,DSL,Bank transfer (automatic),70,48-72m,79.4,5528.9,5,0,0.01652615447537314,9
2144-ESWKO,One year,DSL,Credit card (automatic),43,24-48m,35.2,1463.7,2,0,0.08108105952668318,7
1241-FPMOF,Two year,No,Mailed check,52,48-72m,19.65,1025.05,0,0,0.009807836910533585,10
9928-BZVLZ,Two year,DSL,Mailed check,12,12-24m,49.85,552.1,4,0,0.07914965899678927,7
4114-QMKVN,One year,DSL,Bank transfer (automatic),56,48-72m,68.75,3815.4,3,0,0.03117178060083194,9
2775-SEFEE,Two year,DSL,Bank transfer (automatic),0,0-6m,61.9,0.0,3,0,0.09321119156236876,7
9003-CPATH,Month-to-month,Fiber optic,Electronic check,42,24-48m,79.9,3313.4,1,0,0.36133971732083114,4
1754-GKYPY,Month-to-month,Fiber optic,Bank transfer (automatic),22,12-24m,89.75,1938.9,2,0,0.6099654983414794,2
5294-CDGWY,One year,DSL,Electronic check,51,48-72m,59.3,3014.65,5,1,0.08621418118528218,7
7956-XQWGU,Month-to-month,No,Credit card (automatic),27,24-48m,19.4,460.25,0,0,0.10942764861795788,7
1591-MQJTP,One year,Fiber optic,Bank transfer (automatic),51,48-72m,93.65,4839.15,3,0,0.16490430698733202,6
5295-PCJOO,Month-to-month,DSL,Electronic check,4,0-6m,49.4,184.4,1,1,0.35859531001937484,4
2369-FEVNO,Month-to-month,No,Mailed check,1,0-6m,19.9,19.9,0,0,0.22083165933684765,5
9863-JZAIC,Month-to-month,DSL,Mailed check,35,24-48m,55.0,2010.55,1,1,0.16772154207394185,6
7471-MQPOS,One year,DSL,Bank transfer (automatic),71,48-72m,72.9,5139.65,4,0,0.03312607830231677,8
7660-HDPJV,Month-to-month,Fiber optic,Electronic check,1,0-6m,69.2,69.2,0,1,0.7125070463447398,1
5115-SQAAU,Two year,No,Bank transfer (automatic),69,48-72m,25.6,1673.4,0,0,0.008224235541350653,10
9845-QOMAD,One year,No,Mailed check,14,12-24m,19.75,309.35,0,0,0.04878272960919317,8
7672-VFMXZ,Month-to-month,DSL,Electronic check,57,48-72m,55.7,3171.6,2,0,0.04619514120159411,8
9739-JLPQJ,Two year,Fiber optic,Credit card (automatic),72,72m+,117.5,8670.1,6,0,0.021283356254870836,9
9916-AYHTC,Two year,No,Credit card (automatic),48,48-72m,19.85,916.0,0,0,0.011452371324258671,10
3855-ONCAR,Month-to-month,Fiber optic,Mailed check,4,0-6m,78.9,299.75,1,0,0.6140355085663849,2
1488-SYSFC,Month-to-month,No,Electronic check,31,24-48m,20.65,702.05,0,0,0.11211278456467524,7
7931-PXHFC,One year,DSL,Mailed check,38,24-48m,62.3,2354.8,3,1,0.0794069108473509,7
3990-QYKBE,Month-to-month,Fiber optic,Electronic check,37,24-48m,92.5,3473.4,2,1,0.6728872285461907,1
0970-QXPXW,Month-to-month,No,Mailed check,1,0-6m,19.65,19.65,0,0,0.1678780305982579,6
3259-KNMRR,Two year,DSL,Bank transfer (automatic),57,48-72m,79.75,4438.2,4,0,0.06621682123501962,7
6120-RJKLU,Two year,DSL,Credit card (automatic),62,48-72m,79.95,4819.75,5,0,0.021969344873248156,9
9572-WUKSB,Month-to-month,DSL,Electronic check,3,0-6m,29.9,92.25,1,0,0.5007747254561705,3
5893-KCLGT,Two year,No,Mailed check,72,72m+,19.75,1567.0,0,0,0.006116883949050173,10
0076-LVEPS,Month-to-month,DSL,Mailed check,29,24-48m,45.0,1242.45,4,0,0.13471411040214154,6
3640-JQGJG,Month-to-month,DSL,Bank transfer (automatic),13,12-24m,44.8,559.2,0,0,0.19999430780296176,5
4919-MOAVT,Month-to-month,Fiber optic,Electronic check,3,0-6m,69.65,220.1,0,1,0.5834571924478411,2
1596-OQSPS,Month-to-month,DSL,Electronic check,11,6-12m,51.1,531.15,1,0,0.3145479498755443,4
9867-XOBQA,Two year,DSL,Mailed check,21,12-24m,53.15,1183.2,5,0,0.05327821885128154,8
9546-KDTRB,Month-to-month,No,Bank transfer (automatic),19,12-24m,24.7,465.85,0,0,0.12845018149427342,6
3090-HAWSU,Two year,Fiber optic,Credit card (automatic),61,48-72m,111.6,6876.05,5,1,0.05825549926163918,8
9820-RMCQV,Month-to-month,DSL,Credit card (automatic),11,6-12m,48.55,501.0,1,1,0.1963059096266418,5
3174-RKMOW,Month-to-month,Fiber optic,Electronic check,35,24-48m,109.95,3782.4,5,0,0.47516578434125195,3
1760-CAZHT,Month-to-month,No,Mailed check,25,24-48m,20.8,460.2,0,0,0.07027087240149538,7
7839-QRKXN,Month-to-month,No,Mailed check,1,0-6m,20.2,20.2,0,1,0.21958556665846976,5
8441-SHIPE,Two year,No,Bank transfer (automatic),67,48-72m,25.6,1790.35,0,0,0.010948137709205743,10
5204-QZXPU,Month-to-month,DSL,Electronic check,19,12-24m,39.65,733.35,2,1,0.5478890210852412,2
4597-ELFTS,One year,No,Electronic check,56,48-72m,24.9,1334.0,0,1,0.031167925505296172,9
1320-GVNHT,Two year,Fiber optic,Credit card (automatic),72,72m+,108.4,7767.25,5,0,0.04625107095877926,8
1047-RNXZV,Two year,No,Mailed check,43,24-48m,19.55,876.15,0,0,0.013262242480987136,10
3541-ZNUHK,Month-to-month,Fiber optic,Electronic check,55,48-72m,85.1,4600.95,2,0,0.21164842037734874,5
8450-JOVAH,Month-to-month,DSL,Mailed check,2,0-6m,56.7,113.55,1,1,0.24175829937191176,5
8725-JEDFD,Month-to-month,Fiber optic,Mailed check,27,24-48m,69.05,1793.25,0,0,0.4003194472937679,3
7562-UXTPG,Month-to-month,Fiber optic,Mailed check,13,12-24m,70.15,886.7,0,0,0.5100745585591859,3
8071-SBTRN,Two year,Fiber optic,Mailed check,70,48-72m,111.15,7737.55,5,0,0.05567539053233876,8
1113-IUJYX,One year,Fiber optic,Mailed check,14,12-24m,105.95,1348.9,5,1,0.19856461963546354,5
6668-CNMFP,One year,Fiber optic,Bank transfer (automatic),19,12-24m,89.35,1686.85,2,0,0.2902373036266612,4
5626-MGTUK,Month-to-month,Fiber optic,Bank transfer (automatic),20,12-24m,89.1,1879.25,2,0,0.5176983355650082,3
5681-LLOEI,One year,Fiber optic,Credit card (automatic),43,24-48m,91.25,4013.8,3,0,0.0866780688227547,7
8212-DJRCH,Month-to-month,Fiber optic,Mailed check,5,0-6m,90.35,434.5,3,0,0.4842829332163842,3
4323-OHFOW,One year,Fiber optic,Bank transfer (automatic),70,48-72m,105.55,7195.35,4,0,0.11404907899890505,7
4933-BSAIP,Two year,No,Mailed check,40,24-48m,19.1,780.1,0,0,0.013751890469087867,10
2030-BTZRO,Two year,No,Credit card (automatic),6,6-12m,20.4,107.6,0,0,0.050508428455294345,8
1116-DXXDF,Two year,Fiber optic,Electronic check,39,24-48m,100.45,3801.7,4,0,0.17759773693397807,6
9274-CNFMO,Month-to-month,Fiber optic,Electronic check,4,0-6m,74.95,308.7,0,1,0.7051750614596851,1
7758-XKCBS,Month-to-month,DSL,Electronic check,15,12-24m,29.7,438.25,1,1,0.42049419690449763,3
8992-JQYUN,Month-to-month,DSL,Electronic check,1,0-6m,50.35,50.35,3,1,0.7206287402484352,1
6563-VNPMN,Month-to-month,Fiber optic,Bank transfer (automatic),45,24-48m,85.7,3778.1,3,0,0.16294042939322478,6
0617-AQNWT,Two year,DSL,Electronic check,64,48-72m,47.85,3147.5,4,1,0.0221029140838356,9
2267-WTPYD,Month-to-month,Fiber optic,Credit card (automatic),57,48-72m,94.0,5438.95,3,0,0.2370092332259861,5
0270-THENM,Two year,DSL,Bank transfer (automatic),72,72m+,69.85,5102.35,4,0,0.005415564990458325,10
2446-PLQVO,Month-to-month,Fiber optic,Electronic check,1,0-6m,70.3,70.3,0,1,0.7070260035901207,1
4707-MAXGU,Two year,No,Credit card (automatic),72,72m+,25.85,1872.2,0,0,0.00620315665135482,10
2710-WYVXG,Two year,DSL,Mailed check,3,0-6m,71.1,213.35,4,0,0.061335246517702925,8
3005-NFMTA,Month-to-month,Fiber optic,Electronic check,55,48-72m,98.8,5617.75,3,1,0.4488220632887152,3
6300-BWMJX,Month-to-month,Fiber optic,Electronic check,59,48-72m,93.35,5386.5,3,0,0.22732339043844096,5
8784-CGILN,Month-to-month,Fiber optic,Bank transfer (automatic),18,12-24m,99.85,1776.95,3,1,0.5913672649594621,2
5389-FFVKB,Month-to-month,Fiber optic,Credit card (automatic),32,24-48m,80.3,2483.05,1,1,0.45197906623726813,3
7009-LGECI,Month-to-month,DSL,Bank transfer (automatic),4,0-6m,50.55,235.65,1,0,0.2892864344454097,4
8444-WRIDW,Month-to-month,Fiber optic,Credit card (automatic),66,48-72m,80.45,5224.35,1,1,0.21337172833810455,5
5022-KVDQT,Month-to-month,Fiber optic,Electronic check,27,24-48m,81.3,2272.8,1,0,0.5614959220107528,2
7976-CICYS,Month-to-month,No,Credit card (automatic),4,0-6m,20.7,83.75,0,0,0.20518694448803457,5
1036-GUDCL,Month-to-month,DSL,Credit card (automatic),60,48-72m,79.05,4663.4,5,0,0.05548927325377128,8
2005-DWQZJ,Two year,No,Mailed check,8,6-12m,19.05,201.7,0,0,0.03418067825890843,8
8148-WOCMK,Two year,No,Credit card (automatic),8,6-12m,19.6,125.0,0,0,0.034633391456746154,8
7815-PDTHL,Two year,No,Mailed check,35,24-48m,20.2,684.4,0,0,0.023890942969611324,9
9451-LPGOO,Month-to-month,Fiber optic,Electronic check,7,6-12m,86.8,620.35,1,1,0.7636810817669502,1
9173-IVZVP,Two year,No,Mailed check,53,48-72m,20.9,1146.05,0,0,0.00739050219257926,10
9129-UXERG,Month-to-month,Fiber optic,Credit card (automatic),18,12-24m,103.6,1806.35,4,0,0.6347120180361611,2
3635-JBPSG,Two year,DSL,Mailed check,15,12-24m,38.8,603.0,2,0,0.1787385573281062,5
7964-ZRKKG,One year,Fiber optic,Bank transfer (automatic),67,48-72m,88.4,5798.3,2,0,0.11938271004973504,6
5868-YWPDW,Month-to-month,Fiber optic,Electronic check,6,6-12m,84.2,519.15,2,1,0.7381381853803125,1
6229-LSCKB,Month-to-month,Fiber optic,Electronic check,6,6-12m,79.7,497.6,1,0,0.7783392182250471,1
2025-JKFWI,Month-to-month,Fiber optic,Mailed check,13,12-24m,99.0,1301.7,3,1,0.6350390070923505,2
4078-SAYYN,Month-to-month,Fiber optic,Electronic check,11,6-12m,100.75,1129.75,3,1,0.7946495212234952,1
1724-IQWNM,Month-to-month,No,Mailed check,1,0-6m,19.3,19.3,0,0,0.19896380130613558,5
8217-QYOHV,Month-to-month,DSL,Mailed check,5,0-6m,55.75,266.95,2,0,0.21438120178285208,5
5546-QUERU,One year,No,Mailed check,13,12-24m,19.95,257.0,0,0,0.08517275362354754,7
9940-HPQPG,Month-to-month,Fiber optic,Bank transfer (automatic),9,6-12m,91.75,865.8,3,1,0.3856033022856751,4
6897-UUBNU,Month-to-month,Fiber optic,Mailed check,29,24-48m,89.65,2623.65,3,0,0.2764156590053382,4
6127-IYJOZ,Month-to-month,DSL,Mailed check,1,0-6m,45.85,45.85,0,0,0.4430647988050012,3
6618-RYATB,Month-to-month,Fiber optic,Mailed check,1,0-6m,79.55,79.55,1,1,0.6734456156177405,1
8930-XOTDP,Month-to-month,DSL,Mailed check,18,12-24m,55.95,1082.8,1,0,0.21850509307217106,5
5916-QEWPT,Month-to-month,DSL,Credit card (automatic),2,0-6m,69.0,147.8,3,0,0.4263462699575832,3
5060-TQUQN,Month-to-month,Fiber optic,Bank transfer (automatic),30,24-48m,83.55,2570.2,2,0,0.29638444655750784,4
0531-XBKMM,Two year,DSL,Bank transfer (automatic),66,48-72m,65.7,4378.9,3,0,0.007149295502465969,10
8465-SBRXP,Two year,Fiber optic,Bank transfer (automatic),38,24-48m,94.9,3616.25,3,0,0.11017238149956594,7
2408-PSJVE,Month-to-month,DSL,Mailed check,44,24-48m,61.9,2924.05,3,0,0.06883607320383409,7
9079-YEXQJ,Month-to-month,Fiber optic,Electronic check,54,48-72m,111.1,6014.85,5,1,0.2909174240700744,4
9700-ZCLOT,Month-to-month,No,Mailed check,2,0-6m,20.0,32.7,0,0,0.1620771484159177,6
8738-JOKAR,One year,DSL,Mailed check,42,24-48m,67.7,2882.25,4,0,0.04642681415261607,8
4534-WGCIR,Two year,No,Credit card (automatic),58,48-72m,25.15,1509.9,0,0,0.008706277161939004,10
1930-WNXSB,Month-to-month,Fiber optic,Electronic check,58,48-72m,92.85,5305.05,3,0,0.32500628375416996,4
2685-SREOM,Month-to-month,Fiber optic,Electronic check,25,24-48m,89.1,2368.4,2,1,0.5958041787109103,2
3508-CFVZL,Two year,Fiber optic,Mailed check,71,48-72m,111.3,7985.9,6,0,0.030766247138808895,9
0402-CQAJN,Month-to-month,Fiber optic,Bank transfer (automatic),37,24-48m,101.9,3545.35,4,1,0.5123556330006804,3
6692-UDPJC,Month-to-month,Fiber optic,Electronic check,14,12-24m,91.65,1301.0,2,1,0.6066734500426971,2
1273-MTETI,Month-to-month,Fiber optic,Electronic check,4,0-6m,88.85,372.45,2,1,0.823235522093654,1
0657-DOGUM,One year,DSL,Bank transfer (automatic),48,48-72m,60.6,2985.25,2,0,0.03796602745245,8
5480-HPRRX,Month-to-month,DSL,Electronic check,3,0-6m,25.3,77.75,0,1,0.5733789435097505,2
8792-AOROI,Two year,DSL,Mailed check,8,6-12m,65.5,564.35,3,0,0.05361334458188761,8
0295-PPHDO,Month-to-month,Fiber optic,Electronic check,1,0-6m,95.45,95.45,2,1,0.8481280975446543,1
5146-YYFRZ,Two year,No,Bank transfer (automatic),67,48-72m,19.95,1311.75,0,0,0.005927838702271173,10
1195-OIYEJ,Month-to-month,Fiber optic,Electronic check,13,12-24m,91.1,1135.7,2,1,0.7334474358653624,1
5906-CVLHP,One year,DSL,Credit card (automatic),45,24-48m,54.15,2319.8,2,1,0.038049528202691474,8
3452-SRFEG,Month-to-month,Fiber optic,Bank transfer (automatic),49,48-72m,74.6,3720.35,0,0,0.29633666744651393,4
4070-OKWVH,Month-to-month,Fiber optic,Bank transfer (automatic),52,48-72m,94.6,5025.8,3,0,0.23443876844417752,5
5297-MDOIR,One year,Fiber optic,Credit card (automatic),63,48-72m,81.15,5224.5,2,0,0.05676527502033937,8
6369-MCAKO,Two year,DSL,Bank transfer (automatic),68,48-72m,89.05,6185.8,6,0,0.015385201853107813,9
4926-UMJZD,Month-to-month,DSL,Mailed check,31,24-48m,49.2,1498.55,1,0,0.13629678951524285,6
6848-HJTXY,Two year,No,Credit card (automatic),64,48-72m,19.45,1208.6,0,0,0.006294439372538581,10
6341-AEVKX,One year,Fiber optic,Electronic check,62,48-72m,104.3,6613.65,5,0,0.10707921492472587,7
4501-EQDRN,Month-to-month,Fiber optic,Bank transfer (automatic),1,0-6m,69.7,69.7,0,1,0.5283435609145466,3
2990-HWIML,Month-to-month,Fiber optic,Electronic check,6,6-12m,89.5,573.3,2,1,0.7835388763761671,1
0682-USIXD,Month-to-month,Fiber optic,Electronic check,21,12-24m,86.05,1818.9,2,0,0.5176121417970894,3
6976-BWGLQ,Two year,No,Bank transfer (automatic),72,72m+,25.2,1787.35,0,0,0.005326942736711469,10
7078-NVFAM,Month-to-month,DSL,Electronic check,32,24-48m,35.15,1051.05,2,0,0.22810690744011117,5
8065-QBYTO,One year,Fiber optic,Credit card (automatic),71,48-72m,99.65,7181.25,4,0,0.07103270078577804,7
2133-TSRRM,Month-to-month,Fiber optic,Bank transfer (automatic),34,24-48m,105.35,3688.6,5,0,0.32462786113077036,4
7384-GHBPI,Month-to-month,DSL,Electronic check,3,0-6m,35.15,99.75,1,1,0.644678097642617,2
7603-USHJS,Month-to-month,Fiber optic,Credit card (automatic),12,12-24m,73.75,871.4,0,1,0.5687144716013779,2
7234-FECYN,Month-to-month,Fiber optic,Electronic check,8,6-12m,101.35,780.5,3,1,0.7874963255831938,1
2511-ALLCS,Two year,No,Bank transfer (automatic),35,24-48m,24.3,821.6,0,0,0.018652255825894273,9
3191-CSNMG,Month-to-month,Fiber optic,Electronic check,3,0-6m,80.7,239.45,1,0,0.709914343882769,1
7952-OBOYL,Month-to-month,Fiber optic,Mailed check,3,0-6m,89.85,244.45,3,0,0.578485343642819,2
7470-DYNOE,One year,DSL,Electronic check,53,48-72m,61.1,3357.9,2,0,0.09538190704845471,7
7853-OETYL,Month-to-month,DSL,Electronic check,4,0-6m,29.05,129.6,1,0,0.4955445277561489,3
1545-ACTAS,One year,Fiber optic,Bank transfer (automatic),48,48-72m,99.7,4977.2,4,0,0.1317922977031073,6
5876-HZVZM,Month-to-month,DSL,Credit card (automatic),6,6-12m,55.9,365.35,2,1,0.1671809550020851,6
1400-MMYXY,Month-to-month,Fiber optic,Electronic check,3,0-6m,105.9,334.65,4,1,0.8420905448792599,1
5126-RCXYW,Two year,DSL,Credit card (automatic),54,48-72m,46.0,2424.05,3,0,0.02354940880819028,9
3085-QUOZK,Month-to-month,DSL,Mailed check,1,0-6m,43.95,43.95,0,1,0.32191403860054424,4
2363-BJLSL,Month-to-month,DSL,Bank transfer (automatic),62,48-72m,80.4,4981.15,5,0,0.08365506566666737,7
1956-YIFGE,One year,Fiber optic,Mailed check,22,12-24m,100.05,2090.25,4,0,0.3219715268018012,4
3926-CUQZX,Month-to-month,DSL,Bank transfer (automatic),1,0-6m,45.1,45.1,0,1,0.39595959469790987,3
7921-LMDFQ,One year,Fiber optic,Bank transfer (automatic),51,48-72m,94.0,4905.75,3,0,0.23744936871387531,5
2925-MXLSX,One year,DSL,Credit card (automatic),30,24-48m,68.95,2038.7,3,0,0.1730156147478055,6
5820-PTRYM,One year,DSL,Credit card (automatic),56,48-72m,68.45,4014.0,4,0,0.034891900538477544,8
9609-BENEA,One year,DSL,Electronic check,35,24-48m,69.0,2441.7,3,0,0.15070753177353183,6
6211-WHMYA,Month-to-month,DSL,Electronic check,64,48-72m,43.85,2751.0,3,0,0.18151208194712268,5
4459-BBGHE,Month-to-month,DSL,Electronic check,30,24-48m,44.5,1307.8,2,0,0.4860287258950249,3
9945-PSVIP,Two year,No,Mailed check,25,24-48m,18.7,383.65,0,0,0.02768276298045778,9
1041-RXHRA,Month-to-month,Fiber optic,Bank transfer (automatic),41,24-48m,70.25,2868.05,0,1,0.22345350305854644,5
1750-CSKKM,Month-to-month,DSL,Electronic check,9,6-12m,55.35,449.75,1,1,0.39139689438707975,3
9108-EJFJP,Month-to-month,DSL,Mailed check,1,0-6m,53.55,53.55,2,0,0.28594446646405,4
0530-IJVDB,Two year,Fiber optic,Electronic check,70,48-72m,114.6,7882.5,6,0,0.05436076878355269,8
0508-SQWPL,Two year,No,Bank transfer (automatic),57,48-72m,20.1,1087.7,0,0,0.009332305354456777,10
2215-ZAFGX,Month-to-month,Fiber optic,Electronic check,9,6-12m,85.5,791.7,1,0,0.7699102582663737,1
8213-TAZPM,One year,Fiber optic,Bank transfer (automatic),69,48-72m,108.75,7493.05,5,0,0.0863796146728755,7
7142-HVGBG,Month-to-month,Fiber optic,Electronic check,43,24-48m,103.0,4414.3,4,1,0.5982475635129186,2
1304-SEGFY,Two year,Fiber optic,Electronic check,72,72m+,97.85,6841.3,3,0,0.11897442414916337,6
7242-EDTYC,Two year,No,Bank transfer (automatic),44,24-48m,19.55,819.95,0,0,0.011150213928442638,10
2904-GGUAZ,Two year,Fiber optic,Bank transfer (automatic),72,72m+,84.05,6052.25,2,0,0.030792858642735704,9
8267-ZNYVZ,One year,Fiber optic,Electronic check,33,24-48m,103.75,3361.05,5,1,0.24381297188919396,5
5136-GFPMB,Month-to-month,Fiber optic,Credit card (automatic),54,48-72m,89.4,4869.5,2,0,0.2436030781137892,5
2595-KIWPV,Two year,No,Credit card (automatic),27,24-48m,19.7,509.3,0,0,0.01995119870582857,9
5243-SAOTC,Month-to-month,Fiber optic,Bank transfer (automatic),54,48-72m,79.85,4308.25,1,0,0.24506256258074738,5
9398-MMQTO,Month-to-month,Fiber optic,Credit card (automatic),3,0-6m,74.45,221.1,1,0,0.4971565376998395,3
7619-PLRLP,One year,DSL,Bank transfer (automatic),53,48-72m,74.1,3833.95,4,0,0.03839321132385201,8
6457-GIRWB,Month-to-month,Fiber optic,Electronic check,1,0-6m,69.35,69.35,0,1,0.7117632407851684,1
6508-NJYRO,One year,No,Mailed check,15,12-24m,18.8,294.95,0,0,0.05548480442788238,8
1450-SKCVI,Month-to-month,Fiber optic,Electronic check,56,48-72m,73.85,4092.85,1,1,0.26492629086187336,5
4710-NKCAW,Month-to-month,DSL,Credit card (automatic),5,0-6m,64.4,316.9,3,0,0.16737582009968832,6
5306-BVTKJ,One year,DSL,Credit card (automatic),48,48-72m,55.8,2651.2,2,0,0.04577533725399119,8
0357-NVCRI,Month-to-month,No,Credit card (automatic),25,24-48m,20.05,471.7,0,0,0.0732732169002401,7
5570-PTWEH,Month-to-month,Fiber optic,Credit card (automatic),3,0-6m,75.15,216.75,0,1,0.6495261698925683,2
2371-KFUOG,One year,Fiber optic,Bank transfer (automatic),58,48-72m,99.15,5720.95,4,0,0.08349906956865377,7
0463-ZSDNT,Month-to-month,DSL,Bank transfer (automatic),10,6-12m,56.75,503.25,1,0,0.3720938436360964,4
6502-MJQAE,Month-to-month,Fiber optic,Electronic check,1,0-6m,69.6,69.6,0,1,0.7105210240109009,1
6257-DTAYD,Two year,Fiber optic,Credit card (automatic),71,48-72m,104.15,7365.3,4,0,0.05554512240137598,8
4616-ULAOA,Two year,Fiber optic,Credit card (automatic),65,48-72m,110.8,7245.9,5,0,0.055147850164214834,8
7693-LCKZL,Month-to-month,Fiber optic,Electronic check,5,0-6m,80.15,385.0,1,1,0.6749762329152206,1
7746-AWNQW,Month-to-month,DSL,Mailed check,28,24-48m,35.75,961.4,2,0,0.22318675521040549,5
5996-EBTKM,Two year,DSL,Bank transfer (automatic),67,48-72m,69.9,4615.9,3,0,0.01785397625990189,9
2758-RNWXS,One year,Fiber optic,Electronic check,35,24-48m,89.2,3251.3,3,0,0.19397369512294105,5
2314-TNDJQ,Two year,DSL,Credit card (automatic),72,72m+,55.65,3880.05,5,0,0.008386359144029309,10
2405-LBMUW,One year,DSL,Bank transfer (automatic),61,48-72m,50.7,3088.75,4,0,0.03025330983384531,9
3454-JFUBC,Two year,No,Credit card (automatic),68,48-72m,20.0,1396.0,0,0,0.010227699386657553,10
0032-PGELS,Month-to-month,DSL,Bank transfer (automatic),1,0-6m,30.5,30.5,1,1,0.29308884559772486,4
9039-ZVJDC,Month-to-month,No,Mailed check,3,0-6m,19.1,53.05,0,0,0.21269315598759445,5
6797-LNAQX,Two year,Fiber optic,Bank transfer (automatic),70,48-72m,98.3,6859.5,3,1,0.05034552559575398,8
9013-AQORL,Month-to-month,DSL,Credit card (automatic),48,48-72m,45.55,2108.35,3,0,0.13375685977832544,6
2898-MRKPI,One year,Fiber optic,Credit card (automatic),68,48-72m,101.05,6770.5,3,0,0.12150233108618697,6
2750-BJLSB,One year,Fiber optic,Electronic check,47,24-48m,103.7,4730.6,5,0,0.1784840928607927,5
3648-GZPHF,One year,DSL,Mailed check,32,24-48m,36.25,1151.05,2,0,0.08918098744137758,7
2075-RMJIK,Month-to-month,DSL,Mailed check,5,0-6m,49.4,232.55,1,0,0.24402478448123352,5
9588-YRFHY,Two year,No,Credit card (automatic),49,48-72m,19.9,1022.6,0,0,0.015566679581848564,9
6394-MFYNG,Month-to-month,Fiber optic,Bank transfer (automatic),48,48-72m,107.4,5121.3,4,1,0.3884780627081738,4
1564-NTYXF,Month-to-month,Fiber optic,Electronic check,13,12-24m,82.0,1127.2,1,1,0.786415348850561,1
9364-YKUVW,Month-to-month,No,Mailed check,15,12-24m,19.8,309.4,0,0,0.15065751685292225,6
5392-AKEMH,Month-to-month,DSL,Electronic check,12,12-24m,45.05,523.1,0,0,0.4121249201034847,3
2451-YMUXS,Two year,DSL,Bank transfer (automatic),67,48-72m,64.55,4250.1,3,0,0.01433362951684341,10
3914-FDRHP,Month-to-month,Fiber optic,Electronic check,9,6-12m,86.25,770.5,2,0,0.5494634873388701,2
3078-ZKNTS,Two year,No,Bank transfer (automatic),13,12-24m,19.75,246.7,0,0,0.04007889276669919,8
1024-KPRBB,One year,Fiber optic,Mailed check,38,24-48m,89.1,3342.0,2,0,0.28304447858343224,4
4690-PKDQG,Month-to-month,Fiber optic,Electronic check,42,24-48m,95.55,3930.6,3,0,0.5320364553921312,3
8155-IBNHG,Month-to-month,Fiber optic,Credit card (automatic),24,24-48m,75.4,1747.85,0,1,0.4761035045706394,3
0886-QGENL,Month-to-month,Fiber optic,Electronic check,27,24-48m,101.25,2754.45,4,1,0.5722161848877961,2
9547-ITEFG,Month-to-month,Fiber optic,Credit card (automatic),9,6-12m,102.6,897.75,4,0,0.6847018227228706,1
1264-FUHCX,One year,DSL,Credit card (automatic),49,48-72m,56.3,2780.6,4,0,0.09690383041679236,7
7789-CRUVC,Month-to-month,Fiber optic,Credit card (automatic),61,48-72m,94.2,5895.45,4,0,0.12719596300715513,6
6598-KELSS,One year,DSL,Bank transfer (automatic),50,48-72m,43.05,2208.05,3,0,0.07374051225141379,7
8739-WWKDU,Month-to-month,Fiber optic,Electronic check,25,24-48m,89.5,2196.15,2,1,0.6950570811649612,1
8685-WHQPW,Month-to-month,Fiber optic,Bank transfer (automatic),22,12-24m,74.4,1692.6,0,1,0.565799411398358,2
4745-LSPLO,Month-to-month,No,Mailed check,1,0-6m,20.5,20.5,0,1,0.16502539495426605,6
8083-YTZES,Month-to-month,Fiber optic,Electronic check,4,0-6m,74.35,265.35,0,1,0.7486373818960224,1
7240-FQLHE,Month-to-month,Fiber optic,Bank transfer (automatic),18,12-24m,99.75,1836.25,3,1,0.5417175218924706,2
6664-FPDAC,One year,Fiber optic,Electronic check,56,48-72m,111.95,6418.9,5,1,0.24511573689197597,5
9972-VAFJJ,One year,Fiber optic,Electronic check,53,48-72m,94.0,4871.45,4,0,0.17396907943403034,6
0422-UXFAP,One year,Fiber optic,Electronic check,51,48-72m,98.85,4947.55,3,0,0.3251861225034632,4
1904-WAJAA,Two year,DSL,Electronic check,24,24-48m,64.35,1558.65,3,0,0.057701652881077224,8
5130-YPIRV,Two year,DSL,Credit card (automatic),62,48-72m,72.0,4284.2,4,0,0.01741729766156681,9
2843-CQMEG,Month-to-month,DSL,Mailed check,24,24-48m,49.7,1218.25,1,0,0.21804943593282988,5
6439-PKTRR,Two year,DSL,Electronic check,70,48-72m,80.7,5617.95,5,0,0.011917210600254056,10
5351-QESIO,Month-to-month,DSL,Mailed check,1,0-6m,24.2,24.2,0,0,0.3980186390474713,3
0786-VSSUD,Month-to-month,DSL,Mailed check,16,12-24m,39.0,679.85,2,1,0.5053894909575053,3
5568-DMXZS,Month-to-month,DSL,Electronic check,8,6-12m,65.45,554.45,3,0,0.41079293702286884,3
8468-FZTOE,Two year,DSL,Electronic check,72,72m+,74.35,5237.4,5,0,0.011368509640408087,10
6633-SYEUS,Month-to-month,Fiber optic,Bank transfer (automatic),23,12-24m,83.2,2032.3,3,0,0.2579918037203571,5
6447-GORXK,Month-to-month,DSL,Credit card (automatic),31,24-48m,25.0,789.2,0,0,0.19536295807485304,5
6967-PEJLL,One year,DSL,Electronic check,37,24-48m,40.2,1525.35,3,0,0.08388818096283325,7
3976-BWUCK,Month-to-month,Fiber optic,Credit card (automatic),30,24-48m,94.1,2804.45,3,1,0.4021537038115848,3
5981-ZVXOT,One year,Fiber optic,Electronic check,35,24-48m,108.35,3726.15,5,0,0.416047374124747,3
1684-FLBGS,Month-to-month,DSL,Credit card (automatic),23,12-24m,69.5,1652.1,3,0,0.23339603881252613,5
1389-WNUIB,One year,DSL,Bank transfer (automatic),20,12-24m,76.0,1588.75,3,0,0.13225056802426038,6
0376-OIWME,Month-to-month,Fiber optic,Electronic check,36,24-48m,93.6,3366.05,3,0,0.4648143139161097,3
3585-ISXZP,Month-to-month,Fiber optic,Bank transfer (automatic),8,6-12m,95.65,778.1,2,1,0.6676626622818566,1
0218-QNVAS,One year,Fiber optic,Bank transfer (automatic),71,48-72m,100.55,7113.75,3,0,0.08050534854199244,7
6583-QGCSI,Month-to-month,Fiber optic,Electronic check,50,48-72m,88.05,4367.35,2,1,0.4856834867882994,3
0804-YGEQV,One year,No,Bank transfer (automatic),43,24-48m,24.45,993.15,0,0,0.035569958599157604,8
7164-BPTUT,Two year,DSL,Mailed check,57,48-72m,89.55,5012.35,6,0,0.016687984894669668,9
4174-LPGTI,One year,DSL,Bank transfer (automatic),41,24-48m,66.5,2728.6,3,1,0.05054916336171519,8
2523-EWWZL,Month-to-month,Fiber optic,Electronic check,27,24-48m,76.1,2093.4,1,0,0.45654033856352655,3
0928-XUTSN,Month-to-month,Fiber optic,Electronic check,13,12-24m,80.5,1011.8,1,0,0.6713293109525581,1
2108-XWMPY,Month-to-month,DSL,Mailed check,3,0-6m,35.45,106.85,2,1,0.38471961786180525,4
0052-YNYOT,One year,No,Electronic check,67,48-72m,20.55,1343.4,0,0,0.016129166144791412,9
6304-IJFSQ,Month-to-month,DSL,Mailed check,3,0-6m,49.9,130.1,1,1,0.3600058395773413,4
9586-JGQKH,Two year,Fiber optic,Bank transfer (automatic),64,48-72m,105.4,6794.75,4,0,0.06595571789727254,7
4501-VCPFK,Month-to-month,DSL,Electronic check,26,24-48m,35.75,1022.5,2,0,0.2525031717190989,5
6075-SLNIL,Month-to-month,Fiber optic,Credit card (automatic),38,24-48m,95.1,3691.2,3,0,0.41297076572984365,3
9347-AERRL,One year,No,Credit card (automatic),23,12-24m,19.3,486.2,0,0,0.0435676333043293,8
0093-XWZFY,Month-to-month,Fiber optic,Credit card (automatic),40,24-48m,104.5,4036.85,4,1,0.4770206158390873,3
2274-XUATA,Two year,DSL,Bank transfer (automatic),72,72m+,63.1,4685.55,6,0,0.02383957885351803,9
1980-KXVPM,Month-to-month,Fiber optic,Credit card (automatic),3,0-6m,75.05,256.25,0,1,0.7131436677515824,1
7703-ZEKEF,Month-to-month,Fiber optic,Electronic check,23,12-24m,81.0,1917.1,1,1,0.5960603909669442,2
0723-DRCLG,Month-to-month,Fiber optic,Electronic check,1,0-6m,74.45,74.45,0,1,0.7910158069228739,1
5482-NUPNA,Month-to-month,DSL,Mailed check,4,0-6m,60.4,272.15,3,1,0.20707570342768597,5
6691-CCIHA,Two year,DSL,Electronic check,62,48-72m,84.95,5150.55,5,0,0.03314568552996625,8
1685-BQULA,Month-to-month,Fiber optic,Bank transfer (automatic),40,24-48m,93.4,3756.4,3,0,0.4183378365161187,3
9053-EJUNL,Month-to-month,Fiber optic,Electronic check,41,24-48m,89.2,3645.75,2,0,0.5191242752039014,3
0666-UXTJO,Month-to-month,Fiber optic,Credit card (automatic),34,24-48m,85.2,2874.45,2,0,0.447701695310713,3
1471-GIQKQ,Month-to-month,DSL,Electronic check,1,0-6m,49.95,49.95,1,0,0.39779444916837625,3
4807-IZYOZ,Two year,No,Bank transfer (automatic),51,48-72m,20.65,1020.75,0,0,0.00994447078109834,10
1122-JWTJW,Month-to-month,Fiber optic,Mailed check,1,0-6m,70.65,70.65,0,1,0.5524119367725984,2
9710-NJERN,Two year,No,Mailed check,39,24-48m,20.15,826.0,0,0,0.014928941259612007,9
9837-FWLCH,Month-to-month,No,Electronic check,12,12-24m,19.2,239.0,0,0,0.19861250038846126,5
1699-HPSBG,One year,DSL,Electronic check,12,12-24m,59.8,727.8,2,1,0.2494075228970493,5
7203-OYKCT,One year,Fiber optic,Electronic check,72,72m+,104.95,7544.3,4,0,0.18630756512879754,5
1035-IPQPU,Month-to-month,Fiber optic,Electronic check,63,48-72m,103.5,6479.4,4,0,0.4287755868610387,3
7398-LXGYX,Month-to-month,Fiber optic,Credit card (automatic),44,24-48m,84.8,3626.35,2,0,0.24197880991859436,5
2823-LKABH,Month-to-month,Fiber optic,Bank transfer (automatic),18,12-24m,95.05,1679.4,3,0,0.5072982347993452,3
8775-CEBBJ,Month-to-month,DSL,Bank transfer (automatic),9,6-12m,44.2,403.35,0,1,0.33855777510713086,4
0550-DCXLH,Month-to-month,DSL,Mailed check,13,12-24m,73.35,931.55,4,0,0.26447694636416397,5
9281-CEDRU,Two year,DSL,Bank transfer (automatic),68,48-72m,64.1,4326.25,3,0,0.010966345202566568,10
2235-DWLJU,Month-to-month,DSL,Electronic check,6,6-12m,44.4,263.05,2,0,0.7533853915525657,1
0871-OPBXW,Month-to-month,No,Mailed check,2,0-6m,20.05,39.25,0,0,0.214484804907021,5
3605-JISKB,One year,DSL,Credit card (automatic),55,48-72m,60.0,3316.1,2,0,0.03592149311214514,8
6894-LFHLY,Month-to-month,Fiber optic,Electronic check,1,0-6m,75.75,75.75,0,1,0.7981361168769677,1
9767-FFLEM,Month-to-month,Fiber optic,Credit card (automatic),38,24-48m,69.5,2625.25,0,0,0.3190380263630569,4
0639-TSIQW,Month-to-month,Fiber optic,Credit card (automatic),67,48-72m,102.95,6886.25,4,1,0.15572445182419442,6
8456-QDAVC,Month-to-month,Fiber optic,Bank transfer (automatic),19,12-24m,78.7,1495.1,1,0,0.5474842319651413,2
7750-EYXWZ,One year,DSL,Electronic check,12,12-24m,60.65,743.3,5,0,0.2990470560839946,4
2569-WGERO,Two year,No,Bank transfer (automatic),72,72m+,21.15,1419.4,0,0,0.006871720040663212,10
6840-RESVB,One year,DSL,Mailed check,24,24-48m,84.8,1990.5,5,0,0.1165748094532808,6
2234-XADUH,One year,Fiber optic,Credit card (automatic),72,72m+,103.2,7362.9,4,0,0.11234396225460669,7
4801-JZAZL,Month-to-month,DSL,Electronic check,11,6-12m,29.6,346.45,1,0,0.3981643904307126,3
8361-LTMKD,Month-to-month,Fiber optic,Mailed check,4,0-6m,74.4,306.6,0,1,0.6879978633242001,1
3186-AJIEK,Two year,Fiber optic,Bank transfer (automatic),66,48-72m,105.65,6844.5,5,0,0.037727992990146474,8
